start,open,high,low,close,volume
2025-11-13 20:30:00+00:00,1.7400000095367432,1.75,1.7300000190734863,1.7300000190734863,28398893.0
2025-11-14 14:30:00+00:00,2.059999942779541,3.1050000190734863,1.8901000022888184,2.9900999069213867,58458813.0
2025-11-14 15:30:00+00:00,2.9900999069213867,3.549999952316284,2.700000047683716,3.3701000213623047,40843112.0
2025-11-14 16:30:00+00:00,3.3798999786376953,3.5299999713897705,3.0,3.157900094985962,33152773.0
2025-11-14 17:30:00+00:00,3.1549999713897705,3.3199000358581543,2.9100000858306885,3.299999952316284,16715856.0
2025-11-14 18:30:00+00:00,3.305000066757202,3.440000057220459,2.7100000381469727,2.819999933242798,22574215.0
2025-11-14 19:30:00+00:00,2.8199000358581543,2.9298999309539795,2.569999933242798,2.671299934387207,9742507.0
2025-11-14 20:30:00+00:00,2.680000066757202,2.799999952316284,2.5199999809265137,2.740000009536743,4921012.0
2025-11-17 14:30:00+00:00,3.0399999618530273,3.3499999046325684,2.799999952316284,3.234999895095825,29164936.0
2025-11-17 15:30:00+00:00,3.240000009536743,3.299999952316284,3.009999990463257,3.221299886703491,8733485.0
2025-11-17 16:30:00+00:00,3.2227001190185547,3.4200000762939453,3.0,3.0160999298095703,7033874.0
2025-11-17 17:30:00+00:00,3.0,3.0299999713897705,2.5399999618530273,2.634999990463257,8221291.0
2025-11-17 18:30:00+00:00,2.649899959564209,2.6798999309539795,2.4700000286102295,2.5576999187469482,3466348.0
2025-11-17 19:30:00+00:00,2.5543999671936035,2.680000066757202,2.5299999713897705,2.609999895095825,1826027.0
2025-11-17 20:30:00+00:00,2.6089000701904297,2.6600000858306885,2.4000000953674316,2.430000066757202,1598408.0
2025-11-18 14:30:00+00:00,2.25,2.549999952316284,2.240000009536743,2.3499999046325684,3516938.0
2025-11-18 15:30:00+00:00,2.349900007247925,2.589900016784668,2.299999952316284,2.575000047683716,1601977.0
2025-11-18 16:30:00+00:00,2.575000047683716,2.799999952316284,2.569999933242798,2.6449999809265137,3308554.0
2025-11-18 17:30:00+00:00,2.6401000022888184,2.890000104904175,2.5701000690460205,2.759999990463257,2694230.0
2025-11-18 18:30:00+00:00,2.755199909210205,2.9800000190734863,2.75,2.9749999046325684,2077116.0
2025-11-18 19:30:00+00:00,2.9800000190734863,3.0899999141693115,2.9200000762939453,3.0199999809265137,3448666.0
2025-11-18 20:30:00+00:00,3.0199999809265137,3.069999933242798,2.9000000953674316,2.9600000381469727,1726142.0
2025-11-19 14:30:00+00:00,3.1649999618530273,3.180000066757202,2.7207000255584717,2.9600000381469727,5205303.0
2025-11-19 15:30:00+00:00,2.950000047683716,3.3698999881744385,2.7799999713897705,2.8301000595092773,5900777.0
2025-11-19 16:30:00+00:00,2.831199884414673,2.9000000953674316,2.700000047683716,2.799999952316284,3659199.0
2025-11-19 17:30:00+00:00,2.7899999618530273,3.0,2.7799999713897705,2.960099935531616,1961562.0
2025-11-19 18:30:00+00:00,2.9688000679016113,3.109999895095825,2.869999885559082,3.0987000465393066,2475295.0
2025-11-19 19:30:00+00:00,3.0915000438690186,3.2899999618530273,3.049999952316284,3.139899969100952,3523157.0
2025-11-19 20:30:00+00:00,3.134999990463257,3.184999942779541,2.9200000762939453,2.944999933242798,2539640.0
2025-11-20 14:30:00+00:00,3.140000104904175,3.240000009536743,2.799999952316284,3.0799999237060547,6453166.0
2025-11-20 15:30:00+00:00,3.0725998878479004,3.1700000762939453,2.977099895477295,3.0250000953674316,1697026.0
2025-11-20 16:30:00+00:00,3.021199941635132,3.1698999404907227,2.880000114440918,3.1050000190734863,1725887.0
2025-11-20 17:30:00+00:00,3.119999885559082,3.5399999618530273,3.0999999046325684,3.3101000785827637,5423099.0
2025-11-20 18:30:00+00:00,3.315000057220459,3.699899911880493,3.25,3.494999885559082,6455852.0
2025-11-20 19:30:00+00:00,3.490000009536743,3.5899999141693115,3.059999942779541,3.110100030899048,3333483.0
2025-11-20 20:30:00+00:00,3.1185998916625977,3.1600000858306885,2.949899911880493,2.9549999237060547,1939049.0
2025-11-21 14:30:00+00:00,2.890000104904175,2.9200000762939453,2.4600000381469727,2.467600107192993,7154705.0
2025-11-21 15:30:00+00:00,2.4600000381469727,2.4700000286102295,2.200000047683716,2.20989990234375,2609203.0
2025-11-21 16:30:00+00:00,2.2100000381469727,2.4200000762939453,2.1700000762939453,2.390000104904175,2254670.0
2025-11-21 17:30:00+00:00,2.390000104904175,2.4000000953674316,2.240000009536743,2.289900064468384,1224208.0
2025-11-21 18:30:00+00:00,2.2878000736236572,2.5,2.2699999809265137,2.4100000858306885,1394780.0
2025-11-21 19:30:00+00:00,2.413300037384033,2.509999990463257,2.390000104904175,2.4298999309539795,1437233.0
2025-11-21 20:30:00+00:00,2.411799907684326,2.430000066757202,2.2699999809265137,2.277600049972534,1182410.0
2025-11-24 14:30:00+00:00,2.305000066757202,2.440000057220459,2.1700000762939453,2.2202999591827393,2689932.0
2025-11-24 15:30:00+00:00,2.2298998832702637,2.309999942779541,2.180000066757202,2.23009991645813,819780.0
2025-11-24 16:30:00+00:00,2.234100103378296,2.240000009536743,1.8799999952316284,1.9997999668121338,2950047.0
2025-11-24 17:30:00+00:00,1.993399977684021,2.0897998809814453,1.9800000190734863,2.015000104904175,1566303.0
2025-11-24 18:30:00+00:00,2.012500047683716,2.0299999713897705,1.951799988746643,1.9900000095367432,657652.0
2025-11-24 19:30:00+00:00,2.0,2.0,1.8200000524520874,1.8450000286102295,1658079.0
2025-11-24 20:30:00+00:00,1.8450000286102295,1.8799999952316284,1.75,1.8250000476837158,1394457.0
2025-11-25 14:30:00+00:00,1.6799999475479126,1.7200000286102295,1.5,1.5399999618530273,4215789.0
2025-11-25 15:30:00+00:00,1.5449999570846558,1.6180000305175781,1.5200999975204468,1.570099949836731,731951.0
2025-11-25 16:30:00+00:00,1.5750000476837158,1.5999000072479248,1.4500000476837158,1.557800054550171,1181147.0
2025-11-25 17:30:00+00:00,1.5499999523162842,1.587499976158142,1.4943000078201294,1.534999966621399,705826.0
2025-11-25 18:30:00+00:00,1.5377000570297241,1.5865999460220337,1.440000057220459,1.5680999755859375,791030.0
2025-11-25 19:30:00+00:00,1.5600999593734741,1.5800000429153442,1.4903000593185425,1.5232000350952148,623466.0
2025-11-25 20:30:00+00:00,1.531999945640564,1.5399999618530273,1.4700000286102295,1.4950000047683716,768148.0
2025-11-26 14:30:00+00:00,1.6399999856948853,1.7999999523162842,1.4800000190734863,1.5082999467849731,4622624.0
2025-11-26 15:30:00+00:00,1.5049999952316284,1.6200000047683716,1.5049999952316284,1.5706000328063965,1034564.0
2025-11-26 16:30:00+00:00,1.5779000520706177,1.7450000047683716,1.5779000520706177,1.6698999404907227,1801045.0
2025-11-26 17:30:00+00:00,1.6699999570846558,1.7200000286102295,1.6399999856948853,1.6698999404907227,970271.0
2025-11-26 18:30:00+00:00,1.6698999404907227,1.6698999404907227,1.5700000524520874,1.6299999952316284,866997.0
2025-11-26 19:30:00+00:00,1.6200000047683716,1.7100000381469727,1.6100000143051147,1.7050000429153442,628959.0
2025-11-26 20:30:00+00:00,1.7050000429153442,1.7599999904632568,1.649999976158142,1.7000000476837158,956305.0
2025-11-28 14:30:00+00:00,1.649999976158142,1.7400000095367432,1.6100000143051147,1.6749999523162842,1543449.0
2025-11-28 15:30:00+00:00,1.687999963760376,1.690000057220459,1.625,1.6473000049591064,468361.0
2025-11-28 16:30:00+00:00,1.649999976158142,1.6680999994277954,1.590000033378601,1.5950000286102295,375620.0
2025-11-28 17:30:00+00:00,,,,,
2025-11-28 18:00:00+00:00,1.5950000286102295,1.6190999746322632,1.5299999713897705,1.559999942779541,0.0
2025-12-01 14:30:00+00:00,1.350000023841858,1.4800000190734863,1.3200000524520874,1.3300000429153442,2255377.0
2025-12-01 15:30:00+00:00,1.3300000429153442,1.3598999977111816,1.284999966621399,1.2999999523162842,1587228.0
2025-12-01 16:30:00+00:00,1.309999942779541,1.3300000429153442,1.2599999904632568,1.2770999670028687,0.0
2025-12-01 17:30:00+00:00,1.274999976158142,1.2899999618530273,1.2450000047683716,1.2699999809265137,447422.0
2025-12-01 18:30:00+00:00,1.2699999809265137,1.274999976158142,1.2200000286102295,1.2299000024795532,742394.0
2025-12-01 19:30:00+00:00,1.2200000286102295,1.2549999952316284,1.2000000476837158,1.2295000553131104,1040345.0
2025-12-01 20:30:00+00:00,1.2300000190734863,1.25,1.2200000286102295,1.2400000095367432,517947.0
2025-12-02 14:30:00+00:00,1.2699999809265137,1.4299999475479126,1.2599999904632568,1.3650000095367432,3190771.0
2025-12-02 15:30:00+00:00,1.386299967765808,1.399999976158142,1.2800999879837036,1.2898999452590942,707067.0
2025-12-02 16:30:00+00:00,1.2898000478744507,1.340000033378601,1.2799999713897705,1.2999999523162842,502404.0
2025-12-02 17:30:00+00:00,1.3099000453948975,1.309999942779541,1.25,1.2549999952316284,1087226.0
2025-12-02 18:30:00+00:00,1.25,1.282099962234497,1.25,1.2549999952316284,1303093.0
2025-12-02 19:30:00+00:00,1.2549999952316284,1.2599999904632568,1.25,1.25,958613.0
2025-12-02 20:30:00+00:00,1.25,1.2599999904632568,1.1299999952316284,1.1799999475479126,2002849.0
2025-12-03 14:30:00+00:00,1.2000000476837158,1.2799999713897705,1.1100000143051147,1.1416000127792358,1306679.0
2025-12-03 15:30:00+00:00,1.131600022315979,1.2000000476837158,1.1299999952316284,1.1749999523162842,401829.0
2025-12-03 16:30:00+00:00,1.1749999523162842,1.25,1.1749999523162842,1.2400000095367432,426746.0
2025-12-03 17:30:00+00:00,1.2350000143051147,1.2999999523162842,1.221500039100647,1.2689000368118286,482576.0
2025-12-03 18:30:00+00:00,1.2599999904632568,1.309999942779541,1.2300000190734863,1.288599967956543,715285.0
2025-12-03 19:30:00+00:00,1.284999966621399,1.3300000429153442,1.25,1.284999966621399,865780.0
2025-12-03 20:30:00+00:00,1.2899999618530273,1.3200000524520874,1.2799999713897705,1.3049999475479126,562559.0
2025-12-04 14:30:00+00:00,1.25,1.3300000429153442,1.2100000381469727,1.2577999830245972,927933.0
2025-12-04 15:30:00+00:00,1.2799999713897705,1.4198999404907227,1.2300000190734863,1.3650000095367432,1182417.0
2025-12-04 16:30:00+00:00,1.367400050163269,1.3799999952316284,1.2799999713897705,1.3350000381469727,610775.0
2025-12-04 17:30:00+00:00,1.3350000381469727,1.3550000190734863,1.309999942779541,1.350000023841858,395454.0
2025-12-04 18:30:00+00:00,1.340000033378601,1.3700000047683716,1.25,1.274999976158142,555369.0
2025-12-04 19:30:00+00:00,1.274999976158142,1.2999999523162842,1.2400000095367432,1.2549999952316284,494814.0
2025-12-04 20:30:00+00:00,1.2515000104904175,1.2899999618530273,1.2300000190734863,1.2599999904632568,598163.0
2025-12-05 14:30:00+00:00,1.2999999523162842,1.3300000429153442,1.184999942779541,1.2007999420166016,1625881.0
2025-12-05 15:30:00+00:00,1.2050000429153442,1.2200000286102295,1.1500999927520752,1.1955000162124634,477151.0
2025-12-05 16:30:00+00:00,1.190000057220459,1.190000057220459,1.1399999856948853,1.1700999736785889,299736.0
2025-12-05 17:30:00+00:00,1.1759999990463257,1.190000057220459,1.159999966621399,1.1649999618530273,190868.0
2025-12-05 18:30:00+00:00,1.1699999570846558,1.1699999570846558,1.1299999952316284,1.149999976158142,243661.0
2025-12-05 19:30:00+00:00,1.159500002861023,1.159500002861023,1.1100000143051147,1.1399999856948853,369669.0
2025-12-05 20:30:00+00:00,1.1399999856948853,1.1497999429702759,1.100000023841858,1.1150000095367432,358602.0
2025-12-08 14:30:00+00:00,1.1943999528884888,1.3700000047683716,1.1799999475479126,1.2452000379562378,2645112.0
2025-12-08 15:30:00+00:00,1.2450000047683716,1.2799999713897705,1.190000057220459,1.274999976158142,1067777.0
2025-12-08 16:30:00+00:00,1.2799999713897705,1.2899999618530273,1.25,1.2604000568389893,768704.0
2025-12-08 17:30:00+00:00,1.2649999856948853,1.2949999570846558,1.25,1.2700999975204468,441092.0
2025-12-08 18:30:00+00:00,1.2699999809265137,1.2699999809265137,1.2100000381469727,1.23989999294281,429004.0
2025-12-08 19:30:00+00:00,1.23989999294281,1.2400000095367432,1.159999966621399,1.1799999475479126,511692.0
2025-12-08 20:30:00+00:00,1.183500051498413,1.2000999450683594,1.159999966621399,1.1699999570846558,342771.0
2025-12-09 14:30:00+00:00,1.159999966621399,1.2599999904632568,1.159999966621399,1.2199000120162964,1385465.0
2025-12-09 15:30:00+00:00,1.2161999940872192,1.5700000524520874,1.2158000469207764,1.4900000095367432,5895510.0
2025-12-09 16:30:00+00:00,1.489799976348877,1.659999966621399,1.4850000143051147,1.6292999982833862,4367004.0
2025-12-09 17:30:00+00:00,1.6246999502182007,1.649999976158142,1.5,1.6201000213623047,3087875.0
2025-12-09 18:30:00+00:00,1.6201000213623047,1.6699999570846558,1.559999942779541,1.590000033378601,1894281.0
2025-12-09 19:30:00+00:00,1.590000033378601,1.6100000143051147,1.5199999809265137,1.5950000286102295,1590202.0
2025-12-09 20:30:00+00:00,1.5950000286102295,1.6299999952316284,1.159999966621399,1.6050000190734863,4995815.0
2025-12-10 14:30:00+00:00,1.5800000429153442,1.6200000047683716,1.4850000143051147,1.4900000095367432,1687778.0
2025-12-10 15:30:00+00:00,1.4845000505447388,1.5499999523162842,1.4800000190734863,1.530900001525879,549426.0
2025-12-10 16:30:00+00:00,1.5399999618530273,1.5449999570846558,1.4500000476837158,1.48989999294281,531095.0
2025-12-10 17:30:00+00:00,1.4801000356674194,1.5099999904632568,1.440000057220459,1.4814000129699707,488857.0
2025-12-10 18:30:00+00:00,1.4850000143051147,1.5700000524520874,1.4801000356674194,1.4850000143051147,531862.0
2025-12-10 19:30:00+00:00,1.5099999904632568,1.559999942779541,1.4500000476837158,1.4500000476837158,743012.0
2025-12-10 20:30:00+00:00,1.4550000429153442,1.465000033378601,1.4299999475479126,1.4450000524520874,596290.0
2025-12-11 14:30:00+00:00,1.5399999618530273,1.600000023841858,1.409999966621399,1.440000057220459,1693812.0
2025-12-11 15:30:00+00:00,1.4299999475479126,1.4881000518798828,1.399999976158142,1.434999942779541,411980.0
2025-12-11 16:30:00+00:00,1.4300999641418457,1.5199999809265137,1.4299999475479126,1.499899983406067,350902.0
2025-12-11 17:30:00+00:00,1.4950000047683716,1.5299999713897705,1.4700000286102295,1.5149999856948853,332342.0
2025-12-11 18:30:00+00:00,1.5174000263214111,1.600000023841858,1.5017999410629272,1.5750000476837158,1013265.0
2025-12-11 19:30:00+00:00,1.5750000476837158,1.6100000143051147,1.5499999523162842,1.5700000524520874,587590.0
2025-12-11 20:30:00+00:00,1.5700000524520874,1.600000023841858,1.5399999618530273,1.5800000429153442,747564.0
2025-12-12 14:30:00+00:00,1.6399999856948853,1.649999976158142,1.5049999952316284,1.5199999809265137,1108309.0
2025-12-12 15:30:00+00:00,1.5253000259399414,1.531000018119812,1.4299999475479126,1.4600000381469727,1051683.0
2025-12-12 16:30:00+00:00,1.4600000381469727,1.4600000381469727,1.409999966621399,1.4499000310897827,525508.0
2025-12-12 17:30:00+00:00,1.4400999546051025,1.5499000549316406,1.440000057220459,1.5225000381469727,464077.0
2025-12-12 18:30:00+00:00,1.527999997138977,1.5299999713897705,1.4800000190734863,1.4900000095367432,179379.0
2025-12-12 19:30:00+00:00,1.4903000593185425,1.5,1.440000057220459,1.475000023841858,300495.0
2025-12-12 20:30:00+00:00,1.475000023841858,1.475000023841858,1.4199999570846558,1.440000057220459,169064.0
2025-12-15 14:30:00+00:00,1.409999966621399,1.4299999475479126,1.3300000429153442,1.3609999418258667,823703.0
2025-12-15 15:30:00+00:00,1.3650000095367432,1.3799999952316284,1.2999999523162842,1.3394999504089355,510637.0
2025-12-15 16:30:00+00:00,1.339900016784668,1.340000033378601,1.2699999809265137,1.2899999618530273,245500.0
2025-12-15 17:30:00+00:00,1.2898999452590942,1.2898999452590942,1.1799999475479126,1.215000033378601,688804.0
2025-12-15 18:30:00+00:00,1.2100000381469727,1.2400000095367432,1.2000000476837158,1.204200029373169,383077.0
2025-12-15 19:30:00+00:00,1.2000999450683594,1.2300000190734863,1.2000000476837158,1.2050000429153442,148061.0
2025-12-15 20:30:00+00:00,1.208899974822998,1.2200000286102295,1.1699999570846558,1.2009999752044678,308218.0
2025-12-16 14:30:00+00:00,1.159999966621399,1.2899999618530273,1.159999966621399,1.2200000286102295,837829.0
2025-12-16 15:30:00+00:00,1.2400000095367432,1.274999976158142,1.2300000190734863,1.274999976158142,470579.0
2025-12-16 16:30:00+00:00,1.277500033378601,1.2798999547958374,1.2300000190734863,1.2400000095367432,274253.0
2025-12-16 17:30:00+00:00,1.2450000047683716,1.2599999904632568,1.2200000286102295,1.2549999952316284,115594.0
2025-12-16 18:30:00+00:00,1.2599999904632568,1.2799999713897705,1.2200000286102295,1.2450000047683716,248031.0
2025-12-16 19:30:00+00:00,1.25,1.2799999713897705,1.2200000286102295,1.2200000286102295,171037.0
2025-12-16 20:30:00+00:00,1.222599983215332,1.2400000095367432,1.2142000198364258,1.2142000198364258,242865.0
2025-12-17 14:30:00+00:00,1.2000000476837158,1.2599999904632568,1.1699999570846558,1.1799999475479126,826519.0
2025-12-17 15:30:00+00:00,1.1794999837875366,1.1794999837875366,1.091599941253662,1.134600043296814,971719.0
2025-12-17 16:30:00+00:00,1.1349999904632568,1.1349999904632568,1.100000023841858,1.1299999952316284,263875.0
2025-12-17 17:30:00+00:00,1.1272000074386597,1.149999976158142,1.1101000308990479,1.113800048828125,262967.0
2025-12-17 18:30:00+00:00,1.114400029182434,1.1200000047683716,1.0499999523162842,1.0750000476837158,291679.0
2025-12-17 19:30:00+00:00,1.0750000476837158,1.0800000429153442,0.9333000183105469,0.9883000254631042,1013273.0
2025-12-17 20:30:00+00:00,0.9943000078201294,1.0199999809265137,0.9743000268936157,0.9810000061988831,352388.0
2025-12-18 14:30:00+00:00,1.0099999904632568,1.0700000524520874,0.9700000286102295,1.0149999856948853,796637.0
2025-12-18 15:30:00+00:00,1.01010000705719,1.024999976158142,0.984000027179718,1.000100016593933,212367.0
2025-12-18 16:30:00+00:00,1.0027999877929688,1.0199999809265137,0.9832000136375427,1.0149999856948853,310679.0
2025-12-18 17:30:00+00:00,1.0099999904632568,1.034999966621399,0.9602000117301941,0.9700999855995178,322094.0
2025-12-18 18:30:00+00:00,0.9836000204086304,0.993399977684021,0.9199000000953674,0.9395999908447266,410984.0
2025-12-18 19:30:00+00:00,0.9391000270843506,0.9398999810218811,0.8799999952316284,0.9326000213623047,512878.0
2025-12-18 20:30:00+00:00,0.9287999868392944,0.9455999732017517,0.9251000285148621,0.9308000206947327,211453.0
2025-12-19 14:30:00+00:00,1.024999976158142,1.1200000047683716,1.0,1.1024999618530273,6698552.0
2025-12-19 15:30:00+00:00,1.1024999618530273,1.1399999856948853,1.0700000524520874,1.090000033378601,0.0
2025-12-19 16:30:00+00:00,1.0950000286102295,1.1050000190734863,1.0800000429153442,1.0950000286102295,302172.0
2025-12-19 17:30:00+00:00,1.0950000286102295,1.159999966621399,1.0700000524520874,1.1399999856948853,708400.0
2025-12-19 18:30:00+00:00,1.1449999809265137,1.159999966621399,1.1200000047683716,1.149899959564209,737216.0
2025-12-19 19:30:00+00:00,1.1449999809265137,1.184999942779541,1.1399999856948853,1.1699999570846558,486540.0
2025-12-19 20:30:00+00:00,1.1649999618530273,1.309999942779541,1.149999976158142,1.2799999713897705,1858555.0
2025-12-22 14:30:00+00:00,1.2899999618530273,1.3179999589920044,1.2000000476837158,1.2000000476837158,1144918.0
2025-12-22 15:30:00+00:00,1.2200000286102295,1.2599999904632568,1.2000000476837158,1.2350000143051147,659276.0
2025-12-22 16:30:00+00:00,1.2400000095367432,1.2549999952316284,1.1699999570846558,1.2245999574661255,1016931.0
2025-12-22 17:30:00+00:00,1.2200000286102295,1.2200000286102295,1.149999976158142,1.1710000038146973,554951.0
2025-12-22 18:30:00+00:00,1.1754000186920166,1.190000057220459,1.159999966621399,1.1649999618530273,176462.0
2025-12-22 19:30:00+00:00,1.160099983215332,1.1649999618530273,1.100100040435791,1.1150000095367432,645991.0
2025-12-22 20:30:00+00:00,1.1100000143051147,1.1200000047683716,1.0700000524520874,1.1050000190734863,440218.0
2025-12-23 14:30:00+00:00,1.1100000143051147,1.159999966621399,1.0400999784469604,1.0736000537872314,684060.0
2025-12-23 15:30:00+00:00,1.0750999450683594,1.0795999765396118,1.0399999618530273,1.0478999614715576,325190.0
2025-12-23 16:30:00+00:00,1.0471999645233154,1.1299999952316284,1.0399999618530273,1.090000033378601,649839.0
2025-12-23 17:30:00+00:00,1.090000033378601,1.1399999856948853,1.090000033378601,1.1349999904632568,324140.0
2025-12-23 18:30:00+00:00,1.1299999952316284,1.149999976158142,1.1101000308990479,1.1101000308990479,314024.0
2025-12-23 19:30:00+00:00,1.1150000095367432,1.1198999881744385,1.100000023841858,1.1059999465942383,122759.0
2025-12-23 20:30:00+00:00,1.1044000387191772,1.1799999475479126,1.0800000429153442,1.1799999475479126,742544.0
2025-12-24 14:30:00+00:00,1.169800043106079,1.2100000381469727,1.100000023841858,1.2015000581741333,1054203.0
2025-12-24 15:30:00+00:00,1.2050000429153442,1.2300000190734863,1.149999976158142,1.149999976158142,693958.0
2025-12-24 16:30:00+00:00,1.1598999500274658,1.1799999475479126,1.1399999856948853,1.149999976158142,386293.0
2025-12-24 17:30:00+00:00,,,,,
2025-12-24 18:00:00+00:00,1.159999966621399,1.1799999475479126,1.149999976158142,1.149999976158142,0.0
2025-12-26 14:30:00+00:00,1.190000057220459,1.2200000286102295,1.1200000047683716,1.1399999856948853,574248.0
2025-12-26 15:30:00+00:00,1.1399999856948853,1.1469999551773071,1.1200000047683716,1.1299999952316284,145717.0
2025-12-26 16:30:00+00:00,1.1299999952316284,1.159999966621399,1.1200000047683716,1.159999966621399,270522.0
2025-12-26 17:30:00+00:00,1.159999966621399,1.1699999570846558,1.1402000188827515,1.1699999570846558,0.0
2025-12-26 18:30:00+00:00,1.1649999618530273,1.190000057220459,1.159999966621399,1.1603000164031982,106144.0
2025-12-26 19:30:00+00:00,1.1649999618530273,1.190000057220459,1.1500999927520752,1.1899000406265259,187321.0
2025-12-26 20:30:00+00:00,1.1825000047683716,1.2100000381469727,1.1799999475479126,1.2000000476837158,503682.0
2025-12-29 14:30:00+00:00,1.2799999713897705,1.309999942779541,1.2000000476837158,1.2300000190734863,3042801.0
2025-12-29 15:30:00+00:00,1.225000023841858,1.2599999904632568,1.2000000476837158,1.2350000143051147,440833.0
2025-12-29 16:30:00+00:00,1.2350000143051147,1.2350000143051147,1.1800999641418457,1.184999942779541,581656.0
2025-12-29 17:30:00+00:00,1.1805000305175781,1.2999999523162842,1.1805000305175781,1.2450000047683716,820796.0
2025-12-29 18:30:00+00:00,1.2496999502182007,1.25,1.2200000286102295,1.225000023841858,321506.0
2025-12-29 19:30:00+00:00,1.2202999591827393,1.25,1.2000000476837158,1.2300000190734863,497991.0
2025-12-29 20:30:00+00:00,1.225000023841858,1.2295000553131104,1.159999966621399,1.1699999570846558,478156.0
2025-12-30 14:30:00+00:00,1.2000000476837158,1.2100000381469727,1.159999966621399,1.2000000476837158,668012.0
2025-12-30 15:30:00+00:00,1.2059999704360962,1.3408000469207764,1.1799999475479126,1.2549999952316284,1834261.0
2025-12-30 16:30:00+00:00,1.2610000371932983,1.309999942779541,1.2400000095367432,1.2728999853134155,688376.0
2025-12-30 17:30:00+00:00,1.274999976158142,1.2899999618530273,1.2549999952316284,1.274999976158142,343678.0
2025-12-30 18:30:00+00:00,1.274999976158142,1.3021999597549438,1.25,1.3021999597549438,421333.0
2025-12-30 19:30:00+00:00,1.3049999475479126,1.3300000429153442,1.274399995803833,1.2899999618530273,394528.0
2025-12-30 20:30:00+00:00,1.2799999713897705,1.309999942779541,1.2599999904632568,1.309999942779541,329976.0
2025-12-31 14:30:00+00:00,1.2999999523162842,1.3049999475479126,1.166100025177002,1.19159996509552,1651475.0
2025-12-31 15:30:00+00:00,1.2000000476837158,1.2100000381469727,1.1749999523162842,1.2100000381469727,450950.0
2025-12-31 16:30:00+00:00,1.2050000429153442,1.2098000049591064,1.159999966621399,1.1749999523162842,277356.0
2025-12-31 17:30:00+00:00,1.1797000169754028,1.2000000476837158,1.170199990272522,1.2000000476837158,157319.0
2025-12-31 18:30:00+00:00,1.2000000476837158,1.2000000476837158,1.149999976158142,1.1549999713897705,447421.0
2025-12-31 19:30:00+00:00,1.159999966621399,1.159999966621399,1.1200000047683716,1.1349999904632568,511426.0
2025-12-31 20:30:00+00:00,1.1349999904632568,1.1699999570846558,1.1200000047683716,1.159999966621399,128866.0
2026-01-02 14:30:00+00:00,1.1299999952316284,1.149999976158142,1.0299999713897705,1.1299999952316284,886442.0
2026-01-02 15:30:00+00:00,1.1333999633789062,1.1399999856948853,1.100000023841858,1.1349999904632568,225548.0
2026-01-02 16:30:00+00:00,1.1363999843597412,1.1699999570846558,1.1200000047683716,1.1301000118255615,516997.0
2026-01-02 17:30:00+00:00,1.139799952507019,1.1399999856948853,1.0950000286102295,1.125,260615.0
2026-01-02 18:30:00+00:00,1.1232000589370728,1.1232000589370728,1.100000023841858,1.1198999881744385,198682.0
2026-01-02 19:30:00+00:00,1.1126999855041504,1.149999976158142,1.100000023841858,1.128000020980835,315228.0
2026-01-02 20:30:00+00:00,1.125,1.1299999952316284,1.100100040435791,1.1299999952316284,211154.0
2026-01-05 14:30:00+00:00,1.1299999952316284,1.1399999856948853,1.090000033378601,1.0954999923706055,714934.0
2026-01-05 15:30:00+00:00,1.090399980545044,1.100000023841858,1.059999942779541,1.0750000476837158,352051.0
2026-01-05 16:30:00+00:00,1.0703999996185303,1.100000023841858,1.059999942779541,1.0920000076293945,160830.0
2026-01-05 17:30:00+00:00,1.0995999574661255,1.100000023841858,1.0700000524520874,1.0967999696731567,329918.0
2026-01-05 18:30:00+00:00,1.0967999696731567,1.159999966621399,1.090000033378601,1.149999976158142,138062.0
2026-01-05 19:30:00+00:00,1.149999976158142,1.1699999570846558,1.1299999952316284,1.149999976158142,340494.0
2026-01-05 20:30:00+00:00,1.1449999809265137,1.149999976158142,1.1299999952316284,1.1449999809265137,64183.0
2026-01-06 14:30:00+00:00,1.1875,1.2350000143051147,1.149999976158142,1.1575000286102295,759004.0
2026-01-06 15:30:00+00:00,1.1598000526428223,1.1766999959945679,1.1301000118255615,1.1699999570846558,222173.0
2026-01-06 16:30:00+00:00,1.1699999570846558,1.1829999685287476,1.1101000308990479,1.1162999868392944,178851.0
2026-01-06 17:30:00+00:00,1.1193000078201294,1.149999976158142,1.1050000190734863,1.1399999856948853,390322.0
2026-01-06 18:30:00+00:00,1.1349999904632568,1.1349999904632568,1.1200000047683716,1.1349999904632568,521715.0
2026-01-06 19:30:00+00:00,1.1375999450683594,1.190000057220459,1.1375999450683594,1.184999942779541,0.0
2026-01-06 20:30:00+00:00,1.1829999685287476,1.2300000190734863,1.1799999475479126,1.2100000381469727,346076.0
2026-01-07 14:30:00+00:00,1.1399999856948853,1.1799999475479126,1.1349999904632568,1.1449999809265137,543708.0
2026-01-07 15:30:00+00:00,1.1449999809265137,1.1699999570846558,1.1150000095367432,1.127500057220459,554284.0
2026-01-07 16:30:00+00:00,1.1200000047683716,1.1299999952316284,1.100000023841858,1.1150000095367432,273251.0
2026-01-07 17:30:00+00:00,1.1198999881744385,1.125,1.100000023841858,1.1100000143051147,478862.0
2026-01-07 18:30:00+00:00,1.1050000190734863,1.1299999952316284,1.090000033378601,1.1050000190734863,221569.0
2026-01-07 19:30:00+00:00,1.1089999675750732,1.125,1.090000033378601,1.0950000286102295,153289.0
2026-01-07 20:30:00+00:00,1.100000023841858,1.1200000047683716,1.0850000381469727,1.1100000143051147,885223.0
2026-01-08 14:30:00+00:00,0.949999988079071,1.0499999523162842,0.9409999847412109,1.0357999801635742,1855273.0
2026-01-08 15:30:00+00:00,1.034999966621399,1.059999942779541,1.0049999952316284,1.0549999475479126,894023.0
2026-01-08 16:30:00+00:00,1.0599000453948975,1.1399999856948853,1.0500999689102173,1.1050000190734863,404169.0
2026-01-08 17:30:00+00:00,1.1050000190734863,1.1399999856948853,1.1050000190734863,1.1299999952316284,284744.0
2026-01-08 18:30:00+00:00,1.125,1.1699999570846558,1.1200000047683716,1.1698999404907227,505929.0
2026-01-08 19:30:00+00:00,1.1699999570846558,1.1799999475479126,1.1549999713897705,1.1699999570846558,376570.0
2026-01-08 20:30:00+00:00,1.159999966621399,1.1699999570846558,1.149999976158142,1.1649999618530273,532282.0
2026-01-09 14:30:00+00:00,1.159999966621399,1.1799999475479126,1.090000033378601,1.1799999475479126,580724.0
2026-01-09 15:30:00+00:00,1.184999942779541,1.2000000476837158,1.1399999856948853,1.1550999879837036,209766.0
2026-01-09 16:30:00+00:00,1.1549999713897705,1.159999966621399,1.1299999952316284,1.1359000205993652,102209.0
2026-01-09 17:30:00+00:00,1.13100004196167,1.1349999904632568,1.100000023841858,1.1339999437332153,273384.0
2026-01-09 18:30:00+00:00,1.1349999904632568,1.1399999856948853,1.1100000143051147,1.125,90032.0
2026-01-09 19:30:00+00:00,1.125,1.125,1.100000023841858,1.1050000190734863,197305.0
2026-01-09 20:30:00+00:00,1.1098999977111816,1.1100000143051147,1.0750000476837158,1.0850000381469727,341209.0
2026-01-12 14:30:00+00:00,1.0700000524520874,1.0952999591827393,1.0399999618530273,1.0449999570846558,365758.0
2026-01-12 15:30:00+00:00,1.0444999933242798,1.0850000381469727,1.034999966621399,1.0736000537872314,125687.0
2026-01-12 16:30:00+00:00,1.0750000476837158,1.1050000190734863,1.0499999523162842,1.0950000286102295,581563.0
2026-01-12 17:30:00+00:00,1.0901999473571777,1.1200000047683716,1.065000057220459,1.100000023841858,765711.0
2026-01-12 18:30:00+00:00,1.1100000143051147,1.149999976158142,1.090000033378601,1.1252000331878662,869170.0
2026-01-12 19:30:00+00:00,1.1299999952316284,1.1349999904632568,1.094499945640564,1.0950000286102295,459868.0
2026-01-12 20:30:00+00:00,1.0901000499725342,1.1299999952316284,1.0901000499725342,1.1299999952316284,311527.0
2026-01-13 14:30:00+00:00,1.1200000047683716,1.1299999952316284,1.0384999513626099,1.0449999570846558,498189.0
2026-01-13 15:30:00+00:00,1.0399999618530273,1.0800000429153442,1.0399999618530273,1.0499999523162842,422995.0
2026-01-13 16:30:00+00:00,1.0479999780654907,1.059999942779541,1.0299999713897705,1.0357999801635742,230457.0
2026-01-13 17:30:00+00:00,1.0299999713897705,1.0499999523162842,1.000100016593933,1.0499999523162842,523779.0
2026-01-13 18:30:00+00:00,1.0437999963760376,1.0700000524520874,1.0299999713897705,1.0399999618530273,173429.0
2026-01-13 19:30:00+00:00,1.0348999500274658,1.100000023841858,1.0299999713897705,1.065000057220459,300471.0
2026-01-13 20:30:00+00:00,1.066100001335144,1.0700000524520874,1.0399999618530273,1.0549999475479126,323887.0
2026-01-14 14:30:00+00:00,1.0499999523162842,1.1200000047683716,1.0499999523162842,1.1050000190734863,728628.0
2026-01-14 15:30:00+00:00,1.1050000190734863,1.2699999809265137,1.090000033378601,1.2549999952316284,1582427.0
2026-01-14 16:30:00+00:00,1.2549999952316284,1.2599999904632568,1.1299999952316284,1.1974999904632568,1244874.0
2026-01-14 17:30:00+00:00,1.190000057220459,1.2450000047683716,1.1699999570846558,1.2350000143051147,857072.0
2026-01-14 18:30:00+00:00,1.2350000143051147,1.2400000095367432,1.1619999408721924,1.1950000524520874,578625.0
2026-01-14 19:30:00+00:00,1.1950000524520874,1.2000000476837158,1.0099999904632568,1.1799999475479126,439624.0
2026-01-14 20:30:00+00:00,1.184999942779541,1.2000000476837158,1.1399999856948853,1.1399999856948853,323965.0
2026-01-15 14:30:00+00:00,1.1699999570846558,1.215000033378601,1.1200000047683716,1.1598000526428223,877569.0
2026-01-15 15:30:00+00:00,1.1549999713897705,1.1699999570846558,1.1200000047683716,1.1349999904632568,344556.0
2026-01-15 16:30:00+00:00,1.1312999725341797,1.149999976158142,1.125,1.1449999809265137,68879.0
2026-01-15 17:30:00+00:00,1.1449999809265137,1.149999976158142,1.1200000047683716,1.125,88007.0
2026-01-15 18:30:00+00:00,1.1295000314712524,1.149999976158142,1.1200000047683716,1.125,313626.0
2026-01-15 19:30:00+00:00,1.125,1.125,1.090000033378601,1.0914000272750854,428879.0
2026-01-15 20:30:00+00:00,1.090000033378601,1.1100000143051147,1.0800000429153442,1.1100000143051147,345713.0
2026-01-16 14:30:00+00:00,1.090000033378601,1.090000033378601,1.0449999570846558,1.0699000358581543,674620.0
2026-01-16 15:30:00+00:00,1.0604000091552734,1.0700000524520874,1.0499999523162842,1.0499999523162842,376510.0
2026-01-16 16:30:00+00:00,1.0578999519348145,1.090000033378601,1.0505000352859497,1.0800000429153442,0.0
2026-01-16 17:30:00+00:00,1.0820000171661377,1.0950000286102295,1.0700000524520874,1.0799000263214111,144533.0
2026-01-16 18:30:00+00:00,1.079200029373169,1.090000033378601,1.065000057220459,1.0700000524520874,58765.0
2026-01-16 19:30:00+00:00,1.0700000524520874,1.0700000524520874,1.0199999809265137,1.0499999523162842,235261.0
2026-01-16 20:30:00+00:00,1.0399999618530273,1.059999942779541,1.034999966621399,1.0499999523162842,202147.0
2026-01-20 14:30:00+00:00,1.0099999904632568,1.0099999904632568,0.949999988079071,0.9501000046730042,926700.0
2026-01-20 15:30:00+00:00,0.949999988079071,0.9898999929428101,0.949999988079071,0.9776999950408936,678689.0
2026-01-20 16:30:00+00:00,0.9753999710083008,0.9753999710083008,0.9399999976158142,0.9401000142097473,302202.0
2026-01-20 17:30:00+00:00,0.9401000142097473,0.9595999717712402,0.8899999856948853,0.8899999856948853,874969.0
2026-01-20 18:30:00+00:00,0.8999000191688538,0.902400016784668,0.8626999855041504,0.8913000226020813,534421.0
2026-01-20 19:30:00+00:00,0.8901000022888184,0.9398000240325928,0.8802000284194946,0.9398000240325928,407399.0
2026-01-20 20:30:00+00:00,0.9296000003814697,0.9340000152587891,0.9089999794960022,0.9241999983787537,304410.0
2026-01-21 14:30:00+00:00,0.9416999816894531,0.9549000263214111,0.9100000262260437,0.9322999715805054,412484.0
2026-01-21 15:30:00+00:00,0.9348999857902527,1.0199999809265137,0.9312999844551086,1.0199999809265137,469916.0
2026-01-21 16:30:00+00:00,1.0099999904632568,1.0199999809265137,0.9100000262260437,0.9172000288963318,626713.0
2026-01-21 17:30:00+00:00,0.9172000288963318,0.9246000051498413,0.9107999801635742,0.9200000166893005,222569.0
2026-01-21 18:30:00+00:00,0.9200000166893005,0.9300000071525574,0.9120000004768372,0.9197999835014343,68064.0
2026-01-21 19:30:00+00:00,0.9199000000953674,0.9498999714851379,0.910099983215332,0.910099983215332,201618.0
2026-01-21 20:30:00+00:00,0.9101999998092651,0.929099977016449,0.8980000019073486,0.9150999784469604,105717.0
2026-01-22 14:30:00+00:00,0.9300000071525574,0.9465000033378601,0.8754000067710876,0.8776000142097473,429098.0
2026-01-22 15:30:00+00:00,0.8788999915122986,0.9090999960899353,0.8605999946594238,0.9057999849319458,270633.0
2026-01-22 16:30:00+00:00,0.9054999947547913,0.9090999960899353,0.8971999883651733,0.8971999883651733,76314.0
2026-01-22 17:30:00+00:00,0.8971999883651733,0.9200000166893005,0.8899999856948853,0.90829998254776,102790.0
2026-01-22 18:30:00+00:00,0.9077000021934509,0.9190999865531921,0.9016000032424927,0.9096999764442444,45964.0
2026-01-22 19:30:00+00:00,0.9223999977111816,0.9223999977111816,0.9014000296592712,0.9126999974250793,113634.0
2026-01-22 20:30:00+00:00,0.9100000262260437,0.9142000079154968,0.8942000269889832,0.9136999845504761,120206.0
2026-01-23 14:30:00+00:00,0.9399999976158142,0.9399999976158142,0.8629999756813049,0.8680999875068665,405267.0
2026-01-23 15:30:00+00:00,0.8700000047683716,0.8899999856948853,0.8446999788284302,0.8794999718666077,412611.0
2026-01-23 16:30:00+00:00,0.8794999718666077,0.8880000114440918,0.8307999968528748,0.8410999774932861,657762.0
2026-01-23 17:30:00+00:00,0.8400999903678894,0.8700000047683716,0.8399999737739563,0.8550999760627747,414780.0
2026-01-23 18:30:00+00:00,0.8605999946594238,0.8899999856948853,0.8565000295639038,0.8705999851226807,146643.0
2026-01-23 19:30:00+00:00,0.8723000288009644,0.8723000288009644,0.8511000275611877,0.8601999878883362,165280.0
2026-01-23 20:30:00+00:00,0.8600999712944031,0.8600999712944031,0.8199999928474426,0.8424000144004822,363616.0
2026-01-26 14:30:00+00:00,0.8009999990463257,0.8299999833106995,0.7799999713897705,0.8158000111579895,521415.0
2026-01-26 15:30:00+00:00,0.7975999712944031,0.8450000286102295,0.7900000214576721,0.8149999976158142,428861.0
2026-01-26 16:30:00+00:00,0.8209999799728394,0.842199981212616,0.8009999990463257,0.8162999749183655,248815.0
2026-01-26 17:30:00+00:00,0.8101999759674072,0.824999988079071,0.7850000262260437,0.800000011920929,52134.0
2026-01-26 18:30:00+00:00,0.796999990940094,0.800000011920929,0.785099983215332,0.7901999950408936,133384.0
2026-01-26 19:30:00+00:00,0.7983999848365784,0.8125,0.7900000214576721,0.8043000102043152,244206.0
2026-01-26 20:30:00+00:00,0.800000011920929,0.824999988079071,0.7973999977111816,0.8167999982833862,206207.0
2026-01-27 14:30:00+00:00,0.8199999928474426,0.8500000238418579,0.7501000165939331,0.7598999738693237,914563.0
2026-01-27 15:30:00+00:00,0.7599999904632568,0.8069000244140625,0.7502999901771545,0.7954000234603882,447070.0
2026-01-27 16:30:00+00:00,0.7953000068664551,0.8263000249862671,0.7793999910354614,0.796500027179718,308505.0
2026-01-27 17:30:00+00:00,0.7943999767303467,0.7961999773979187,0.7554000020027161,0.7649999856948853,199612.0
2026-01-27 18:30:00+00:00,0.771399974822998,0.7953000068664551,0.7702000141143799,0.7903000116348267,131905.0
2026-01-27 19:30:00+00:00,0.7946000099182129,0.8277000188827515,0.7721999883651733,0.8277000188827515,211430.0
2026-01-27 20:30:00+00:00,0.8224999904632568,0.8859000205993652,0.8100000023841858,0.8639000058174133,243947.0
2026-01-28 14:30:00+00:00,0.8611000180244446,0.8698999881744385,0.7900000214576721,0.7900000214576721,568339.0
2026-01-28 15:30:00+00:00,0.7900000214576721,0.8100000023841858,0.7886999845504761,0.7955999970436096,179912.0
2026-01-28 16:30:00+00:00,0.7950999736785889,0.8198999762535095,0.7950999736785889,0.8100000023841858,210908.0
2026-01-28 17:30:00+00:00,0.8098999857902527,0.8136000037193298,0.7960000038146973,0.8098999857902527,95514.0
2026-01-28 18:30:00+00:00,0.7979999780654907,0.8009999990463257,0.7903000116348267,0.7904999852180481,92880.0
2026-01-28 19:30:00+00:00,0.7900999784469604,0.8100000023841858,0.786300003528595,0.7892000079154968,53549.0
2026-01-28 20:30:00+00:00,0.7929999828338623,0.8100000023841858,0.7827000021934509,0.7950000166893005,97950.0
2026-01-29 14:30:00+00:00,0.7955999970436096,0.7955999970436096,0.7070000171661377,0.7178999781608582,468579.0
2026-01-29 15:30:00+00:00,0.7178999781608582,0.7258999943733215,0.7006999850273132,0.7200000286102295,249596.0
2026-01-29 16:30:00+00:00,0.7200000286102295,0.7257000207901001,0.699999988079071,0.7013000249862671,216813.0
2026-01-29 17:30:00+00:00,0.7006000280380249,0.7422000169754028,0.6814000010490417,0.7196000218391418,492608.0
2026-01-29 18:30:00+00:00,0.7195000052452087,0.7293000221252441,0.7052000164985657,0.7246999740600586,67005.0
2026-01-29 19:30:00+00:00,0.7229999899864197,0.7300000190734863,0.715499997138977,0.7214000225067139,78390.0
2026-01-29 20:30:00+00:00,0.723800003528595,0.723800003528595,0.6924999952316284,0.6938999891281128,149470.0
2026-01-30 14:30:00+00:00,0.6933000087738037,0.7289999723434448,0.6933000087738037,0.7200000286102295,337945.0
2026-01-30 15:30:00+00:00,0.7200999855995178,0.7200999855995178,0.7200000286102295,0.7200000286102295,17309.0
2026-01-30 16:30:00+00:00,,,,,
2026-01-30 17:30:00+00:00,,,,,
2026-01-30 18:30:00+00:00,,,,,
2026-01-30 19:30:00+00:00,,,,,
2026-01-30 20:30:00+00:00,,,,,
2026-02-02 14:30:00+00:00,,,,,
2026-02-02 15:30:00+00:00,,,,,
2026-02-02 16:30:00+00:00,,,,,
2026-02-02 17:30:00+00:00,,,,,
2026-02-02 18:30:00+00:00,0.7939000129699707,0.8027999997138977,0.7799999713897705,0.7947999835014343,749823.0
2026-02-02 19:30:00+00:00,0.7947999835014343,0.8011000156402588,0.781000018119812,0.7874000072479248,103530.0
2026-02-02 20:30:00+00:00,0.7850000262260437,0.7872999906539917,0.7537999749183655,0.7537999749183655,133003.0
2026-02-03 14:30:00+00:00,0.7432000041007996,0.7616000175476074,0.7148000001907349,0.7300000190734863,217117.0
2026-02-03 15:30:00+00:00,0.7350999712944031,0.7350999712944031,0.7200000286102295,0.7200000286102295,143918.0
2026-02-03 16:30:00+00:00,0.7200999855995178,0.7372999787330627,0.7142999768257141,0.7200000286102295,84422.0
2026-02-03 17:30:00+00:00,0.7148000001907349,0.7148000001907349,0.6990000009536743,0.699999988079071,97482.0
2026-02-03 18:30:00+00:00,0.6998999714851379,0.7107999920845032,0.6899999976158142,0.7020000219345093,343998.0
2026-02-03 19:30:00+00:00,0.7021999955177307,0.713699996471405,0.6922000050544739,0.703499972820282,321179.0
2026-02-03 20:30:00+00:00,0.7032999992370605,0.7192000150680542,0.6996999979019165,0.7074999809265137,137836.0
2026-02-04 14:30:00+00:00,0.7111999988555908,0.7350000143051147,0.699999988079071,0.7109000086784363,872948.0
2026-02-04 15:30:00+00:00,0.7024000287055969,0.7276999950408936,0.699999988079071,0.7239000201225281,413728.0
2026-02-04 16:30:00+00:00,0.7250000238418579,0.7294999957084656,0.7170000076293945,0.7175999879837036,267704.0
2026-02-04 17:30:00+00:00,0.7174999713897705,0.7175999879837036,0.6909999847412109,0.7172999978065491,181793.0
2026-02-04 18:30:00+00:00,0.7166000008583069,0.7300000190734863,0.7166000008583069,0.7260000109672546,214327.0
2026-02-04 19:30:00+00:00,0.7300000190734863,0.7398999929428101,0.7200000286102295,0.7200000286102295,167941.0
2026-02-04 20:30:00+00:00,0.7200999855995178,0.7200999855995178,0.7200000286102295,0.7200000286102295,187577.0
2026-02-05 14:30:00+00:00,0.6949999928474426,0.7095000147819519,0.6800000071525574,0.7038000226020813,323577.0
2026-02-05 15:30:00+00:00,0.7031999826431274,0.7110000252723694,0.699999988079071,0.7099999785423279,409320.0
2026-02-05 16:30:00+00:00,0.7129999995231628,0.7200000286102295,0.699999988079071,0.7059999704360962,301265.0
2026-02-05 17:30:00+00:00,0.7050999999046326,0.7069000005722046,0.699999988079071,0.7001000046730042,193160.0
2026-02-05 18:30:00+00:00,0.699999988079071,0.7002000212669373,0.699999988079071,0.7001000046730042,140397.0
2026-02-05 19:30:00+00:00,0.699999988079071,0.7091000080108643,0.6718000173568726,0.6718000173568726,308041.0
2026-02-05 20:30:00+00:00,0.675000011920929,0.6800000071525574,0.6083999872207642,0.6245999932289124,454412.0
2026-02-06 14:30:00+00:00,0.6396999955177307,0.7099000215530396,0.6396999955177307,0.6935999989509583,649019.0
2026-02-06 15:30:00+00:00,0.6888999938964844,0.7193999886512756,0.6800000071525574,0.7172999978065491,298869.0
2026-02-06 16:30:00+00:00,0.7185999751091003,0.7699000239372253,0.7185999751091003,0.7258999943733215,371316.0
2026-02-06 17:30:00+00:00,0.724399983882904,0.7378000020980835,0.7099999785423279,0.7099999785423279,128471.0
2026-02-06 18:30:00+00:00,0.722100019454956,0.7623000144958496,0.7160000205039978,0.7595999836921692,348852.0
2026-02-06 19:30:00+00:00,0.7469000220298767,0.7497000098228455,0.7300000190734863,0.7304999828338623,79039.0
2026-02-06 20:30:00+00:00,0.7304999828338623,0.7376999855041504,0.6938999891281128,0.6940000057220459,217469.0
2026-02-09 14:30:00+00:00,0.6899999976158142,0.6983000040054321,0.6310999989509583,0.6665999889373779,793970.0
2026-02-09 15:30:00+00:00,0.6665999889373779,0.6830000281333923,0.6600000262260437,0.6704999804496765,218921.0
2026-02-09 16:30:00+00:00,0.670199990272522,0.6850000023841858,0.652999997138977,0.6815000176429749,267018.0
2026-02-09 17:30:00+00:00,0.6800000071525574,0.7111999988555908,0.670199990272522,0.675000011920929,898836.0
2026-02-09 18:30:00+00:00,0.675000011920929,0.6940000057220459,0.6628000140190125,0.6859999895095825,0.0
2026-02-09 19:30:00+00:00,0.6859999895095825,0.6924999952316284,0.6765999794006348,0.6779000163078308,121460.0
2026-02-09 20:30:00+00:00,0.6782000064849854,0.6929000020027161,0.6782000064849854,0.6929000020027161,162663.0
2026-02-10 14:30:00+00:00,0.6570000052452087,0.6800000071525574,0.6430000066757202,0.6495000123977661,558179.0
2026-02-10 15:30:00+00:00,0.649399995803833,0.6599000096321106,0.6480000019073486,0.6500999927520752,0.0
2026-02-10 16:30:00+00:00,0.6500999927520752,0.652999997138977,0.6363000273704529,0.6363999843597412,109825.0
2026-02-10 17:30:00+00:00,0.6363999843597412,0.6377000212669373,0.6169000267982483,0.6179999709129333,127482.0
2026-02-10 18:30:00+00:00,0.6200000047683716,0.6414999961853027,0.6200000047683716,0.6389999985694885,138997.0
2026-02-10 19:30:00+00:00,0.6389999985694885,0.6389999985694885,0.618399977684021,0.620199978351593,170949.0
2026-02-10 20:30:00+00:00,0.620199978351593,0.6255000233650208,0.614799976348877,0.6179999709129333,131760.0
2026-02-11 14:30:00+00:00,0.6200000047683716,0.6233999729156494,0.5846999883651733,0.5859000086784363,276781.0
2026-02-11 15:30:00+00:00,0.5853000283241272,0.6085000038146973,0.5848000049591064,0.5911999940872192,184779.0
2026-02-11 16:30:00+00:00,0.5910999774932861,0.5975000262260437,0.5849999785423279,0.5934000015258789,54529.0
2026-02-11 17:30:00+00:00,0.5934000015258789,0.6000000238418579,0.5848000049591064,0.5978999733924866,78055.0
2026-02-11 18:30:00+00:00,0.5979999899864197,0.6399999856948853,0.5849000215530396,0.6335999965667725,356786.0
2026-02-11 19:30:00+00:00,0.6255999803543091,0.6599000096321106,0.625,0.6287000179290771,360439.0
2026-02-11 20:30:00+00:00,0.6287000179290771,0.6316999793052673,0.6176000237464905,0.6288999915122986,152728.0
2026-02-12 14:30:00+00:00,0.5899999737739563,0.6258000135421753,0.5899999737739563,0.6021000146865845,175013.0
2026-02-12 15:30:00+00:00,0.6019999980926514,0.6078000068664551,0.5728999972343445,0.5728999972343445,134752.0
2026-02-12 16:30:00+00:00,0.5734000205993652,0.6000000238418579,0.5701000094413757,0.593999981880188,411871.0
2026-02-12 17:30:00+00:00,0.5946000218391418,0.6176999807357788,0.5946000218391418,0.6086000204086304,38728.0
2026-02-12 18:30:00+00:00,0.6015999913215637,0.6186000108718872,0.6015999913215637,0.6115999817848206,29381.0
2026-02-12 19:30:00+00:00,0.6118000149726868,0.6184999942779541,0.5920000076293945,0.5974000096321106,78152.0
2026-02-12 20:30:00+00:00,0.5972999930381775,0.6049000024795532,0.5929999947547913,0.6044999957084656,37111.0
2026-02-13 14:30:00+00:00,0.5982000231742859,0.6399999856948853,0.5982000231742859,0.633899986743927,122683.0
2026-02-13 15:30:00+00:00,0.6340000033378601,0.6798999905586243,0.6273000240325928,0.6751999855041504,302714.0
2026-02-13 16:30:00+00:00,0.6794999837875366,0.7299000024795532,0.675000011920929,0.704800009727478,845013.0
2026-02-13 17:30:00+00:00,0.704800009727478,0.7139999866485596,0.6899999976158142,0.7077999711036682,193252.0
2026-02-13 18:30:00+00:00,0.7077999711036682,0.7336000204086304,0.6909000277519226,0.7249000072479248,135815.0
2026-02-13 19:30:00+00:00,0.724399983882904,0.801800012588501,0.7192999720573425,0.7459999918937683,830744.0
2026-02-13 20:30:00+00:00,0.7469000220298767,0.7631000280380249,0.6953999996185303,0.7099000215530396,324093.0
2026-02-17 14:30:00+00:00,0.7200000286102295,0.7200000286102295,0.6503999829292297,0.6503999829292297,496880.0
2026-02-17 15:30:00+00:00,0.659500002861023,0.7129999995231628,0.659500002861023,0.7102000117301941,482960.0
2026-02-17 16:30:00+00:00,0.7150999903678894,0.7200000286102295,0.680400013923645,0.6899999976158142,304055.0
2026-02-17 17:30:00+00:00,0.6947000026702881,0.7085000276565552,0.6800000071525574,0.7085000276565552,317207.0
2026-02-17 18:30:00+00:00,0.7098000049591064,0.7398999929428101,0.6991000175476074,0.7282999753952026,356309.0
2026-02-17 19:30:00+00:00,0.7300000190734863,0.7398999929428101,0.7203999757766724,0.736299991607666,120450.0
2026-02-17 20:30:00+00:00,0.7300000190734863,0.7350000143051147,0.7125999927520752,0.7204999923706055,55824.0
2026-02-18 14:30:00+00:00,0.7099999785423279,0.7264000177383423,0.6847000122070312,0.7157999873161316,140962.0
2026-02-18 15:30:00+00:00,0.7099999785423279,0.7289999723434448,0.7099999785423279,0.7289999723434448,47602.0
2026-02-18 16:30:00+00:00,0.7286999821662903,0.7286999821662903,0.6700000166893005,0.6758000254631042,190451.0
2026-02-18 17:30:00+00:00,0.6675999760627747,0.6775000095367432,0.623199999332428,0.6527000069618225,155294.0
2026-02-18 18:30:00+00:00,0.6467000246047974,0.661300003528595,0.600600004196167,0.6128000020980835,594603.0
2026-02-18 19:30:00+00:00,0.6100999712944031,0.6326000094413757,0.6000000238418579,0.6141999959945679,495255.0
2026-02-18 20:30:00+00:00,0.6173999905586243,0.6468999981880188,0.6100000143051147,0.6348000168800354,1485106.0
2026-02-19 14:30:00+00:00,0.6273000240325928,0.6496000289916992,0.6000000238418579,0.6344000101089478,298055.0
2026-02-19 15:30:00+00:00,0.6344000101089478,0.6407999992370605,0.6025999784469604,0.6269999742507935,87645.0
2026-02-19 16:30:00+00:00,0.6223000288009644,0.6430000066757202,0.6190999746322632,0.6430000066757202,44973.0
2026-02-19 17:30:00+00:00,0.640500009059906,0.6430000066757202,0.6299999952316284,0.6341000199317932,30947.0
2026-02-19 18:30:00+00:00,0.637499988079071,0.6607000231742859,0.6304000020027161,0.6539999842643738,46037.0
2026-02-19 19:30:00+00:00,0.6553000211715698,0.6938999891281128,0.6539999842643738,0.679099977016449,159423.0
2026-02-19 20:30:00+00:00,0.679099977016449,0.6836000084877014,0.6543999910354614,0.6722999811172485,53168.0
2026-02-20 14:30:00+00:00,0.6468999981880188,0.664900004863739,0.633400022983551,0.6402999758720398,49891.0
2026-02-20 15:30:00+00:00,0.6547999978065491,0.659500002861023,0.6406000256538391,0.640999972820282,74948.0
2026-02-20 16:30:00+00:00,0.6470000147819519,0.652999997138977,0.6211000084877014,0.6389999985694885,73716.0
2026-02-20 17:30:00+00:00,0.6308000087738037,0.6499999761581421,0.6301000118255615,0.6444000005722046,151105.0
2026-02-20 18:30:00+00:00,0.6444000005722046,0.6588000059127808,0.6399999856948853,0.6430000066757202,48891.0
2026-02-20 19:30:00+00:00,0.6445000171661377,0.6470000147819519,0.6301000118255615,0.6351000070571899,0.0
2026-02-20 20:30:00+00:00,0.6248999834060669,0.6776000261306763,0.6248999834060669,0.6528000235557556,169641.0
2026-02-23 14:30:00+00:00,0.6349999904632568,0.6600000262260437,0.6301000118255615,0.6363999843597412,356634.0
2026-02-23 15:30:00+00:00,0.6337000131607056,0.642300009727478,0.6202999949455261,0.6333000063896179,830.0
2026-02-23 16:30:00+00:00,0.6330999732017517,0.6470000147819519,0.6316999793052673,0.6316999793052673,26588.0
2026-02-23 17:30:00+00:00,0.6442000269889832,0.6532999873161316,0.6365000009536743,0.6466000080108643,96191.0
2026-02-23 18:30:00+00:00,0.6403999924659729,0.6496000289916992,0.6306999921798706,0.6473000049591064,54183.0
2026-02-23 19:30:00+00:00,0.6456999778747559,0.6577000021934509,0.6306999921798706,0.6489999890327454,74583.0
2026-02-23 20:30:00+00:00,0.6549999713897705,0.6549999713897705,0.6305000185966492,0.6449000239372253,46560.0
2026-02-24 14:30:00+00:00,0.6039999723434448,0.6279000043869019,0.6018000245094299,0.6184999942779541,230875.0
2026-02-24 15:30:00+00:00,0.621399998664856,0.6395000219345093,0.6200000047683716,0.6200000047683716,108420.0
2026-02-24 16:30:00+00:00,0.6200000047683716,0.6319000124931335,0.6151000261306763,0.6190999746322632,131156.0
2026-02-24 17:30:00+00:00,0.6180999875068665,0.6395000219345093,0.6180999875068665,0.6252999901771545,116822.0
2026-02-24 18:30:00+00:00,0.625,0.6499000191688538,0.6204000115394592,0.6448000073432922,62714.0
2026-02-24 19:30:00+00:00,0.6492999792098999,0.6553999781608582,0.6399000287055969,0.652400016784668,112005.0
2026-02-24 20:30:00+00:00,0.652400016784668,0.652400016784668,0.6299999952316284,0.6414999961853027,87974.0
2026-02-25 14:30:00+00:00,0.6409000158309937,0.6883999705314636,0.6409000158309937,0.6585000157356262,461987.0
2026-02-25 15:30:00+00:00,0.6585000157356262,0.6668999791145325,0.6550999879837036,0.6650000214576721,0.0
2026-02-25 16:30:00+00:00,0.6746000051498413,0.7300000190734863,0.6746000051498413,0.7013000249862671,541366.0
2026-02-25 17:30:00+00:00,0.6970000267028809,0.7088000178337097,0.6909999847412109,0.7019000053405762,41801.0
2026-02-25 18:30:00+00:00,0.7095999717712402,0.7148000001907349,0.694100022315979,0.7106999754905701,124370.0
2026-02-25 19:30:00+00:00,0.7111999988555908,0.7200000286102295,0.67330002784729,0.699400007724762,140462.0
2026-02-25 20:30:00+00:00,0.6948000192642212,0.7002999782562256,0.6783999800682068,0.6854000091552734,63869.0
2026-02-26 14:30:00+00:00,0.6600000262260437,0.6840000152587891,0.6510999798774719,0.6575999855995178,209522.0
2026-02-26 15:30:00+00:00,0.6509000062942505,0.667900025844574,0.6313999891281128,0.6446999907493591,332666.0
2026-02-26 16:30:00+00:00,0.6449000239372253,0.6492000222206116,0.6299999952316284,0.6319000124931335,76809.0
2026-02-26 17:30:00+00:00,0.6316999793052673,0.6467999815940857,0.620199978351593,0.6435999870300293,294011.0
2026-02-26 18:30:00+00:00,0.6477000117301941,0.659600019454956,0.6366999745368958,0.6517999768257141,48010.0
2026-02-26 19:30:00+00:00,0.6502000093460083,0.6700000166893005,0.6449999809265137,0.6692000031471252,142027.0
2026-02-26 20:30:00+00:00,0.6629999876022339,0.6952999830245972,0.6629999876022339,0.6952999830245972,103565.0
2026-02-27 14:30:00+00:00,0.6600000262260437,0.6600000262260437,0.6237999796867371,0.6395000219345093,261915.0
2026-02-27 15:30:00+00:00,0.6394000053405762,0.6478999853134155,0.6225000023841858,0.6266000270843506,205157.0
2026-02-27 16:30:00+00:00,0.626800000667572,0.6431999802589417,0.6241999864578247,0.6328999996185303,48636.0
2026-02-27 17:30:00+00:00,0.6348999738693237,0.6348999738693237,0.6126000285148621,0.6159999966621399,45539.0
2026-02-27 18:30:00+00:00,0.6159999966621399,0.6274999976158142,0.6100000143051147,0.6222000122070312,55031.0
2026-02-27 19:30:00+00:00,0.6265000104904175,0.6399999856948853,0.6161999702453613,0.6399999856948853,47627.0
2026-02-27 20:30:00+00:00,0.6334999799728394,0.6399999856948853,0.6234999895095825,0.6240000128746033,66322.0
2026-03-02 14:30:00+00:00,0.6000000238418579,0.621999979019165,0.6000000238418579,0.6136000156402588,382946.0
2026-03-02 15:30:00+00:00,0.6150000095367432,0.6714000105857849,0.612500011920929,0.6335999965667725,518375.0
2026-03-02 16:30:00+00:00,0.6388000249862671,0.6700000166893005,0.6388000249862671,0.649399995803833,49753.0
2026-03-02 17:30:00+00:00,0.6477000117301941,0.6496999859809875,0.6401000022888184,0.6467999815940857,17147.0
2026-03-02 18:30:00+00:00,0.6402999758720398,0.6539000272750854,0.6340000033378601,0.6424000263214111,76853.0
2026-03-02 19:30:00+00:00,0.6452000141143799,0.6553999781608582,0.6421999931335449,0.6452999711036682,573937.0
2026-03-02 20:30:00+00:00,0.642300009727478,0.6549999713897705,0.642300009727478,0.6507999897003174,58451.0
2026-03-03 14:30:00+00:00,0.6150000095367432,0.6499999761581421,0.6071000099182129,0.6205999851226807,267410.0
2026-03-03 15:30:00+00:00,0.6150000095367432,0.6269999742507935,0.6000000238418579,0.6013000011444092,738718.0
2026-03-03 16:30:00+00:00,0.6035000085830688,0.6129000186920166,0.6011999845504761,0.6079999804496765,199084.0
2026-03-03 17:30:00+00:00,0.6068000197410583,0.633899986743927,0.6000000238418579,0.6193000078201294,162505.0
2026-03-03 18:30:00+00:00,0.6184999942779541,0.6241000294685364,0.6103000044822693,0.6128000020980835,63609.0
2026-03-03 19:30:00+00:00,0.6147000193595886,0.6154999732971191,0.6021000146865845,0.6086000204086304,130425.0
2026-03-03 20:30:00+00:00,0.6098999977111816,0.6175000071525574,0.6054999828338623,0.6154000163078308,55795.0
2026-03-04 14:30:00+00:00,0.6489999890327454,0.6636999845504761,0.6233000159263611,0.6617000102996826,899576.0
2026-03-04 15:30:00+00:00,0.6617000102996826,0.6897000074386597,0.6499999761581421,0.6754999756813049,703236.0
2026-03-04 16:30:00+00:00,0.675599992275238,0.6898999810218811,0.6642000079154968,0.6772000193595886,224481.0
2026-03-04 17:30:00+00:00,0.6812999844551086,0.6840000152587891,0.666700005531311,0.6775000095367432,171897.0
2026-03-04 18:30:00+00:00,0.6775000095367432,0.7443000078201294,0.6304000020027161,0.739799976348877,1436965.0
2026-03-04 19:30:00+00:00,0.7351999878883362,0.7404999732971191,0.7099999785423279,0.7185999751091003,265458.0
2026-03-04 20:30:00+00:00,0.7182999849319458,0.7400000095367432,0.7064999938011169,0.7250999808311462,405984.0
2026-03-05 14:30:00+00:00,0.6710000038146973,0.6800000071525574,0.6444000005722046,0.6460999846458435,527346.0
2026-03-05 15:30:00+00:00,0.6445000171661377,0.6499999761581421,0.621999979019165,0.6360999941825867,285556.0
2026-03-05 16:30:00+00:00,0.6319000124931335,0.6450999975204468,0.628000020980835,0.6309999823570251,195473.0
2026-03-05 17:30:00+00:00,0.6299999952316284,0.6359999775886536,0.621999979019165,0.6220999956130981,143262.0
2026-03-05 18:30:00+00:00,0.6220999956130981,0.6223000288009644,0.6189000010490417,0.6189000010490417,671761.0
2026-03-05 19:30:00+00:00,0.6151000261306763,0.6194999814033508,0.6050000190734863,0.611299991607666,414790.0
2026-03-05 20:30:00+00:00,0.6177999973297119,0.623199999332428,0.6110000014305115,0.616599977016449,285819.0
2026-03-06 14:30:00+00:00,0.5879999995231628,0.5898000001907349,0.5426999926567078,0.5645999908447266,973468.0
2026-03-06 15:30:00+00:00,0.5627999901771545,0.5627999901771545,0.5252000093460083,0.531499981880188,505162.0
2026-03-06 16:30:00+00:00,0.5318999886512756,0.5439000129699707,0.5200999975204468,0.5218999981880188,355562.0
2026-03-06 17:30:00+00:00,0.5218999981880188,0.5461000204086304,0.5200999975204468,0.5443000197410583,155664.0
2026-03-06 18:30:00+00:00,0.5422000288963318,0.5425000190734863,0.5282999873161316,0.535099983215332,406196.0
2026-03-06 19:30:00+00:00,0.5378000140190125,0.5383999943733215,0.5199999809265137,0.5212000012397766,410189.0
2026-03-06 20:30:00+00:00,0.5200999975204468,0.535099983215332,0.5,0.5152999758720398,614064.0
2026-03-09 13:30:00+00:00,0.5220999717712402,0.5450000166893005,0.5199999809265137,0.5235000252723694,463866.0
2026-03-09 14:30:00+00:00,0.5227000117301941,0.5389999747276306,0.5200999975204468,0.5389999747276306,293456.0
2026-03-09 15:30:00+00:00,0.5385000109672546,0.5449000000953674,0.5249999761581421,0.5254999995231628,159628.0
2026-03-09 16:30:00+00:00,0.5282999873161316,0.5566999912261963,0.5268999934196472,0.5501000285148621,655784.0
2026-03-09 17:30:00+00:00,0.550000011920929,0.5501000285148621,0.5340999960899353,0.534500002861023,273711.0
2026-03-09 18:30:00+00:00,0.5370000004768372,0.5498999953269958,0.5342000126838684,0.5460000038146973,48424.0
2026-03-09 19:30:00+00:00,0.5419999957084656,0.5670999884605408,0.5374000072479248,0.5426999926567078,217735.0
2026-03-10 13:30:00+00:00,0.5550000071525574,0.574999988079071,0.5299999713897705,0.5300999879837036,455026.0
2026-03-10 14:30:00+00:00,0.5228000283241272,0.5640000104904175,0.522599995136261,0.5584999918937683,735353.0
2026-03-10 15:30:00+00:00,0.5586000084877014,0.5699999928474426,0.554099977016449,0.5594000220298767,79413.0
2026-03-10 16:30:00+00:00,0.5640000104904175,0.5899999737739563,0.5602999925613403,0.5820000171661377,260818.0
2026-03-10 17:30:00+00:00,0.5788999795913696,0.5889000296592712,0.5616999864578247,0.5723000168800354,217854.0
2026-03-10 18:30:00+00:00,0.5741999745368958,0.5748999714851379,0.5616000294685364,0.5649999976158142,102904.0
2026-03-10 19:30:00+00:00,0.560699999332428,0.5789999961853027,0.5598999857902527,0.5672000050544739,140252.0
2026-03-11 13:30:00+00:00,0.567799985408783,0.5896999835968018,0.5509999990463257,0.5849999785423279,473421.0
2026-03-11 14:30:00+00:00,0.5893999934196472,0.6198999881744385,0.5705999732017517,0.5705999732017517,375335.0
2026-03-11 15:30:00+00:00,0.5812000036239624,0.5812000036239624,0.5601000189781189,0.5637000203132629,97456.0
2026-03-11 16:30:00+00:00,0.5697000026702881,0.585099995136261,0.566100001335144,0.5684999823570251,69118.0
2026-03-11 17:30:00+00:00,0.5672000050544739,0.5784000158309937,0.5584999918937683,0.5727999806404114,185142.0
2026-03-11 18:30:00+00:00,0.5727999806404114,0.5895000100135803,0.5644000172615051,0.5752999782562256,109007.0
2026-03-11 19:30:00+00:00,0.5748999714851379,0.582099974155426,0.572700023651123,0.5777000188827515,78347.0
2026-03-12 13:30:00+00:00,0.5676000118255615,0.5799999833106995,0.5504999756813049,0.5550000071525574,176956.0
2026-03-12 14:30:00+00:00,0.5551000237464905,0.5677000284194946,0.5521000027656555,0.5677000284194946,105981.0
2026-03-12 15:30:00+00:00,0.5576000213623047,0.5766000151634216,0.5576000213623047,0.5659000277519226,51395.0
2026-03-12 16:30:00+00:00,0.5659000277519226,0.5932999849319458,0.5601999759674072,0.583299994468689,317941.0
2026-03-12 17:30:00+00:00,0.5860999822616577,0.6299999952316284,0.5823000073432922,0.6182000041007996,569456.0
2026-03-12 18:30:00+00:00,0.617900013923645,0.6349999904632568,0.588100016117096,0.588100016117096,405413.0
2026-03-12 19:30:00+00:00,0.6000000238418579,0.6037999987602234,0.5799999833106995,0.6037999987602234,52618.0
2026-03-13 13:30:00+00:00,0.6152999997138977,0.6589999794960022,0.6111000180244446,0.6437000036239624,689631.0
2026-03-13 14:30:00+00:00,0.6370000243186951,0.6560999751091003,0.6151999831199646,0.6261000037193298,95398.0
2026-03-13 15:30:00+00:00,0.6251999735832214,0.6251999735832214,0.6000999808311462,0.6100999712944031,68509.0
2026-03-13 16:30:00+00:00,0.6100999712944031,0.6151000261306763,0.6000000238418579,0.6000000238418579,44189.0
2026-03-13 17:30:00+00:00,0.600600004196167,0.6057999730110168,0.5899999737739563,0.5963000059127808,544304.0
2026-03-13 18:30:00+00:00,0.5961999893188477,0.6000000238418579,0.5899999737739563,0.590399980545044,84741.0
2026-03-13 19:30:00+00:00,0.590399980545044,0.5935999751091003,0.5701000094413757,0.5799999833106995,233443.0
2026-03-16 13:30:00+00:00,0.6399999856948853,0.6499999761581421,0.6100000143051147,0.6335999965667725,470485.0
2026-03-16 14:30:00+00:00,0.6301000118255615,0.6399999856948853,0.6244000196456909,0.6328999996185303,205432.0
2026-03-16 15:30:00+00:00,0.6328999996185303,0.6819999814033508,0.6306999921798706,0.6736999750137329,271070.0
2026-03-16 16:30:00+00:00,0.6740999817848206,0.6948999762535095,0.6657999753952026,0.6807000041007996,200491.0
2026-03-16 17:30:00+00:00,0.6807000041007996,0.7059999704360962,0.670199990272522,0.7034000158309937,336083.0
2026-03-16 18:30:00+00:00,0.7005000114440918,0.7318999767303467,0.6829000115394592,0.6902999877929688,628226.0
2026-03-16 19:30:00+00:00,0.6909999847412109,0.713100016117096,0.6883999705314636,0.6973999738693237,297250.0
2026-03-17 13:30:00+00:00,0.7049000263214111,0.7099999785423279,0.6700000166893005,0.7099999785423279,854016.0
2026-03-17 14:30:00+00:00,0.7070000171661377,0.789900004863739,0.7069000005722046,0.7559999823570251,780575.0
2026-03-17 15:30:00+00:00,0.7559999823570251,0.8299999833106995,0.7301999926567078,0.802299976348877,791162.0
2026-03-17 16:30:00+00:00,0.8141000270843506,0.826200008392334,0.779699981212616,0.7998999953269958,610895.0
2026-03-17 17:30:00+00:00,0.7965999841690063,0.8122000098228455,0.7770000100135803,0.7940000295639038,315895.0
2026-03-17 18:30:00+00:00,0.7900000214576721,0.8230000138282776,0.7843999862670898,0.8090999722480774,369341.0
2026-03-17 19:30:00+00:00,0.8090999722480774,0.8180000185966492,0.7829999923706055,0.8016999959945679,347865.0
2026-03-18 13:30:00+00:00,0.7386999726295471,0.7527999877929688,0.7099999785423279,0.7175999879837036,327927.0
2026-03-18 14:30:00+00:00,0.7199000120162964,0.7379000186920166,0.7199000120162964,0.7269999980926514,145315.0
2026-03-18 15:30:00+00:00,0.7269999980926514,0.7269999980926514,0.692300021648407,0.7239999771118164,301169.0
2026-03-18 16:30:00+00:00,0.7239999771118164,0.7239999771118164,0.7026000022888184,0.7195000052452087,100853.0
2026-03-18 17:30:00+00:00,0.713100016117096,0.7228999733924866,0.699999988079071,0.7071999907493591,102488.0
2026-03-18 18:30:00+00:00,0.7157999873161316,0.7199000120162964,0.6998999714851379,0.7096999883651733,245764.0
2026-03-18 19:30:00+00:00,0.7149999737739563,0.7239999771118164,0.699999988079071,0.7197999954223633,0.0
2026-03-19 13:30:00+00:00,0.699999988079071,0.699999988079071,0.6660000085830688,0.6945000290870667,190947.0
2026-03-19 14:30:00+00:00,0.6972000002861023,0.7099999785423279,0.692300021648407,0.6963000297546387,112975.0
2026-03-19 15:30:00+00:00,0.6955999732017517,0.6955999732017517,0.673799991607666,0.6916999816894531,65451.0
2026-03-19 16:30:00+00:00,0.6917999982833862,0.7070000171661377,0.6693000197410583,0.7070000171661377,121049.0
2026-03-19 17:30:00+00:00,0.7064999938011169,0.7350000143051147,0.7052000164985657,0.7250000238418579,314222.0
2026-03-19 18:30:00+00:00,0.7174999713897705,0.7394000291824341,0.710099995136261,0.7160999774932861,94518.0
2026-03-19 19:30:00+00:00,0.7199000120162964,0.7200999855995178,0.707099974155426,0.7150999903678894,97861.0
2026-03-20 13:30:00+00:00,0.7300000190734863,0.7645999789237976,0.715499997138977,0.7559999823570251,380491.0
2026-03-20 14:30:00+00:00,0.7595000267028809,0.7674000263214111,0.6746000051498413,0.6962000131607056,1053614.0
2026-03-20 15:30:00+00:00,0.6988000273704529,0.7287999987602234,0.6988000273704529,0.7224000096321106,276695.0
2026-03-20 16:30:00+00:00,0.7138000130653381,0.724399983882904,0.699999988079071,0.7168999910354614,81548.0
2026-03-20 17:30:00+00:00,0.7052000164985657,0.7102000117301941,0.6881999969482422,0.6904000043869019,58865.0
2026-03-20 18:30:00+00:00,0.6909999847412109,0.699999988079071,0.6769999861717224,0.6898999810218811,316566.0
2026-03-20 19:30:00+00:00,0.6898999810218811,0.7046999931335449,0.6708999872207642,0.6974999904632568,236806.0
2026-03-23 13:30:00+00:00,0.7200000286102295,0.7459999918937683,0.7200000286102295,0.7378000020980835,379380.0
2026-03-23 14:30:00+00:00,0.7378000020980835,0.7591000199317932,0.7360000014305115,0.7366999983787537,284549.0
2026-03-23 15:30:00+00:00,0.7415000200271606,0.7454000115394592,0.7208999991416931,0.7300999760627747,212618.0
2026-03-23 16:30:00+00:00,0.7229999899864197,0.7383000254631042,0.7150999903678894,0.7150999903678894,55896.0
2026-03-23 17:30:00+00:00,0.7213000059127808,0.7404999732971191,0.7150999903678894,0.7297000288963318,101393.0
2026-03-23 18:30:00+00:00,0.7307000160217285,0.7426999807357788,0.7174000144004822,0.7235000133514404,91707.0
2026-03-23 19:30:00+00:00,0.7263000011444092,0.7312999963760376,0.7038000226020813,0.7253000140190125,55058.0
2026-03-24 13:30:00+00:00,0.7300000190734863,0.75,0.6850000023841858,0.722599983215332,953994.0
2026-03-24 14:30:00+00:00,0.7239999771118164,0.75,0.7002999782562256,0.7379999756813049,311852.0
2026-03-24 15:30:00+00:00,0.7390000224113464,0.7430999875068665,0.7099999785423279,0.7278000116348267,65461.0
2026-03-24 16:30:00+00:00,0.7289999723434448,0.7303000092506409,0.7121000289916992,0.7197999954223633,33867.0
2026-03-24 17:30:00+00:00,0.7197999954223633,0.7200000286102295,0.699999988079071,0.7103999853134155,121945.0
2026-03-24 18:30:00+00:00,0.7105000019073486,0.7480000257492065,0.701200008392334,0.7411999702453613,182576.0
2026-03-24 19:30:00+00:00,0.7411999702453613,0.7448999881744385,0.7272999882698059,0.7337999939918518,184842.0
2026-03-25 13:30:00+00:00,0.7599999904632568,0.7694000005722046,0.7400000095367432,0.7541000247001648,187810.0
2026-03-25 14:30:00+00:00,0.7692000269889832,0.7900000214576721,0.7305999994277954,0.7452999949455261,218898.0
2026-03-25 15:30:00+00:00,0.7400000095367432,0.7526000142097473,0.7400000095367432,0.7450000047683716,64383.0
2026-03-25 16:30:00+00:00,0.7454000115394592,0.7562000155448914,0.7405999898910522,0.7508999705314636,42742.0
2026-03-25 17:30:00+00:00,0.7501000165939331,0.7599999904632568,0.7404999732971191,0.7462999820709229,167234.0
2026-03-25 18:30:00+00:00,0.7462999820709229,0.7558000087738037,0.7422000169754028,0.7476000189781189,61193.0
2026-03-25 19:30:00+00:00,0.7475000023841858,0.7522000074386597,0.7408999800682068,0.7498999834060669,55972.0
2026-03-26 13:30:00+00:00,0.7430999875068665,0.7430999875068665,0.7049999833106995,0.7228999733924866,176208.0
2026-03-26 14:30:00+00:00,0.722000002861023,0.722000002861023,0.7013000249862671,0.70169997215271,127286.0
2026-03-26 15:30:00+00:00,0.7096999883651733,0.7167999744415283,0.692799985408783,0.6983000040054321,264213.0
2026-03-26 16:30:00+00:00,0.6952000260353088,0.7073000073432922,0.6855000257492065,0.6944000124931335,144020.0
2026-03-26 17:30:00+00:00,0.6987000107765198,0.7106999754905701,0.6801999807357788,0.6861000061035156,156940.0
2026-03-26 18:30:00+00:00,0.6800000071525574,0.6934999823570251,0.6800000071525574,0.6822999715805054,67317.0
2026-03-26 19:30:00+00:00,0.6822999715805054,0.7199000120162964,0.6744999885559082,0.6985999941825867,543172.0
2026-03-27 13:30:00+00:00,0.6499999761581421,0.6629999876022339,0.6399999856948853,0.6445000171661377,343130.0
2026-03-27 14:30:00+00:00,0.6450999975204468,0.6607000231742859,0.6432999968528748,0.6437000036239624,123194.0
2026-03-27 15:30:00+00:00,0.6437000036239624,0.6585000157356262,0.6302000284194946,0.6482999920845032,113697.0
2026-03-27 16:30:00+00:00,0.6349999904632568,0.6499000191688538,0.6200000047683716,0.6496000289916992,176817.0
2026-03-27 17:30:00+00:00,0.6448000073432922,0.6499999761581421,0.6399999856948853,0.6478999853134155,214464.0
2026-03-27 18:30:00+00:00,0.6478999853134155,0.6518999934196472,0.6403999924659729,0.6514000296592712,51751.0
2026-03-27 19:30:00+00:00,0.6516000032424927,0.6589000225067139,0.6424000263214111,0.6520000100135803,133559.0
2026-03-30 13:30:00+00:00,0.6455000042915344,0.6499999761581421,0.6251000165939331,0.635699987411499,170932.0
2026-03-30 14:30:00+00:00,0.6355999708175659,0.6520000100135803,0.6273000240325928,0.642300009727478,90613.0
2026-03-30 15:30:00+00:00,0.6413000226020813,0.660099983215332,0.629800021648407,0.6341999769210815,107603.0
2026-03-30 16:30:00+00:00,0.6341000199317932,0.6432999968528748,0.6247000098228455,0.6291000247001648,139343.0
2026-03-30 17:30:00+00:00,0.6291000247001648,0.6473000049591064,0.6230999827384949,0.6284999847412109,76911.0
2026-03-30 18:30:00+00:00,0.6283000111579895,0.6378999948501587,0.6050000190734863,0.6187999844551086,90318.0
2026-03-30 19:30:00+00:00,0.6200000047683716,0.6305000185966492,0.6105999946594238,0.6212999820709229,86181.0
2026-03-31 13:30:00+00:00,0.699999988079071,0.7699999809265137,0.6917999982833862,0.7487000226974487,819480.0
2026-03-31 14:30:00+00:00,0.7487000226974487,0.7599999904632568,0.7213000059127808,0.7358999848365784,387395.0
2026-03-31 15:30:00+00:00,0.7408000230789185,0.7541999816894531,0.7300000190734863,0.7490000128746033,47339.0
2026-03-31 16:30:00+00:00,0.7541999816894531,0.800000011920929,0.7541999816894531,0.7853000164031982,434517.0
2026-03-31 17:30:00+00:00,0.7799999713897705,0.800000011920929,0.7717999815940857,0.7883999943733215,150714.0
2026-03-31 18:30:00+00:00,0.7871999740600586,0.798799991607666,0.777400016784668,0.777400016784668,169805.0
2026-03-31 19:30:00+00:00,0.7775999903678894,0.7990000247955322,0.7731999754905701,0.7906000018119812,146638.0
2026-04-01 13:30:00+00:00,0.7645000219345093,0.7971000075340271,0.75,0.7630000114440918,248081.0
2026-04-01 14:30:00+00:00,0.7699999809265137,0.7742000222206116,0.7516000270843506,0.7599999904632568,95769.0
2026-04-01 15:30:00+00:00,0.7587000131607056,0.7736999988555908,0.7434999942779541,0.75,158632.0
2026-04-01 16:30:00+00:00,0.7541999816894531,0.7735000252723694,0.7526999711990356,0.7613000273704529,103980.0
2026-04-01 17:30:00+00:00,0.7545999884605408,0.7634999752044678,0.7350999712944031,0.7400000095367432,53011.0
2026-04-01 18:30:00+00:00,0.7440000176429749,0.7642999887466431,0.7366999983787537,0.7635999917984009,62993.0
2026-04-01 19:30:00+00:00,0.7635999917984009,0.7739999890327454,0.7516999840736389,0.7591999769210815,114679.0
2026-04-02 13:30:00+00:00,0.7358999848365784,0.7759000062942505,0.7214000225067139,0.7599999904632568,351458.0
2026-04-02 14:30:00+00:00,0.7605000138282776,0.7894999980926514,0.7585999965667725,0.7620999813079834,194304.0
2026-04-02 15:30:00+00:00,0.760699987411499,0.76910001039505,0.7470999956130981,0.7554000020027161,120940.0
2026-04-02 16:30:00+00:00,0.7554000020027161,0.7591000199317932,0.7425000071525574,0.7504000067710876,78180.0
2026-04-02 17:30:00+00:00,0.7476000189781189,0.7598999738693237,0.7425000071525574,0.7556999921798706,24026.0
2026-04-02 18:30:00+00:00,0.7592999935150146,0.7750999927520752,0.7556999921798706,0.7699999809265137,92255.0
2026-04-02 19:30:00+00:00,0.767300009727478,0.7756999731063843,0.7501000165939331,0.7549999952316284,100834.0
2026-04-06 13:30:00+00:00,0.7699999809265137,0.7990000247955322,0.718999981880188,0.7601000070571899,583306.0
2026-04-06 14:30:00+00:00,0.7601000070571899,0.7699999809265137,0.7300000190734863,0.73089998960495,353820.0
2026-04-06 15:30:00+00:00,0.7336000204086304,0.7562999725341797,0.7300000190734863,0.7497000098228455,468529.0
2026-04-06 16:30:00+00:00,0.75,0.7730000019073486,0.7318999767303467,0.7441999912261963,430600.0
2026-04-06 17:30:00+00:00,0.7455000281333923,0.7531999945640564,0.7300000190734863,0.7427999973297119,153069.0
2026-04-06 18:30:00+00:00,0.7400000095367432,0.7598999738693237,0.7307000160217285,0.7473000288009644,168102.0
2026-04-06 19:30:00+00:00,0.7483000159263611,0.7674999833106995,0.7310000061988831,0.767300009727478,328502.0
2026-04-07 13:30:00+00:00,0.7900000214576721,0.7918999791145325,0.7052000164985657,0.725600004196167,392150.0
2026-04-07 14:30:00+00:00,0.7321000099182129,0.7353000044822693,0.6966000199317932,0.7003999948501587,638680.0
2026-04-07 15:30:00+00:00,0.7020000219345093,0.7186999917030334,0.6937999725341797,0.7024000287055969,273266.0
2026-04-07 16:30:00+00:00,0.6978999972343445,0.7092999815940857,0.6901000142097473,0.6940000057220459,193218.0
2026-04-07 17:30:00+00:00,0.6985999941825867,0.718500018119812,0.6930000185966492,0.7146000266075134,389159.0
2026-04-07 18:30:00+00:00,0.7146000266075134,0.7348999977111816,0.699999988079071,0.7200999855995178,501551.0
2026-04-07 19:30:00+00:00,0.7200999855995178,0.7279999852180481,0.710099995136261,0.7264000177383423,212111.0
2026-04-08 13:30:00+00:00,0.843999981880188,0.899399995803833,0.8100000023841858,0.8238000273704529,1596100.0
2026-04-08 14:30:00+00:00,0.8181999921798706,0.8325999975204468,0.7950999736785889,0.8179000020027161,397655.0
2026-04-08 15:30:00+00:00,0.810699999332428,0.8299999833106995,0.8001000285148621,0.8183000087738037,236883.0
2026-04-08 16:30:00+00:00,0.8181999921798706,0.8299999833106995,0.8007000088691711,0.809499979019165,244834.0
2026-04-08 17:30:00+00:00,0.8095999956130981,0.8374000191688538,0.8080000281333923,0.8149999976158142,304017.0
2026-04-08 18:30:00+00:00,0.8174999952316284,0.8188999891281128,0.7799999713897705,0.7915999889373779,171278.0
2026-04-08 19:30:00+00:00,0.7914000153541565,0.8080999851226807,0.7800999879837036,0.8022000193595886,119354.0
2026-04-09 13:30:00+00:00,0.8001000285148621,0.8202999830245972,0.7541999816894531,0.7565000057220459,500599.0
2026-04-09 14:30:00+00:00,0.765500009059906,0.7989000082015991,0.75,0.7871000170707703,422201.0
2026-04-09 15:30:00+00:00,0.7872999906539917,0.8396999835968018,0.7827000021934509,0.8303999900817871,353708.0
2026-04-09 16:30:00+00:00,0.8396999835968018,0.8673999905586243,0.8212000131607056,0.8550999760627747,639781.0
2026-04-09 17:30:00+00:00,0.8580999970436096,0.949999988079071,0.8540999889373779,0.9165999889373779,587620.0
2026-04-09 18:30:00+00:00,0.9168000221252441,0.9972000122070312,0.9150000214576721,0.9771000146865845,966053.0
2026-04-09 19:30:00+00:00,0.975600004196167,1.0099999904632568,0.9664999842643738,0.9704999923706055,825592.0
2026-04-10 13:30:00+00:00,1.0299999713897705,1.090000033378601,0.9800000190734863,1.0499000549316406,1274974.0
2026-04-10 14:30:00+00:00,1.0499999523162842,1.0950000286102295,1.0,1.0399999618530273,1035074.0
2026-04-10 15:30:00+00:00,1.0399999618530273,1.1299999952316284,1.0109000205993652,1.1150000095367432,562726.0
2026-04-10 16:30:00+00:00,1.1150000095367432,1.1399999856948853,1.0199999809265137,1.0199999809265137,435134.0
2026-04-10 17:30:00+00:00,1.024999976158142,1.1100000143051147,1.0199999809265137,1.090000033378601,220853.0
2026-04-10 18:30:00+00:00,1.0750000476837158,1.100000023841858,1.0299999713897705,1.0549999475479126,281934.0
2026-04-10 19:30:00+00:00,1.0549999475479126,1.0750000476837158,1.0,1.059999942779541,697216.0
2026-04-13 13:30:00+00:00,1.059999942779541,1.0700000524520874,0.9599999785423279,0.9700000286102295,834059.0
2026-04-13 14:30:00+00:00,0.9700000286102295,1.0199999809265137,0.9700000286102295,0.9898999929428101,276926.0
2026-04-13 15:30:00+00:00,0.9811999797821045,0.9898999929428101,0.949999988079071,0.9799000024795532,265249.0
2026-04-13 16:30:00+00:00,0.9700999855995178,0.9898999929428101,0.9599999785423279,0.9898999929428101,144386.0
2026-04-13 17:30:00+00:00,0.9898999929428101,1.0199999809265137,0.9839000105857849,1.0098999738693237,200385.0
2026-04-13 18:30:00+00:00,0.9980000257492065,1.0199999809265137,0.9825000166893005,0.9983000159263611,282173.0
2026-04-13 19:30:00+00:00,0.9983000159263611,1.0299999713897705,0.9825000166893005,0.9900000095367432,375303.0
2026-04-14 13:30:00+00:00,1.0299999713897705,1.0700000524520874,1.0160000324249268,1.0299999713897705,855631.0
2026-04-14 14:30:00+00:00,1.024999976158142,1.0299999713897705,0.9900000095367432,0.9901000261306763,180952.0
2026-04-14 15:30:00+00:00,0.9904999732971191,1.0099999904632568,0.9599999785423279,0.9749000072479248,845198.0
2026-04-14 16:30:00+00:00,0.9729999899864197,1.0099999904632568,0.9692999720573425,0.9751999974250793,164000.0
2026-04-14 17:30:00+00:00,0.9860000014305115,0.9900000095367432,0.949999988079071,0.9750000238418579,257168.0
2026-04-14 18:30:00+00:00,0.9763000011444092,0.9900000095367432,0.9599999785423279,0.963100016117096,100152.0
2026-04-14 19:30:00+00:00,0.9649999737739563,0.9670000076293945,0.9430000185966492,0.9485999941825867,146327.0
2026-04-15 13:30:00+00:00,0.9693999886512756,0.9693999886512756,0.9049999713897705,0.9200999736785889,610658.0
2026-04-15 14:30:00+00:00,0.9236000180244446,0.9563999772071838,0.9200000166893005,0.934499979019165,176373.0
2026-04-15 15:30:00+00:00,0.932200014591217,0.932200014591217,0.8817999958992004,0.8996000289916992,261788.0
2026-04-15 16:30:00+00:00,0.8981000185012817,0.9248999953269958,0.8792999982833862,0.8859999775886536,401586.0
2026-04-15 17:30:00+00:00,0.8989999890327454,0.8999999761581421,0.8709999918937683,0.8974999785423279,197437.0
2026-04-15 18:30:00+00:00,0.8949999809265137,0.8999999761581421,0.885200023651123,0.8901000022888184,60404.0
2026-04-15 19:30:00+00:00,0.8949999809265137,0.9200000166893005,0.887499988079071,0.8985999822616577,614852.0
2026-04-16 13:30:00+00:00,0.8799999952316284,0.8799999952316284,0.8226000070571899,0.8299000263214111,655058.0
2026-04-16 14:30:00+00:00,0.8263999819755554,0.8547999858856201,0.8230000138282776,0.843500018119812,513779.0
2026-04-16 15:30:00+00:00,0.8428999781608582,0.8740000128746033,0.8399999737739563,0.8561000227928162,587044.0
2026-04-16 16:30:00+00:00,0.8561999797821045,0.8799999952316284,0.8312000036239624,0.8799999952316284,255777.0
2026-04-16 17:30:00+00:00,0.8774999976158142,0.8899999856948853,0.8751999735832214,0.8799999952316284,48175.0
2026-04-16 18:30:00+00:00,0.8802000284194946,0.8988999724388123,0.8701000213623047,0.8921999931335449,109987.0
2026-04-16 19:30:00+00:00,0.8988000154495239,0.9059000015258789,0.8712000250816345,0.902400016784668,351210.0
2026-04-17 13:30:00+00:00,0.8899999856948853,0.9574999809265137,0.8700000047683716,0.9483000040054321,646694.0
2026-04-17 14:30:00+00:00,0.9490000009536743,0.958299994468689,0.9128999710083008,0.9168999791145325,375467.0
2026-04-17 15:30:00+00:00,0.9150999784469604,0.9200000166893005,0.910099983215332,0.9101999998092651,115034.0
2026-04-17 16:30:00+00:00,0.9101999998092651,0.9200000166893005,0.8752999901771545,0.8870999813079834,189421.0
2026-04-17 17:30:00+00:00,0.8822000026702881,0.8899999856948853,0.8600999712944031,0.8804000020027161,176358.0
2026-04-17 18:30:00+00:00,0.8804000020027161,0.8899999856948853,0.8676000237464905,0.8741000294685364,112003.0
2026-04-17 19:30:00+00:00,0.8734999895095825,0.8916000127792358,0.8615999817848206,0.8740000128746033,84358.0
2026-04-20 13:30:00+00:00,0.8299999833106995,0.8496999740600586,0.7900000214576721,0.8259999752044678,756720.0
2026-04-20 14:30:00+00:00,0.829800009727478,0.8312000036239624,0.8001000285148621,0.8098999857902527,586808.0
2026-04-20 15:30:00+00:00,0.8100000023841858,0.8140000104904175,0.8001000285148621,0.803600013256073,258392.0
2026-04-20 16:30:00+00:00,0.8036999702453613,0.8295000195503235,0.795799970626831,0.8252000212669373,229317.0
2026-04-20 17:30:00+00:00,0.8252000212669373,0.8399999737739563,0.8201000094413757,0.8398000001907349,269900.0
2026-04-20 18:30:00+00:00,0.8389999866485596,0.8758999705314636,0.8371999859809875,0.8758999705314636,368754.0
2026-04-20 19:30:00+00:00,0.8700000047683716,0.875,0.857200026512146,0.8700000047683716,153839.0
2026-04-21 13:30:00+00:00,0.8809999823570251,0.8809999823570251,0.8399999737739563,0.8661999702453613,212038.0
2026-04-21 14:30:00+00:00,0.8661999702453613,0.8806999921798706,0.8299999833106995,0.8518000245094299,311812.0
2026-04-21 15:30:00+00:00,0.857200026512146,0.8880000114440918,0.8420000076293945,0.8518999814987183,1036842.0
2026-04-21 16:30:00+00:00,0.8536999821662903,0.8669000267982483,0.8302000164985657,0.8307999968528748,71421.0
2026-04-21 17:30:00+00:00,0.8335999846458435,0.8496999740600586,0.8335999846458435,0.8339999914169312,40192.0
2026-04-21 18:30:00+00:00,0.835099995136261,0.8507999777793884,0.820900022983551,0.8295999765396118,27982.0
2026-04-21 19:30:00+00:00,0.8399999737739563,0.8399999737739563,0.8080999851226807,0.8180999755859375,76688.0
2026-04-22 13:30:00+00:00,0.8501999974250793,0.8949999809265137,0.8355000019073486,0.8733000159263611,344741.0
2026-04-22 14:30:00+00:00,0.8733000159263611,0.8849999904632568,0.8560000061988831,0.8799999952316284,154018.0
2026-04-22 15:30:00+00:00,0.8737000226974487,0.8899999856948853,0.8603000044822693,0.8748999834060669,115016.0
2026-04-22 16:30:00+00:00,0.8784000277519226,0.8823999762535095,0.8550000190734863,0.8551999926567078,165075.0
2026-04-22 17:30:00+00:00,0.8616999983787537,0.8690000176429749,0.8500000238418579,0.8500999808311462,42646.0
2026-04-22 18:30:00+00:00,0.8500999808311462,0.8809999823570251,0.8500000238418579,0.8547999858856201,373189.0
2026-04-22 19:30:00+00:00,0.8547999858856201,0.8636000156402588,0.8489000201225281,0.8511000275611877,137171.0
2026-04-23 13:30:00+00:00,0.8827999830245972,0.9100000262260437,0.8651000261306763,0.8740000128746033,409457.0
2026-04-23 14:30:00+00:00,0.8799999952316284,0.8853999972343445,0.8575000166893005,0.8712999820709229,62693.0
2026-04-23 15:30:00+00:00,0.8715999722480774,0.8755000233650208,0.853600025177002,0.859499990940094,59720.0
2026-04-23 16:30:00+00:00,0.8600999712944031,0.8650000095367432,0.8399999737739563,0.8407999873161316,70784.0
2026-04-23 17:30:00+00:00,0.8399999737739563,0.8532999753952026,0.8270000219345093,0.8485999703407288,84314.0
2026-04-23 18:30:00+00:00,0.8467000126838684,0.8787999749183655,0.8453999757766724,0.8759999871253967,147796.0
2026-04-23 19:30:00+00:00,0.8712000250816345,0.8884999752044678,0.8600000143051147,0.8870000243186951,358826.0
2026-04-24 13:30:00+00:00,0.9110000133514404,0.9697999954223633,0.9018999934196472,0.9265000224113464,753174.0
2026-04-24 14:30:00+00:00,0.9182999730110168,0.9265000224113464,0.8901000022888184,0.9075000286102295,160452.0
2026-04-24 15:30:00+00:00,0.9050999879837036,0.9308000206947327,0.9010000228881836,0.9150999784469604,582093.0
2026-04-24 16:30:00+00:00,0.9187999963760376,0.9532999992370605,0.9100000262260437,0.9532999992370605,142122.0
2026-04-24 17:30:00+00:00,0.9599000215530396,1.0099999904632568,0.9501000046730042,0.9898999929428101,1060737.0
2026-04-24 18:30:00+00:00,0.9900000095367432,1.0099999904632568,0.9850999712944031,1.0049999952316284,310936.0
2026-04-24 19:30:00+00:00,1.000100016593933,1.0099999904632568,0.9805999994277954,1.0098999738693237,540964.0
2026-04-27 13:30:00+00:00,0.9782000184059143,0.9900000095367432,0.9300000071525574,0.9900000095367432,718660.0
2026-04-27 14:30:00+00:00,0.9900000095367432,1.0,0.9398000240325928,0.9426000118255615,259784.0
2026-04-27 15:30:00+00:00,0.9408000111579895,0.9610999822616577,0.9370999932289124,0.9435999989509583,130163.0
2026-04-27 16:30:00+00:00,0.9435999989509583,0.949999988079071,0.9247999787330627,0.940500020980835,123240.0
2026-04-27 17:30:00+00:00,0.9350000023841858,0.9459999799728394,0.9307000041007996,0.9380000233650208,110604.0
2026-04-27 18:30:00+00:00,0.9369999766349792,0.9459999799728394,0.9300000071525574,0.9394999742507935,122070.0
2026-04-27 19:30:00+00:00,0.9459999799728394,0.9459999799728394,0.9128000140190125,0.9298999905586243,156093.0
2026-04-28 13:30:00+00:00,0.8799999952316284,0.9264000058174133,0.8399999737739563,0.9057999849319458,692993.0
2026-04-28 14:30:00+00:00,0.9031999707221985,0.9139999747276306,0.8901000022888184,0.8986999988555908,396015.0
2026-04-28 15:30:00+00:00,0.894599974155426,0.8978999853134155,0.8791000247001648,0.8838000297546387,101702.0
2026-04-28 16:30:00+00:00,0.8852999806404114,0.8977000117301941,0.8715999722480774,0.8884999752044678,68547.0
2026-04-28 17:30:00+00:00,0.8970000147819519,0.8970000147819519,0.883400022983551,0.8851000070571899,34032.0
2026-04-28 18:30:00+00:00,0.8899999856948853,0.8970000147819519,0.8799999952316284,0.8834999799728394,80738.0
2026-04-28 19:30:00+00:00,0.886900007724762,0.9007999897003174,0.8799999952316284,0.9007999897003174,93414.0
2026-04-29 13:30:00+00:00,0.8989999890327454,0.9049000144004822,0.8464999794960022,0.8634999990463257,423064.0
2026-04-29 14:30:00+00:00,0.8758000135421753,0.8758000135421753,0.8531000018119812,0.8603000044822693,191405.0
2026-04-29 15:30:00+00:00,0.8641999959945679,0.8672999739646912,0.8313999772071838,0.8313999772071838,339481.0
2026-04-29 16:30:00+00:00,0.8313999772071838,0.8519999980926514,0.8190000057220459,0.8414000272750854,446541.0
2026-04-29 17:30:00+00:00,0.8399999737739563,0.8432999849319458,0.8299999833106995,0.8299999833106995,66221.0
2026-04-29 18:30:00+00:00,0.8299999833106995,0.8476999998092651,0.8299999833106995,0.840499997138977,153488.0
2026-04-29 19:30:00+00:00,0.8399999737739563,0.855400025844574,0.8133000135421753,0.8500000238418579,242894.0
2026-04-30 13:30:00+00:00,0.8650000095367432,0.8999999761581421,0.8600999712944031,0.8999000191688538,576129.0
2026-04-30 14:30:00+00:00,0.8999000191688538,0.9099000096321106,0.8799999952316284,0.8999999761581421,372295.0
2026-04-30 15:30:00+00:00,0.9014999866485596,0.9100000262260437,0.8824999928474426,0.9099000096321106,145036.0
2026-04-30 16:30:00+00:00,0.9100000262260437,0.9325000047683716,0.8901000022888184,0.923799991607666,501521.0
2026-04-30 17:30:00+00:00,0.9225000143051147,0.9298999905586243,0.8999999761581421,0.9034000039100647,356892.0
2026-04-30 18:30:00+00:00,0.9034000039100647,0.9469000101089478,0.8999999761581421,0.9424999952316284,1349651.0
2026-04-30 19:30:00+00:00,0.9424999952316284,0.9484000205993652,0.8700000047683716,0.9060999751091003,418765.0
2026-05-01 13:30:00+00:00,0.8991000056266785,0.9003999829292297,0.8532999753952026,0.8547999858856201,652738.0
2026-05-01 14:30:00+00:00,0.8598999977111816,0.8859999775886536,0.8384000062942505,0.8799999952316284,165090.0
2026-05-01 15:30:00+00:00,0.8855000138282776,0.8895000219345093,0.866100013256073,0.8774999976158142,94935.0
2026-05-01 16:30:00+00:00,0.8774999976158142,0.9298999905586243,0.8774999976158142,0.9265999794006348,723167.0
2026-05-01 17:30:00+00:00,0.9203000068664551,0.9599999785423279,0.9200999736785889,0.9502000212669373,416449.0
2026-05-01 18:30:00+00:00,0.954800009727478,0.9722999930381775,0.9301000237464905,0.9498000144958496,665787.0
2026-05-01 19:30:00+00:00,0.9501000046730042,0.9861000180244446,0.9350000023841858,0.9799000024795532,227576.0
2026-05-04 13:30:00+00:00,1.0,1.0700000524520874,0.9800000190734863,0.9998999834060669,862964.0
2026-05-04 14:30:00+00:00,0.9904000163078308,1.0399999618530273,0.9873999953269958,0.9952999949455261,475761.0
2026-05-04 15:30:00+00:00,0.9955000281333923,0.9955000281333923,0.949999988079071,0.9757000207901001,265717.0
2026-05-04 16:30:00+00:00,0.9769999980926514,0.9900000095367432,0.949999988079071,0.987500011920929,625920.0
2026-05-04 17:30:00+00:00,0.9886999726295471,0.9894999861717224,0.9800000190734863,0.9824000000953674,203373.0
2026-05-04 18:30:00+00:00,0.984499990940094,1.0197999477386475,0.9801999926567078,0.9900000095367432,648365.0
2026-05-04 19:30:00+00:00,0.9861999750137329,1.020300030708313,0.9800000190734863,0.9886999726295471,656056.0
2026-05-05 13:30:00+00:00,1.0199999809265137,1.0549999475479126,0.9900000095367432,1.0549999475479126,1141141.0
2026-05-05 14:30:00+00:00,1.0599000453948975,1.1198999881744385,1.034999966621399,1.0535999536514282,1820956.0
2026-05-05 15:30:00+00:00,1.059999942779541,1.090000033378601,1.0149999856948853,1.029099941253662,569161.0
2026-05-05 16:30:00+00:00,1.0299999713897705,1.0399999618530273,1.0,1.0,246046.0
2026-05-05 17:30:00+00:00,1.0049999952316284,1.0099999904632568,0.9900000095367432,1.000599980354309,274011.0
2026-05-05 18:30:00+00:00,1.0049999952316284,1.0399999618530273,0.9900000095367432,1.0399999618530273,394004.0
2026-05-05 19:30:00+00:00,1.0399999618530273,1.090000033378601,1.034999966621399,1.059999942779541,385199.0
2026-05-06 13:30:00+00:00,1.25,1.2599999904632568,1.0750000476837158,1.1298999786376953,8646943.0
2026-05-06 14:30:00+00:00,1.1201000213623047,1.2100000381469727,1.1100000143051147,1.2000000476837158,3625750.0
2026-05-06 15:30:00+00:00,1.2050000429153442,1.2549999952316284,1.1299999952316284,1.1699999570846558,2635666.0
2026-05-06 16:30:00+00:00,1.1699999570846558,1.190000057220459,1.1100000143051147,1.1154999732971191,343563.0
2026-05-06 17:30:00+00:00,1.1198999881744385,1.149999976158142,1.0800000429153442,1.0996999740600586,1111675.0
2026-05-06 18:30:00+00:00,1.100000023841858,1.1449999809265137,1.090000033378601,1.0950000286102295,809273.0
2026-05-06 19:30:00+00:00,1.0987999439239502,1.1449999809265137,1.0810999870300293,1.125,651902.0
2026-05-07 13:30:00+00:00,1.1399999856948853,1.149999976158142,1.0800000429153442,1.0950000286102295,1322713.0
2026-05-07 14:30:00+00:00,1.0950000286102295,1.1200000047683716,1.0712000131607056,1.0850000381469727,568929.0
2026-05-07 15:30:00+00:00,1.0850000381469727,1.100000023841858,1.0099999904632568,1.055400013923645,1032172.0
2026-05-07 16:30:00+00:00,1.0591000318527222,1.065000057220459,1.0399999618530273,1.0549999475479126,246516.0
2026-05-07 17:30:00+00:00,1.0549999475479126,1.0800000429153442,1.0549999475479126,1.0700000524520874,171237.0
2026-05-07 18:30:00+00:00,1.0750000476837158,1.090000033378601,1.0499999523162842,1.0599000453948975,231712.0
2026-05-07 19:30:00+00:00,1.0549999475479126,1.0700000524520874,1.0499999523162842,1.059999942779541,335989.0
2026-05-08 13:30:00+00:00,1.0800000429153442,1.2100000381469727,1.0499999523162842,1.1549999713897705,1495770.0
2026-05-08 14:30:00+00:00,1.1549999713897705,1.19760000705719,1.1399999856948853,1.1486999988555908,534205.0
2026-05-08 15:30:00+00:00,1.1449999809265137,1.190000057220459,1.1399999856948853,1.184999942779541,309041.0
2026-05-08 16:30:00+00:00,1.190000057220459,1.2100000381469727,1.159999966621399,1.2000999450683594,672289.0
2026-05-08 17:30:00+00:00,1.2036999464035034,1.2100000381469727,1.1699999570846558,1.2050000429153442,629726.0
2026-05-08 18:30:00+00:00,1.2050000429153442,1.2100000381469727,1.1700999736785889,1.184999942779541,569064.0
2026-05-08 19:30:00+00:00,1.184999942779541,1.190000057220459,1.1549999713897705,1.184999942779541,408618.0
2026-05-11 13:30:00+00:00,1.1699999570846558,1.1699999570846558,1.1100000143051147,1.1200000047683716,884858.0
2026-05-11 14:30:00+00:00,1.1100000143051147,1.1699999570846558,1.100000023841858,1.1698999404907227,585799.0
2026-05-11 15:30:00+00:00,1.1649999618530273,1.1699999570846558,1.125,1.1449999809265137,358350.0
2026-05-11 16:30:00+00:00,1.1449999809265137,1.156499981880188,1.1299999952316284,1.1546000242233276,235509.0
2026-05-11 17:30:00+00:00,1.1521999835968018,1.179900050163269,1.1299999952316284,1.149999976158142,253307.0
2026-05-11 18:30:00+00:00,1.1500999927520752,1.159999966621399,1.0950000286102295,1.100000023841858,537336.0
2026-05-11 19:30:00+00:00,1.100000023841858,1.1150000095367432,1.0800000429153442,1.1100000143051147,355630.0
2026-05-12 13:30:00+00:00,1.100000023841858,1.1200000047683716,1.059999942779541,1.0800000429153442,545141.0
2026-05-12 14:30:00+00:00,1.0800000429153442,1.100000023841858,1.0399999618530273,1.0449999570846558,373647.0
2026-05-12 15:30:00+00:00,1.0499999523162842,1.065000057220459,1.034999966621399,1.034999966621399,364724.0
2026-05-12 16:30:00+00:00,1.0399999618530273,1.059999942779541,1.0299999713897705,1.0499999523162842,281954.0
2026-05-12 17:30:00+00:00,1.0499999523162842,1.065000057220459,1.0399999618530273,1.0499999523162842,113489.0
2026-05-12 18:30:00+00:00,1.0549999475479126,1.059999942779541,1.034999966621399,1.0449999570846558,217592.0
2026-05-12 19:30:00+00:00,1.0449999570846558,1.0700000524520874,1.0399999618530273,1.065000057220459,338661.0
2026-05-13 13:30:00+00:00,1.0499999523162842,1.0800000429153442,1.0199999809265137,1.065000057220459,727120.0
2026-05-13 14:30:00+00:00,1.0698000192642212,1.0800000429153442,1.0399999618530273,1.0449999570846558,286939.0
2026-05-13 15:30:00+00:00,1.0489000082015991,1.0499999523162842,1.0199999809265137,1.0399999618530273,412414.0
2026-05-13 16:30:00+00:00,1.0300999879837036,1.0499999523162842,1.024999976158142,1.0449999570846558,926396.0
2026-05-13 17:30:00+00:00,1.0449999570846558,1.089900016784668,1.0399999618530273,1.0850000381469727,451235.0
2026-05-13 18:30:00+00:00,1.0850000381469727,1.090000033378601,1.059999942779541,1.065000057220459,461566.0
2026-05-13 19:30:00+00:00,1.0700000524520874,1.0800000429153442,1.034999966621399,1.0436999797821045,559703.0
2026-05-14 13:30:00+00:00,1.0299999713897705,1.1398999691009521,1.0299999713897705,1.1150000095367432,974069.0
2026-05-14 14:30:00+00:00,1.1200000047683716,1.2000000476837158,1.1150000095367432,1.1799999475479126,1091718.0
2026-05-14 15:30:00+00:00,1.184999942779541,1.2200000286102295,1.1700999736785889,1.1950000524520874,576084.0
2026-05-14 16:30:00+00:00,1.1900999546051025,1.2699999809265137,1.1799999475479126,1.2209999561309814,1555821.0
2026-05-14 17:30:00+00:00,1.2267999649047852,1.248900055885315,1.1799999475479126,1.1969000101089478,758294.0
2026-05-14 18:30:00+00:00,1.1990000009536743,1.2100000381469727,1.159999966621399,1.1649999618530273,388030.0
2026-05-14 19:30:00+00:00,1.163699984550476,1.2000000476837158,1.163699984550476,1.2000000476837158,245227.0
2026-05-15 13:30:00+00:00,1.1699999570846558,1.1699999570846558,1.090000033378601,1.1100000143051147,905719.0
2026-05-15 14:30:00+00:00,1.1100000143051147,1.1299999952316284,1.0800000429153442,1.100000023841858,486088.0
2026-05-15 15:30:00+00:00,1.090499997138977,1.1098999977111816,1.0700000524520874,1.0800000429153442,349136.0
2026-05-15 16:30:00+00:00,1.0750000476837158,1.1100000143051147,1.070099949836731,1.1050000190734863,148452.0
2026-05-15 17:30:00+00:00,1.1100000143051147,1.1299999952316284,1.1100000143051147,1.1139999628067017,115558.0
2026-05-15 18:30:00+00:00,1.1100000143051147,1.139799952507019,1.1050000190734863,1.1331000328063965,157424.0
2026-05-15 19:30:00+00:00,1.1299999952316284,1.1299999952316284,1.0750000476837158,1.090000033378601,268625.0
2026-05-18 13:30:00+00:00,1.059999942779541,1.0669000148773193,1.0099999904632568,1.0299999713897705,658451.0
2026-05-18 14:30:00+00:00,1.0299999713897705,1.0399999618530273,0.9810000061988831,1.0041999816894531,703034.0
2026-05-18 15:30:00+00:00,1.0,1.0099999904632568,0.9847000241279602,0.991599977016449,508144.0
2026-05-18 16:30:00+00:00,0.9915000200271606,1.0196000337600708,0.9890000224113464,0.9890000224113464,305370.0
2026-05-18 17:30:00+00:00,0.9879000186920166,0.9909999966621399,0.9661999940872192,0.9704999923706055,408669.0
2026-05-18 18:30:00+00:00,0.9775000214576721,0.9954000115394592,0.9528999924659729,0.9840999841690063,572359.0
2026-05-18 19:30:00+00:00,0.986299991607666,1.0609999895095825,0.986299991607666,1.0299999713897705,1072945.0
2026-05-19 13:30:00+00:00,1.0499999523162842,1.0750000476837158,1.0,1.0399999618530273,1070422.0
2026-05-19 14:30:00+00:00,1.0449999570846558,1.0750000476837158,1.0300999879837036,1.0750000476837158,414270.0
2026-05-19 15:30:00+00:00,1.0799000263214111,1.1100000143051147,1.0399999618530273,1.059999942779541,1042433.0
2026-05-19 16:30:00+00:00,1.0549999475479126,1.1299999952316284,1.0549999475479126,1.1100000143051147,658697.0
2026-05-19 17:30:00+00:00,1.1080000400543213,1.1449999809265137,1.0924999713897705,1.125,701917.0
2026-05-19 18:30:00+00:00,1.125,1.1299999952316284,1.0800000429153442,1.0800000429153442,319863.0
2026-05-19 19:30:00+00:00,1.0800000429153442,1.090000033378601,1.0800000429153442,1.0800000429153442,120641.0
2026-05-20 13:30:00+00:00,1.090000033378601,1.1699999570846558,1.0800000429153442,1.159999966621399,1775840.0
2026-05-20 14:30:00+00:00,1.1699999570846558,1.2400000095367432,1.1699999570846558,1.2050000429153442,1528093.0
2026-05-20 15:30:00+00:00,1.207800030708313,1.2300000190734863,1.2000000476837158,1.2000000476837158,294149.0
2026-05-20 16:30:00+00:00,1.2050000429153442,1.225000023841858,1.1950000524520874,1.2200000286102295,247130.0
2026-05-20 17:30:00+00:00,1.217900037765503,1.2699999809265137,1.2001999616622925,1.2548999786376953,913891.0
2026-05-20 18:30:00+00:00,1.2546000480651855,1.2799999713897705,1.2299000024795532,1.274999976158142,658706.0
2026-05-20 19:30:00+00:00,1.274999976158142,1.309999942779541,1.25,1.2799999713897705,666858.0
2026-05-21 13:30:00+00:00,1.2300000190734863,1.2898999452590942,1.215000033378601,1.2549999952316284,1246575.0
2026-05-21 14:30:00+00:00,1.2599999904632568,1.3049999475479126,1.2450000047683716,1.2999999523162842,1286800.0
2026-05-21 15:30:00+00:00,1.2999999523162842,1.309999942779541,1.274999976158142,1.2899999618530273,359515.0
2026-05-21 16:30:00+00:00,1.2900999784469604,1.309999942779541,1.274999976158142,1.2899999618530273,586167.0
2026-05-21 17:30:00+00:00,1.2999000549316406,1.3799999952316284,1.2899999618530273,1.3700000047683716,779351.0
2026-05-21 18:30:00+00:00,1.3650000095367432,1.3730000257492065,1.309999942779541,1.3113000392913818,475946.0
2026-05-21 19:30:00+00:00,1.3147000074386597,1.3295999765396118,1.2999999523162842,1.2999999523162842,353631.0
2026-05-22 13:30:00+00:00,1.2799999713897705,1.309999942779541,1.225000023841858,1.2350000143051147,855885.0
2026-05-22 14:30:00+00:00,1.2400000095367432,1.25,1.2100000381469727,1.215000033378601,261272.0
2026-05-22 15:30:00+00:00,1.215000033378601,1.2200000286102295,1.190000057220459,1.2099000215530396,162456.0
2026-05-22 16:30:00+00:00,1.2050000429153442,1.2350000143051147,1.2000000476837158,1.225000023841858,437425.0
2026-05-22 17:30:00+00:00,1.225000023841858,1.2300000190734863,1.2000000476837158,1.2288000583648682,145196.0
2026-05-22 18:30:00+00:00,1.2204999923706055,1.2300000190734863,1.1799999475479126,1.1950000524520874,388354.0
2026-05-22 19:30:00+00:00,1.190000057220459,1.2200000286102295,1.1801999807357788,1.2050000429153442,418196.0
2026-05-26 13:30:00+00:00,1.3300000429153442,1.399399995803833,1.25,1.3624999523162842,3385318.0
2026-05-26 14:30:00+00:00,1.3640999794006348,1.3694000244140625,1.274999976158142,1.2799999713897705,1268698.0
2026-05-26 15:30:00+00:00,1.2755000591278076,1.2755000591278076,1.2414000034332275,1.2649999856948853,232335.0
2026-05-26 16:30:00+00:00,1.2599999904632568,1.274999976158142,1.2200000286102295,1.2200000286102295,382656.0
2026-05-26 17:30:00+00:00,1.2300000190734863,1.25,1.2100000381469727,1.231600046157837,499833.0
2026-05-26 18:30:00+00:00,1.2350000143051147,1.238800048828125,1.2200000286102295,1.2242000102996826,73471.0
2026-05-26 19:30:00+00:00,1.225000023841858,1.225000023841858,1.1100000143051147,1.1699999570846558,2738925.0
2026-05-27 13:30:00+00:00,1.1575000286102295,1.1575000286102295,1.0700000524520874,1.100000023841858,1169861.0
2026-05-27 14:30:00+00:00,1.100000023841858,1.1100000143051147,1.090000033378601,1.106600046157837,486075.0
2026-05-27 15:30:00+00:00,1.1100000143051147,1.1200000047683716,1.090000033378601,1.1200000047683716,292583.0
2026-05-27 16:30:00+00:00,1.1100000143051147,1.1299999952316284,1.059999942779541,1.090000033378601,836004.0
2026-05-27 17:30:00+00:00,1.090000033378601,1.090000033378601,1.0499999523162842,1.062999963760376,548225.0
2026-05-27 18:30:00+00:00,1.065000057220459,1.0700000524520874,1.0399999618530273,1.0549999475479126,364549.0
2026-05-27 19:30:00+00:00,1.0549999475479126,1.100000023841858,1.0526000261306763,1.0800000429153442,346223.0
2026-05-28 13:30:00+00:00,1.0499999523162842,1.090000033378601,1.0299999713897705,1.0600999593734741,808664.0
2026-05-28 14:30:00+00:00,1.065000057220459,1.149999976158142,1.059999942779541,1.149999976158142,440299.0
2026-05-28 15:30:00+00:00,1.149999976158142,1.149999976158142,1.1227999925613403,1.149999976158142,421050.0
2026-05-28 16:30:00+00:00,1.149999976158142,1.1511000394821167,1.1150000095367432,1.1150000095367432,506352.0
2026-05-28 17:30:00+00:00,1.1150000095367432,1.149999976158142,1.1150000095367432,1.1449999809265137,381219.0
2026-05-28 18:30:00+00:00,1.1399999856948853,1.1399999856948853,1.1200000047683716,1.125,160769.0
2026-05-28 19:30:00+00:00,1.128000020980835,1.1349999904632568,1.1150000095367432,1.1200000047683716,182539.0
2026-05-29 13:30:00+00:00,1.1200000047683716,1.125,1.0399999618530273,1.0599000453948975,680775.0
2026-05-29 14:30:00+00:00,1.0549999475479126,1.1197999715805054,1.0499999523162842,1.1100000143051147,716029.0
2026-05-29 15:30:00+00:00,1.1100000143051147,1.1399999856948853,1.100000023841858,1.1349999904632568,566792.0
2026-05-29 16:30:00+00:00,1.1349999904632568,1.1799999475479126,1.1200000047683716,1.159999966621399,582622.0
2026-05-29 17:30:00+00:00,1.159999966621399,1.1699999570846558,1.1399999856948853,1.1399999856948853,551361.0
2026-05-29 18:30:00+00:00,1.1399999856948853,1.1449999809265137,1.0800000429153442,1.090000033378601,754343.0
2026-05-29 19:30:00+00:00,1.100000023841858,1.1399999856948853,1.090000033378601,1.1349999904632568,614423.0
2026-06-01 13:30:00+00:00,1.090000033378601,1.1050000190734863,1.0500999689102173,1.090000033378601,962232.0
2026-06-01 14:30:00+00:00,1.090000033378601,1.090000033378601,1.0299999713897705,1.0449999570846558,978796.0
2026-06-01 15:30:00+00:00,1.0499999523162842,1.059999942779541,1.0299999713897705,1.0499999523162842,377492.0
2026-06-01 16:30:00+00:00,1.0449999570846558,1.0700000524520874,1.0299999713897705,1.065000057220459,322097.0
2026-06-01 17:30:00+00:00,1.065000057220459,1.0700000524520874,1.0449999570846558,1.0700000524520874,455843.0
2026-06-01 18:30:00+00:00,1.0700000524520874,1.090000033378601,1.0399999618530273,1.0499000549316406,868979.0
2026-06-01 19:30:00+00:00,1.0499999523162842,1.065000057220459,1.0399999618530273,1.0628999471664429,768554.0
2026-06-02 13:30:00+00:00,1.0800000429153442,1.1349999904632568,1.0750000476837158,1.0800000429153442,1363089.0
2026-06-02 14:30:00+00:00,1.090000033378601,1.1299999952316284,1.090000033378601,1.1100000143051147,731934.0
2026-06-02 15:30:00+00:00,1.100000023841858,1.1999000310897827,1.090000033378601,1.1950000524520874,1147189.0
2026-06-02 16:30:00+00:00,1.1894999742507935,1.25,1.159999966621399,1.2350000143051147,1302682.0
2026-06-02 17:30:00+00:00,1.239799976348877,1.2549999952316284,1.2000000476837158,1.2000000476837158,745936.0
2026-06-02 18:30:00+00:00,1.2000000476837158,1.2400000095367432,1.190000057220459,1.190000057220459,701818.0
2026-06-02 19:30:00+00:00,1.2000000476837158,1.225000023841858,1.1950000524520874,1.2000000476837158,522453.0
2026-06-03 13:30:00+00:00,1.2000000476837158,1.2699999809265137,1.1715999841690063,1.2300000190734863,1146827.0
2026-06-03 14:30:00+00:00,1.2400000095367432,1.3200000524520874,1.2400000095367432,1.2649999856948853,1025013.0
2026-06-03 15:30:00+00:00,1.2649999856948853,1.2699999809265137,1.2200000286102295,1.2300000190734863,565490.0
2026-06-03 16:30:00+00:00,1.2300000190734863,1.2400000095367432,1.2100000381469727,1.2350000143051147,358482.0
2026-06-03 17:30:00+00:00,1.2350000143051147,1.25,1.190000057220459,1.2200000286102295,394403.0
2026-06-03 18:30:00+00:00,1.225000023841858,1.2300000190734863,1.1799999475479126,1.184999942779541,526155.0
2026-06-03 19:30:00+00:00,1.190000057220459,1.2200000286102295,1.1799999475479126,1.1799999475479126,310946.0
2026-06-04 13:30:00+00:00,1.100000023841858,1.1399999856948853,1.0800000429153442,1.090000033378601,1235546.0
2026-06-04 14:30:00+00:00,1.090000033378601,1.1100000143051147,1.0800000429153442,1.0800000429153442,328475.0
2026-06-04 15:30:00+00:00,1.0800000429153442,1.090000033378601,1.059999942779541,1.065000057220459,571034.0
2026-06-04 16:30:00+00:00,1.0688999891281128,1.0800000429153442,1.0549999475479126,1.0700000524520874,518269.0
2026-06-04 17:30:00+00:00,1.0699000358581543,1.0700000524520874,1.0399999618530273,1.0449999570846558,267445.0
2026-06-04 18:30:00+00:00,1.0420000553131104,1.0499999523162842,1.0099999904632568,1.0199999809265137,813766.0
2026-06-04 19:30:00+00:00,1.0149999856948853,1.1799999475479126,0.9628999829292297,0.9814000129699707,996765.0
2026-06-05 13:30:00+00:00,0.5400000214576721,0.65420001745224,0.5300999879837036,0.6136999726295471,10804482.0
2026-06-05 14:30:00+00:00,0.6172999739646912,0.6258999705314636,0.578499972820282,0.6047999858856201,3347412.0
2026-06-05 15:30:00+00:00,0.6086999773979187,0.6868000030517578,0.5814999938011169,0.6635000109672546,3296515.0
2026-06-05 16:30:00+00:00,0.660099983215332,0.6920999884605408,0.6252999901771545,0.660099983215332,1524954.0
2026-06-05 17:30:00+00:00,0.6632999777793884,0.6747000217437744,0.6401000022888184,0.6401000022888184,785916.0
2026-06-05 18:30:00+00:00,0.6424000263214111,0.6464999914169312,0.5401999950408936,0.5527999997138977,4374357.0
2026-06-05 19:30:00+00:00,0.5616000294685364,0.5745000243186951,0.49129998683929443,0.5174999833106995,4195558.0
2026-06-08 13:30:00+00:00,0.6335999965667725,0.7099000215530396,0.6299999952316284,0.6608999967575073,10639616.0
2026-06-08 14:30:00+00:00,0.6597999930381775,0.6959999799728394,0.6531000137329102,0.680899977684021,2053294.0
2026-06-08 15:30:00+00:00,0.6800000071525574,0.7674999833106995,0.6707000136375427,0.7641000151634216,6257339.0
2026-06-08 16:30:00+00:00,0.7641000151634216,0.7949000000953674,0.7325000166893005,0.7727000117301941,14025194.0
2026-06-08 17:30:00+00:00,0.7753999829292297,0.7770000100135803,0.7401000261306763,0.7401999831199646,2082124.0
2026-06-08 18:30:00+00:00,0.7401000261306763,0.7599999904632568,0.715499997138977,0.7598000168800354,1326098.0
2026-06-08 19:30:00+00:00,0.7598999738693237,0.774399995803833,0.7099999785423279,0.7251999974250793,857905.0
2026-06-09 13:30:00+00:00,0.699999988079071,0.7649000287055969,0.6801000237464905,0.6855000257492065,2284585.0
2026-06-09 14:30:00+00:00,0.6855000257492065,0.6944000124931335,0.6499999761581421,0.6517999768257141,1017049.0
2026-06-09 15:30:00+00:00,0.6518999934196472,0.6658999919891357,0.6366999745368958,0.650600016117096,697484.0
2026-06-09 16:30:00+00:00,0.6524999737739563,0.684499979019165,0.6420000195503235,0.6779999732971191,449848.0
2026-06-09 17:30:00+00:00,0.6776999831199646,0.699999988079071,0.6769999861717224,0.6944000124931335,224006.0
2026-06-09 18:30:00+00:00,0.6942999958992004,0.6998999714851379,0.6901000142097473,0.6973000168800354,182811.0
2026-06-09 19:30:00+00:00,0.6974999904632568,0.6987000107765198,0.675000011920929,0.677299976348877,560831.0
2026-06-10 13:30:00+00:00,0.6700000166893005,0.7379000186920166,0.6504999995231628,0.7123000025749207,1010180.0
2026-06-10 14:30:00+00:00,0.7092000246047974,0.7121999859809875,0.6690999865531921,0.6722999811172485,356278.0
2026-06-10 15:30:00+00:00,0.6723999977111816,0.6850000023841858,0.6690000295639038,0.6757000088691711,261215.0
2026-06-10 16:30:00+00:00,0.6789000034332275,0.6819999814033508,0.6399999856948853,0.6550999879837036,1120354.0
2026-06-10 17:30:00+00:00,0.6581000089645386,0.6593999862670898,0.6499999761581421,0.6549000144004822,231718.0
2026-06-10 18:30:00+00:00,0.6520000100135803,0.6559000015258789,0.6513000130653381,0.6534000039100647,98428.0
2026-06-10 19:30:00+00:00,0.6534000039100647,0.6650999784469604,0.6503000259399414,0.6542999744415283,248037.0
2026-06-11 13:30:00+00:00,0.6621999740600586,0.6789000034332275,0.6384999752044678,0.6582000255584717,457382.0
2026-06-11 14:30:00+00:00,0.6582000255584717,0.6699000000953674,0.6495000123977661,0.6620000004768372,179905.0
2026-06-11 15:30:00+00:00,0.6620000004768372,0.6625000238418579,0.6496999859809875,0.6517000198364258,74423.0
2026-06-11 16:30:00+00:00,0.6564000248908997,0.6564000248908997,0.6424000263214111,0.6516000032424927,81251.0
2026-06-11 17:30:00+00:00,0.6664000153541565,0.6833999752998352,0.6636000275611877,0.6771000027656555,360161.0
2026-06-11 18:30:00+00:00,0.6769000291824341,0.6851999759674072,0.6769000291824341,0.6840999722480774,88835.0
2026-06-11 19:30:00+00:00,0.6850000023841858,0.6967999935150146,0.6751999855041504,0.6751999855041504,117651.0
2026-06-12 13:30:00+00:00,0.6776999831199646,0.6776999831199646,0.6313999891281128,0.6575000286102295,1215334.0
2026-06-12 14:30:00+00:00,0.6592000126838684,0.6801999807357788,0.6527000069618225,0.6784999966621399,201803.0
2026-06-12 15:30:00+00:00,0.6776999831199646,0.6776999831199646,0.6425999999046326,0.6470999717712402,288737.0
2026-06-12 16:30:00+00:00,0.6471999883651733,0.6665999889373779,0.6471999883651733,0.6664999723434448,64640.0
2026-06-12 17:30:00+00:00,0.6664999723434448,0.6664999723434448,0.6550999879837036,0.6567999720573425,139354.0
2026-06-12 18:30:00+00:00,0.6575000286102295,0.6628000140190125,0.6500999927520752,0.6517000198364258,264701.0
2026-06-12 19:30:00+00:00,0.6513000130653381,0.6682999730110168,0.6502000093460083,0.6502000093460083,162036.0
2026-06-15 13:30:00+00:00,0.800000011920929,0.8464999794960022,0.757099986076355,0.7748000025749207,10715318.0
2026-06-15 14:30:00+00:00,0.7716000080108643,0.84579998254776,0.7599999904632568,0.8097000122070312,2011369.0
2026-06-15 15:30:00+00:00,0.807200014591217,0.8500000238418579,0.8016999959945679,0.8238999843597412,965065.0
2026-06-15 16:30:00+00:00,0.8289999961853027,0.8356999754905701,0.8069000244140625,0.8130999803543091,389858.0
2026-06-15 17:30:00+00:00,0.8149999976158142,0.8228999972343445,0.7829999923706055,0.8222000002861023,512770.0
2026-06-15 18:30:00+00:00,0.8100000023841858,0.8119000196456909,0.7886000275611877,0.7900000214576721,358966.0
2026-06-15 19:30:00+00:00,0.7949000000953674,0.8295000195503235,0.7935000061988831,0.8210999965667725,566527.0
2026-06-16 13:30:00+00:00,0.7993000149726868,0.8399999737739563,0.7400000095367432,0.7451000213623047,766127.0
2026-06-16 14:30:00+00:00,0.7466999888420105,0.7599999904632568,0.7376999855041504,0.7508000135421753,318506.0
2026-06-16 15:30:00+00:00,0.7509999871253967,0.7767999768257141,0.7509999871253967,0.7714999914169312,152497.0
2026-06-16 16:30:00+00:00,0.7699999809265137,0.7735000252723694,0.7565000057220459,0.7567999958992004,180640.0
2026-06-16 17:30:00+00:00,0.7523999810218811,0.786899983882904,0.7523999810218811,0.7781999707221985,62641.0
2026-06-16 18:30:00+00:00,0.7767000198364258,0.7828999757766724,0.7670999765396118,0.7782999873161316,175199.0
2026-06-16 19:30:00+00:00,0.7770000100135803,0.8025000095367432,0.7687000036239624,0.7767999768257141,532470.0
2026-06-17 13:30:00+00:00,0.7599999904632568,0.800000011920929,0.7585999965667725,0.7649999856948853,561308.0
2026-06-17 14:30:00+00:00,0.7656999826431274,0.7860999703407288,0.7634000182151794,0.777999997138977,174423.0
2026-06-17 15:30:00+00:00,0.781499981880188,0.8180000185966492,0.7809000015258789,0.7955999970436096,390368.0
2026-06-17 16:30:00+00:00,0.7990999817848206,0.8026000261306763,0.7802000045776367,0.7955999970436096,165115.0
2026-06-17 17:30:00+00:00,0.7964000105857849,0.8100000023841858,0.7857999801635742,0.7858999967575073,288276.0
2026-06-17 18:30:00+00:00,0.7858999967575073,0.8033999800682068,0.7746999859809875,0.7746999859809875,408128.0
2026-06-17 19:30:00+00:00,0.7748000025749207,0.7943000197410583,0.7646999955177307,0.7699999809265137,503656.0
2026-06-18 13:30:00+00:00,0.7512000203132629,0.7886999845504761,0.7512000203132629,0.772599995136261,289110.0
2026-06-18 14:30:00+00:00,0.7684999704360962,0.7731999754905701,0.737500011920929,0.7452999949455261,288147.0
2026-06-18 15:30:00+00:00,0.7455999851226807,0.7455999851226807,0.7221999764442444,0.7224000096321106,643894.0
2026-06-18 16:30:00+00:00,0.7224000096321106,0.7294999957084656,0.7202000021934509,0.7265999913215637,191927.0
2026-06-18 17:30:00+00:00,0.728600025177002,0.7317000031471252,0.725600004196167,0.7257999777793884,101800.0
2026-06-18 18:30:00+00:00,0.7257999777793884,0.7448999881744385,0.7200000286102295,0.7448999881744385,264220.0
2026-06-18 19:30:00+00:00,0.7448999881744385,0.7567999958992004,0.7300999760627747,0.7382000088691711,283662.0
2026-06-22 13:30:00+00:00,0.75,0.7782999873161316,0.7400000095367432,0.7400000095367432,859120.0
2026-06-22 14:30:00+00:00,0.741599977016449,0.741599977016449,0.710099995136261,0.7391999959945679,891535.0
2026-06-22 15:30:00+00:00,0.7343000173568726,0.7462999820709229,0.6930999755859375,0.7116000056266785,1018565.0
2026-06-22 16:30:00+00:00,0.7080000042915344,0.7303000092506409,0.7056000232696533,0.7233999967575073,86565.0
2026-06-22 17:30:00+00:00,0.7233999967575073,0.7299000024795532,0.6850000023841858,0.7067999839782715,796966.0
2026-06-22 18:30:00+00:00,0.713100016117096,0.713699996471405,0.6901999711990356,0.6977999806404114,100910.0
2026-06-22 19:30:00+00:00,0.6977999806404114,0.7346000075340271,0.6977999806404114,0.7231000065803528,581058.0
2026-06-23 13:30:00+00:00,0.6790000200271606,0.703499972820282,0.6690999865531921,0.6700999736785889,1100960.0
2026-06-23 14:30:00+00:00,0.67330002784729,0.6833999752998352,0.6685000061988831,0.6712999939918518,246478.0
2026-06-23 15:30:00+00:00,0.66839998960495,0.6743000149726868,0.6600000262260437,0.666700005531311,206707.0
2026-06-23 16:30:00+00:00,0.6708999872207642,0.6721000075340271,0.6620000004768372,0.6672000288963318,146712.0
2026-06-23 17:30:00+00:00,0.6633999943733215,0.6642000079154968,0.6535999774932861,0.6585999727249146,178960.0
2026-06-23 18:30:00+00:00,0.6621000170707703,0.6626999974250793,0.6442000269889832,0.6539000272750854,464300.0
2026-06-23 19:30:00+00:00,0.6539000272750854,0.661899983882904,0.6424000263214111,0.6603999733924866,173478.0
2026-06-24 13:30:00+00:00,0.6700000166893005,0.675000011920929,0.6370000243186951,0.6532999873161316,231844.0
2026-06-24 14:30:00+00:00,0.65829998254776,0.6589000225067139,0.6401000022888184,0.6464999914169312,101974.0
2026-06-24 15:30:00+00:00,0.6455000042915344,0.6467000246047974,0.6240000128746033,0.6359000205993652,140672.0
2026-06-24 16:30:00+00:00,0.6402999758720398,0.6402999758720398,0.6104000210762024,0.6182000041007996,223335.0
2026-06-24 17:30:00+00:00,0.616599977016449,0.6194999814033508,0.5996999740600586,0.6171000003814697,570253.0
2026-06-24 18:30:00+00:00,0.6158999800682068,0.6169000267982483,0.5900999903678894,0.6108999848365784,307776.0
2026-06-24 19:30:00+00:00,0.6136000156402588,0.6200000047683716,0.6050000190734863,0.6150000095367432,261184.0
2026-06-25 13:30:00+00:00,0.6370000243186951,0.6403999924659729,0.585099995136261,0.5996999740600586,492483.0
2026-06-25 14:30:00+00:00,0.6015999913215637,0.6173999905586243,0.5903000235557556,0.5979999899864197,344990.0
2026-06-25 15:30:00+00:00,0.5985999703407288,0.6136999726295471,0.5929999947547913,0.6086000204086304,173172.0
2026-06-25 16:30:00+00:00,0.6060000061988831,0.6090999841690063,0.5990999937057495,0.6035000085830688,105103.0
2026-06-25 17:30:00+00:00,0.6037999987602234,0.6037999987602234,0.5954999923706055,0.6010000109672546,80628.0
2026-06-25 18:30:00+00:00,0.5999000072479248,0.6037999987602234,0.5899999737739563,0.5985999703407288,144652.0
2026-06-25 19:30:00+00:00,0.59170001745224,0.6000000238418579,0.59170001745224,0.5999000072479248,135213.0
2026-06-26 13:30:00+00:00,0.5799999833106995,0.6365000009536743,0.5799999833106995,0.6276000142097473,331494.0
2026-06-26 14:30:00+00:00,0.625,0.6351000070571899,0.614799976348877,0.6226000189781189,218670.0
2026-06-26 15:30:00+00:00,0.6299999952316284,0.6468999981880188,0.623199999332428,0.6421999931335449,197948.0
2026-06-26 16:30:00+00:00,0.6427000164985657,0.6444000005722046,0.6322000026702881,0.6402000188827515,126791.0
2026-06-26 17:30:00+00:00,0.6412000060081482,0.6442999839782715,0.6302000284194946,0.633400022983551,75835.0
2026-06-26 18:30:00+00:00,0.630299985408783,0.6399999856948853,0.6258999705314636,0.6348999738693237,56869.0
2026-06-26 19:30:00+00:00,0.6352999806404114,0.6399999856948853,0.6290000081062317,0.6312999725341797,153950.0
2026-06-29 13:30:00+00:00,0.5960000157356262,0.6229000091552734,0.5724999904632568,0.5971999764442444,393315.0
2026-06-29 14:30:00+00:00,0.5950000286102295,0.6096000075340271,0.5900999903678894,0.5974000096321106,116295.0
2026-06-29 15:30:00+00:00,0.6000000238418579,0.6322000026702881,0.5946999788284302,0.6148999929428101,132444.0
2026-06-29 16:30:00+00:00,0.6194000244140625,0.6403999924659729,0.6162999868392944,0.6403999924659729,162740.0
2026-06-29 17:30:00+00:00,0.6370000243186951,0.6449000239372253,0.6209999918937683,0.6290000081062317,100843.0
2026-06-29 18:30:00+00:00,0.6290000081062317,0.6420000195503235,0.6262999773025513,0.6381999850273132,132282.0
2026-06-29 19:30:00+00:00,0.638700008392334,0.644599974155426,0.6294999718666077,0.630299985408783,77541.0
2026-06-30 13:30:00+00:00,0.6179999709129333,0.6489999890327454,0.6110000014305115,0.6460000276565552,135207.0
2026-06-30 14:30:00+00:00,0.6482999920845032,0.6520000100135803,0.6276000142097473,0.6276000142097473,104280.0
2026-06-30 15:30:00+00:00,0.6274999976158142,0.6417999863624573,0.6256999969482422,0.628000020980835,64875.0
2026-06-30 16:30:00+00:00,0.6347000002861023,0.637499988079071,0.626800000667572,0.6366999745368958,66637.0
2026-06-30 17:30:00+00:00,0.6360999941825867,0.6420000195503235,0.6226000189781189,0.6261000037193298,105946.0
2026-06-30 18:30:00+00:00,0.6261000037193298,0.6304000020027161,0.6159999966621399,0.6245999932289124,67438.0
2026-06-30 19:30:00+00:00,0.6230999827384949,0.6283000111579895,0.6067000031471252,0.6122999787330627,245969.0
2026-07-01 13:30:00+00:00,0.6632999777793884,0.6635000109672546,0.6299999952316284,0.6527000069618225,574382.0
2026-07-01 14:30:00+00:00,0.650600016117096,0.6887999773025513,0.6416000127792358,0.6876999735832214,354423.0
2026-07-01 15:30:00+00:00,0.6869000196456909,0.6879000067710876,0.6647999882698059,0.6751999855041504,127625.0
2026-07-01 16:30:00+00:00,0.6751999855041504,0.6797000169754028,0.657800018787384,0.6672999858856201,159891.0
2026-07-01 17:30:00+00:00,0.6661999821662903,0.6693999767303467,0.6553000211715698,0.6571999788284302,35463.0
2026-07-01 18:30:00+00:00,0.6554999947547913,0.6674000024795532,0.6414999961853027,0.6510999798774719,97409.0
2026-07-01 19:30:00+00:00,0.6510999798774719,0.652999997138977,0.6401000022888184,0.6486999988555908,123852.0
2026-07-02 13:30:00+00:00,0.718999981880188,0.7200000286102295,0.6700999736785889,0.6700999736785889,867447.0
2026-07-02 14:30:00+00:00,0.6740999817848206,0.6840000152587891,0.6499999761581421,0.6840000152587891,349980.0
2026-07-02 15:30:00+00:00,0.6850000023841858,0.6880000233650208,0.6561999917030334,0.6644999980926514,157737.0
2026-07-02 16:30:00+00:00,0.6636999845504761,0.6728000044822693,0.6549999713897705,0.6690999865531921,91143.0
2026-07-02 17:30:00+00:00,0.6686999797821045,0.6735000014305115,0.6554999947547913,0.67330002784729,136392.0
2026-07-02 18:30:00+00:00,0.6732000112533569,0.6771000027656555,0.6640999913215637,0.6715999841690063,151363.0
2026-07-02 19:30:00+00:00,0.6715999841690063,0.6876000165939331,0.6689000129699707,0.673799991607666,205973.0
2026-07-06 13:30:00+00:00,0.6644999980926514,0.6865000128746033,0.6496999859809875,0.6736999750137329,223241.0
2026-07-06 14:30:00+00:00,0.6736999750137329,0.6909999847412109,0.6600000262260437,0.6888999938964844,458378.0
2026-07-06 15:30:00+00:00,0.6850000023841858,0.6919999718666077,0.676800012588501,0.6779999732971191,271568.0
2026-07-06 16:30:00+00:00,0.6779999732971191,0.6797999739646912,0.6700000166893005,0.6712999939918518,148572.0
2026-07-06 17:30:00+00:00,0.6682999730110168,0.6850000023841858,0.6590999960899353,0.6776999831199646,506123.0
2026-07-06 18:30:00+00:00,0.6777999997138977,0.6780999898910522,0.6650000214576721,0.6736000180244446,43454.0
2026-07-06 19:30:00+00:00,0.6754999756813049,0.6858999729156494,0.6707000136375427,0.6784999966621399,174377.0
2026-07-07 13:30:00+00:00,0.6650000214576721,0.6787999868392944,0.6328999996185303,0.6453999876976013,462463.0
2026-07-07 14:30:00+00:00,0.6488000154495239,0.7152000069618225,0.6424999833106995,0.7027000188827515,496785.0
2026-07-07 15:30:00+00:00,0.7085000276565552,0.782800018787384,0.6962000131607056,0.7766000032424927,2114128.0
2026-07-07 16:30:00+00:00,0.7734000086784363,0.782800018787384,0.7603999972343445,0.7652000188827515,555117.0
2026-07-07 17:30:00+00:00,0.7699999809265137,0.7709000110626221,0.7452999949455261,0.7563999891281128,258763.0
2026-07-07 18:30:00+00:00,0.7560999989509583,0.7562000155448914,0.7031999826431274,0.7235999703407288,354954.0
2026-07-07 19:30:00+00:00,0.7269999980926514,0.7371000051498413,0.7038999795913696,0.7098000049591064,340346.0
2026-07-08 13:30:00+00:00,0.6881999969482422,0.713100016117096,0.6644999980926514,0.6668999791145325,464561.0
2026-07-08 14:30:00+00:00,0.671999990940094,0.6730999946594238,0.6600000262260437,0.660099983215332,390256.0
2026-07-08 15:30:00+00:00,0.660099983215332,0.6700000166893005,0.6500999927520752,0.6651999950408936,141636.0
2026-07-08 16:30:00+00:00,0.66839998960495,0.6776999831199646,0.6524999737739563,0.6776999831199646,169792.0
2026-07-08 17:30:00+00:00,0.6776999831199646,0.6970999836921692,0.6700999736785889,0.6827999949455261,140686.0
2026-07-08 18:30:00+00:00,0.6827999949455261,0.6899999976158142,0.67330002784729,0.682200014591217,136172.0
2026-07-08 19:30:00+00:00,0.6848000288009644,0.6848000288009644,0.6543999910354614,0.6708999872207642,317987.0
2026-07-09 13:30:00+00:00,0.6665999889373779,0.6836000084877014,0.6499999761581421,0.6597999930381775,381746.0
2026-07-09 14:30:00+00:00,0.6610999703407288,0.7039999961853027,0.6597999930381775,0.6952000260353088,182679.0
2026-07-09 15:30:00+00:00,0.6970000267028809,0.698199987411499,0.6818000078201294,0.6919000148773193,186879.0
2026-07-09 16:30:00+00:00,0.6917999982833862,0.7067000269889832,0.6875,0.70660001039505,101762.0
2026-07-09 17:30:00+00:00,0.7067000269889832,0.7186999917030334,0.6930000185966492,0.7124000191688538,552498.0
2026-07-09 18:30:00+00:00,0.7124000191688538,0.7200000286102295,0.6995999813079834,0.7027000188827515,319846.0
2026-07-09 19:30:00+00:00,0.7020000219345093,0.7037000060081482,0.6912999749183655,0.6965000033378601,176836.0
2026-07-10 13:30:00+00:00,0.7001000046730042,0.7350000143051147,0.6840999722480774,0.6990000009536743,692966.0
2026-07-10 14:30:00+00:00,0.6960999965667725,0.7239999771118164,0.6894000172615051,0.7239999771118164,259985.0
2026-07-10 15:30:00+00:00,0.7175999879837036,0.7199000120162964,0.7001000046730042,0.7024999856948853,273302.0
2026-07-10 16:30:00+00:00,0.704200029373169,0.7300000190734863,0.699999988079071,0.72079998254776,175909.0
2026-07-10 17:30:00+00:00,0.72079998254776,0.7350000143051147,0.7141000032424927,0.7178000211715698,395982.0
2026-07-10 18:30:00+00:00,0.7178000211715698,0.7200000286102295,0.699999988079071,0.7049000263214111,237673.0
2026-07-10 19:30:00+00:00,0.704800009727478,0.7208999991416931,0.699999988079071,0.7117000222206116,226678.0
2026-07-13 13:30:00+00:00,0.695900022983551,0.7039999961853027,0.6858999729156494,0.7039999961853027,192758.0
2026-07-13 14:30:00+00:00,0.7093999981880188,0.7197999954223633,0.704800009727478,0.7103000283241272,187184.0
2026-07-13 15:30:00+00:00,0.7146999835968018,0.7146999835968018,0.699999988079071,0.7006000280380249,30684.0
2026-07-13 16:30:00+00:00,0.7001000046730042,0.7077000141143799,0.6866999864578247,0.6895999908447266,369764.0
2026-07-13 17:30:00+00:00,0.6859999895095825,0.6908000111579895,0.671500027179718,0.6801000237464905,187600.0
2026-07-13 18:30:00+00:00,0.6848999857902527,0.6962000131607056,0.6801000237464905,0.6904000043869019,108510.0
2026-07-13 19:30:00+00:00,0.6904000043869019,0.7028999924659729,0.6902999877929688,0.6990000009536743,85248.0
2026-07-14 13:30:00+00:00,0.7200000286102295,0.7347999811172485,0.7028999924659729,0.7260000109672546,382798.0
2026-07-14 14:30:00+00:00,0.7261999845504761,0.7451000213623047,0.722599983215332,0.7425000071525574,172874.0
2026-07-14 15:30:00+00:00,0.7477999925613403,0.75,0.7379000186920166,0.7484999895095825,168605.0
2026-07-14 16:30:00+00:00,0.7486000061035156,0.7580000162124634,0.7427999973297119,0.7578999996185303,360891.0
2026-07-14 17:30:00+00:00,0.7544999718666077,0.7580000162124634,0.7371000051498413,0.7376000285148621,198069.0
2026-07-14 18:30:00+00:00,0.7376000285148621,0.746999979019165,0.7307000160217285,0.73580002784729,201853.0
2026-07-14 19:30:00+00:00,0.7355999946594238,0.7580000162124634,0.7200000286102295,0.7505000233650208,445803.0
2026-07-15 13:30:00+00:00,0.7789000272750854,0.7839999794960022,0.7501999735832214,0.7638999819755554,483890.0
2026-07-15 14:30:00+00:00,0.777999997138977,0.7799999713897705,0.7612000107765198,0.7767000198364258,305070.0
2026-07-15 15:30:00+00:00,0.7767000198364258,0.7850000262260437,0.7502999901771545,0.7502999901771545,188372.0
2026-07-15 16:30:00+00:00,0.7597000002861023,0.7718999981880188,0.7501999735832214,0.7718999981880188,48818.0
2026-07-15 17:30:00+00:00,0.7699999809265137,0.7799000144004822,0.7620999813079834,0.7674999833106995,51179.0
2026-07-15 18:30:00+00:00,0.7674999833106995,0.7699999809265137,0.757099986076355,0.7592999935150146,69646.0
2026-07-15 19:30:00+00:00,0.7601000070571899,0.7674999833106995,0.7502999901771545,0.7555999755859375,106721.0
2026-07-16 13:30:00+00:00,0.7340999841690063,0.7350000143051147,0.7085000276565552,0.7214999794960022,389652.0
2026-07-16 14:30:00+00:00,0.7170000076293945,0.7318999767303467,0.7110000252723694,0.7177000045776367,106947.0
2026-07-16 15:30:00+00:00,0.7186999917030334,0.7524999976158142,0.710099995136261,0.7111999988555908,129000.0
2026-07-16 16:30:00+00:00,0.7113000154495239,0.7160999774932861,0.7080000042915344,0.7098000049591064,89152.0
2026-07-16 17:30:00+00:00,0.7102000117301941,0.713699996471405,0.6890000104904175,0.7037000060081482,145431.0
2026-07-16 18:30:00+00:00,0.7017999887466431,0.7150999903678894,0.6909000277519226,0.7128999829292297,101828.0
2026-07-16 19:30:00+00:00,0.7128999829292297,0.7268000245094299,0.7099999785423279,0.7192000150680542,141180.0
2026-07-17 13:30:00+00:00,0.6741999983787537,0.7195000052452087,0.6690000295639038,0.7145000100135803,439227.0
2026-07-17 14:30:00+00:00,0.7143999934196472,0.7210000157356262,0.699999988079071,0.7002000212669373,74314.0
2026-07-17 15:30:00+00:00,0.7002000212669373,0.7197999954223633,0.7001000046730042,0.7197999954223633,13745.0
2026-07-17 16:30:00+00:00,0.7197999954223633,0.7401000261306763,0.7148000001907349,0.7253999710083008,214879.0
2026-07-17 17:30:00+00:00,0.7365000247955322,0.7365999817848206,0.7231000065803528,0.7246000170707703,97719.0
2026-07-17 18:30:00+00:00,0.7232000231742859,0.7282000184059143,0.7149999737739563,0.7195000052452087,30578.0
2026-07-17 19:30:00+00:00,0.7233999967575073,0.7239000201225281,0.7074000239372253,0.7081000208854675,81421.0
2026-07-20 13:30:00+00:00,0.7067000269889832,0.7300000190734863,0.692799985408783,0.7179999947547913,127370.0
2026-07-20 14:30:00+00:00,0.7167999744415283,0.7167999744415283,0.7021999955177307,0.7127000093460083,25854.0
2026-07-20 15:30:00+00:00,0.7078999876976013,0.754800021648407,0.7077999711036682,0.7267000079154968,484362.0
2026-07-20 16:30:00+00:00,0.7267000079154968,0.741599977016449,0.7200000286102295,0.7414000034332275,127651.0
2026-07-20 17:30:00+00:00,0.7346000075340271,0.7400000095367432,0.7229999899864197,0.7350999712944031,44166.0
2026-07-20 18:30:00+00:00,0.7351999878883362,0.7351999878883362,0.7111999988555908,0.7111999988555908,86876.0
2026-07-20 19:30:00+00:00,0.7111999988555908,0.7186999917030334,0.7032999992370605,0.7135000228881836,177007.0
2026-07-21 13:30:00+00:00,0.7253999710083008,0.7785999774932861,0.7200000286102295,0.7511000037193298,296650.0
2026-07-21 14:30:00+00:00,0.7689999938011169,0.7739999890327454,0.7501000165939331,0.7669000029563904,359042.0
2026-07-21 15:30:00+00:00,0.7677000164985657,0.7677000164985657,0.742900013923645,0.7509999871253967,172679.0
2026-07-21 16:30:00+00:00,0.7434999942779541,0.7494000196456909,0.7301999926567078,0.7303000092506409,158618.0
2026-07-21 17:30:00+00:00,0.7303000092506409,0.746399998664856,0.7218000292778015,0.746399998664856,170311.0
2026-07-21 18:30:00+00:00,0.7368999719619751,0.7398999929428101,0.7190999984741211,0.7312999963760376,131516.0
2026-07-21 19:30:00+00:00,0.7311999797821045,0.755299985408783,0.7311999797821045,0.7450000047683716,129843.0
2026-07-22 13:30:00+00:00,0.6937000155448914,0.7197999954223633,0.6922000050544739,0.6977999806404114,252954.0
2026-07-22 14:30:00+00:00,0.699999988079071,0.7062000036239624,0.6873999834060669,0.7057999968528748,230292.0
2026-07-22 15:30:00+00:00,0.7057999968528748,0.7057999968528748,0.6830000281333923,0.6869999766349792,431982.0
2026-07-22 16:30:00+00:00,0.6850000023841858,0.7039999961853027,0.6850000023841858,0.6970000267028809,200972.0
2026-07-22 17:30:00+00:00,0.698199987411499,0.7006999850273132,0.680400013923645,0.6841999888420105,82447.0
2026-07-22 18:30:00+00:00,0.680400013923645,0.6873999834060669,0.6732000112533569,0.6816999912261963,180262.0
2026-07-22 19:30:00+00:00,0.6815999746322632,0.6830999851226807,0.6700999736785889,0.6762999892234802,166086.0
2026-07-23 13:30:00+00:00,0.6600000262260437,0.6973999738693237,0.6534000039100647,0.6801000237464905,318911.0
2026-07-23 14:30:00+00:00,0.682699978351593,0.6845999956130981,0.6401000022888184,0.6581000089645386,904602.0
2026-07-23 15:30:00+00:00,0.6581000089645386,0.6604999899864197,0.6510000228881836,0.6589999794960022,73986.0
2026-07-23 16:30:00+00:00,0.6620000004768372,0.6620000004768372,0.6546000242233276,0.6603000164031982,82563.0
2026-07-23 17:30:00+00:00,0.660099983215332,0.6625999808311462,0.6553000211715698,0.6589999794960022,62174.0
2026-07-23 18:30:00+00:00,0.6560999751091003,0.6800000071525574,0.6560999751091003,0.6798999905586243,208005.0
2026-07-23 19:30:00+00:00,0.6787999868392944,0.6798999905586243,0.6601999998092651,0.6668999791145325,241627.0
2026-07-24 13:30:00+00:00,0.6654000282287598,0.6712999939918518,0.6226999759674072,0.6363000273704529,115701.0
2026-07-24 14:30:00+00:00,0.635699987411499,0.6438000202178955,0.625,0.6315000057220459,153384.0
2026-07-24 15:30:00+00:00,0.6315000057220459,0.6437000036239624,0.6256999969482422,0.6345999836921692,50363.0
2026-07-24 16:30:00+00:00,0.6345000267028809,0.6370000243186951,0.6280999779701233,0.6337000131607056,62631.0
2026-07-24 17:30:00+00:00,0.6360999941825867,0.6363000273704529,0.6299999952316284,0.6299999952316284,52984.0
2026-07-24 18:30:00+00:00,0.621399998664856,0.6340000033378601,0.6151000261306763,0.6190999746322632,146496.0
2026-07-24 19:30:00+00:00,0.6198999881744385,0.6287999749183655,0.6190000176429749,0.6201000213623047,174305.0
2026-07-27 13:30:00+00:00,0.6399999856948853,0.6549999713897705,0.621999979019165,0.6450999975204468,378799.0
2026-07-27 14:30:00+00:00,0.6338000297546387,0.6420000195503235,0.6299999952316284,0.6363999843597412,96786.0
2026-07-27 15:30:00+00:00,0.6351000070571899,0.6359999775886536,0.6247000098228455,0.6348999738693237,32897.0
2026-07-27 16:30:00+00:00,0.6420000195503235,0.6498000025749207,0.6276000142097473,0.6389999985694885,26080.0
2026-07-27 17:30:00+00:00,0.6349999904632568,0.6434000134468079,0.6305000185966492,0.6365000009536743,51725.0
2026-07-27 18:30:00+00:00,0.6305000185966492,0.6449999809265137,0.6304000020027161,0.6449000239372253,23680.0
2026-07-27 19:30:00+00:00,0.6452999711036682,0.646399974822998,0.621399998664856,0.6281999945640564,121152.0
2026-07-28 13:30:00+00:00,0.6209999918937683,0.6298999786376953,0.5867999792098999,0.6000999808311462,460204.0
2026-07-28 14:30:00+00:00,0.6018000245094299,0.6223999857902527,0.5924000144004822,0.6107000112533569,198386.0
2026-07-28 15:30:00+00:00,0.6164000034332275,0.6212999820709229,0.6000000238418579,0.6000999808311462,246512.0
2026-07-28 16:30:00+00:00,0.6079999804496765,0.6348999738693237,0.6001999974250793,0.6168000102043152,244021.0
2026-07-28 17:30:00+00:00,0.6173999905586243,0.6297000050544739,0.6000000238418579,0.6000000238418579,470365.0
2026-07-28 18:30:00+00:00,0.6000999808311462,0.6148999929428101,0.6000999808311462,0.6148999929428101,37346.0
2026-07-28 19:30:00+00:00,0.6150000095367432,0.6211000084877014,0.6050999760627747,0.6139000058174133,320906.0
2026-07-29 13:30:00+00:00,0.6150000095367432,0.6370000243186951,0.6003999710083008,0.6036999821662903,181984.0
2026-07-29 14:30:00+00:00,0.6011000275611877,0.6111999750137329,0.5902000069618225,0.5978999733924866,130229.0
2026-07-29 15:30:00+00:00,0.6098999977111816,0.61080002784729,0.5900999903678894,0.5928000211715698,55055.0
2026-07-29 16:30:00+00:00,0.59579998254776,0.6004999876022339,0.5839999914169312,0.6004999876022339,88592.0
2026-07-29 17:30:00+00:00,0.5924000144004822,0.6111000180244446,0.5874000191688538,0.5960000157356262,240484.0
2026-07-29 18:30:00+00:00,0.5956000089645386,0.6159999966621399,0.5914999842643738,0.6014999747276306,89149.0
2026-07-29 19:30:00+00:00,0.6010000109672546,0.60589998960495,0.5902000069618225,0.6004999876022339,100920.0
2026-07-30 13:30:00+00:00,0.6299999952316284,0.6383000016212463,0.6158999800682068,0.6383000016212463,179861.0
2026-07-30 14:30:00+00:00,0.6402000188827515,0.6402000188827515,0.6208999752998352,0.6310999989509583,89670.0
2026-07-30 15:30:00+00:00,0.6233000159263611,0.6399999856948853,0.6233000159263611,0.6333000063896179,35025.0
2026-07-30 16:30:00+00:00,0.6355000138282776,0.6499999761581421,0.6248000264167786,0.6431000232696533,122004.0
2026-07-30 17:30:00+00:00,0.6373999714851379,0.6453999876976013,0.6371999979019165,0.6442999839782715,46025.0
2026-07-30 18:30:00+00:00,0.6409000158309937,0.6499000191688538,0.6385999917984009,0.6467999815940857,27709.0
2026-07-30 19:30:00+00:00,0.6460000276565552,0.6484000086784363,0.6255000233650208,0.6312000155448914,181457.0
2026-07-31 13:30:00+00:00,0.6299999952316284,0.6498000025749207,0.5828999876976013,0.5902000069618225,437140.0
2026-07-31 14:30:00+00:00,0.5902000069618225,0.6092000007629395,0.585099995136261,0.5989999771118164,102775.0
2026-07-31 15:30:00+00:00,0.5950999855995178,0.6029999852180481,0.5902000069618225,0.5971999764442444,62591.0
2026-07-31 16:30:00+00:00,0.6050999760627747,0.6075000166893005,0.5975000262260437,0.6014999747276306,61576.0
2026-07-31 17:30:00+00:00,0.6032999753952026,0.6158999800682068,0.6031000018119812,0.6064000129699707,30009.0
2026-07-31 18:30:00+00:00,0.6053000092506409,0.6071000099182129,0.5856999754905701,0.6000999808311462,258806.0
2026-07-31 19:30:00+00:00,0.5956000089645386,0.5978000164031982,0.5899999737739563,0.5935999751091003,52677.0
2026-08-03 13:30:00+00:00,0.6098999977111816,0.6481999754905701,0.6074000000953674,0.6402999758720398,455728.0
2026-08-03 14:30:00+00:00,0.6430000066757202,0.6600000262260437,0.642799973487854,0.6474999785423279,168040.0
2026-08-03 15:30:00+00:00,0.6498000025749207,0.6557000279426575,0.6444000005722046,0.6539000272750854,101132.0
2026-08-03 16:30:00+00:00,0.6539000272750854,0.6556000113487244,0.6432999968528748,0.6535999774932861,29094.0
2026-08-03 17:30:00+00:00,0.6517000198364258,0.6536999940872192,0.6471999883651733,0.6536999940872192,58808.0
2026-08-03 18:30:00+00:00,0.6535999774932861,0.6536999940872192,0.6460999846458435,0.6504999995231628,149348.0
2026-08-03 19:30:00+00:00,0.6520000100135803,0.6527000069618225,0.6351000070571899,0.6416000127792358,134468.0
2026-08-04 13:30:00+00:00,0.641700029373169,0.6790000200271606,0.641700029373169,0.6651999950408936,201255.0
2026-08-04 14:30:00+00:00,0.6651999950408936,0.6800000071525574,0.6520000100135803,0.6751999855041504,89426.0
2026-08-04 15:30:00+00:00,0.6761999726295471,0.6800000071525574,0.6700999736785889,0.6776999831199646,160352.0
2026-08-04 16:30:00+00:00,0.6740000247955322,0.6980999708175659,0.6740000247955322,0.6927000284194946,391888.0
2026-08-04 17:30:00+00:00,0.6945000290870667,0.7041000127792358,0.6880000233650208,0.6935999989509583,93679.0
2026-08-04 18:30:00+00:00,0.6959999799728394,0.697700023651123,0.6787999868392944,0.6912999749183655,233469.0
2026-08-04 19:30:00+00:00,0.6855999827384949,0.698199987411499,0.6855999827384949,0.6909000277519226,79922.0
2026-08-05 13:30:00+00:00,0.7070000171661377,0.7200000286102295,0.703000009059906,0.7099999785423279,357464.0
2026-08-05 14:30:00+00:00,0.7087000012397766,0.7087000012397766,0.690500020980835,0.6951000094413757,68069.0
2026-08-05 15:30:00+00:00,0.6951000094413757,0.7020000219345093,0.6949999928474426,0.7001000046730042,30217.0
2026-08-05 16:30:00+00:00,0.7049999833106995,0.7141000032424927,0.6951000094413757,0.7102000117301941,107928.0
2026-08-05 17:30:00+00:00,0.710099995136261,0.7290999889373779,0.710099995136261,0.7228999733924866,111367.0
2026-08-05 18:30:00+00:00,0.7228999733924866,0.7324000000953674,0.7060999870300293,0.7307999730110168,195811.0
2026-08-05 19:30:00+00:00,0.7307999730110168,0.7348999977111816,0.7258999943733215,0.7315000295639038,185537.0
2026-08-06 13:30:00+00:00,0.6949999928474426,0.7150999903678894,0.6704000234603882,0.6898000240325928,482690.0
2026-08-06 14:30:00+00:00,0.6904000043869019,0.7014999985694885,0.6801000237464905,0.6923999786376953,109819.0
2026-08-06 15:30:00+00:00,0.6923999786376953,0.694599986076355,0.6726999878883362,0.6761999726295471,144136.0
2026-08-06 16:30:00+00:00,0.6736000180244446,0.6899999976158142,0.6721000075340271,0.6862000226974487,58031.0
2026-08-06 17:30:00+00:00,0.6822999715805054,0.6883999705314636,0.6777999997138977,0.6866999864578247,98465.0
2026-08-06 18:30:00+00:00,0.6775000095367432,0.6962000131607056,0.6604999899864197,0.6924999952316284,283981.0
2026-08-06 19:30:00+00:00,0.685699999332428,0.6865000128746033,0.6704000234603882,0.6740000247955322,82420.0
2026-08-07 13:30:00+00:00,0.6711000204086304,0.7297000288963318,0.6711000204086304,0.7196000218391418,530006.0
2026-08-07 14:30:00+00:00,0.7195000052452087,0.7232999801635742,0.6761000156402588,0.6837999820709229,985206.0
2026-08-07 15:30:00+00:00,0.6811000108718872,0.6970000267028809,0.6811000108718872,0.683899998664856,111568.0
2026-08-07 16:30:00+00:00,0.6837999820709229,0.6967999935150146,0.6832000017166138,0.6884999871253967,38386.0
2026-08-07 17:30:00+00:00,0.6905999779701233,0.6996999979019165,0.6905999779701233,0.695900022983551,51055.0
2026-08-07 18:30:00+00:00,0.6909000277519226,0.6984999775886536,0.6899999976158142,0.6959999799728394,98117.0
2026-08-07 19:30:00+00:00,0.6958000063896179,0.6995000243186951,0.6851000189781189,0.694599986076355,142886.0
2026-08-10 13:30:00+00:00,0.703000009059906,0.7200000286102295,0.6877999901771545,0.692799985408783,448279.0
2026-08-10 14:30:00+00:00,0.692799985408783,0.692799985408783,0.6851000189781189,0.6851000189781189,180717.0
2026-08-10 15:30:00+00:00,0.6850000023841858,0.6876999735832214,0.6765999794006348,0.6855000257492065,241613.0
2026-08-10 16:30:00+00:00,0.6784999966621399,0.6787999868392944,0.6675000190734863,0.6700000166893005,115179.0
2026-08-10 17:30:00+00:00,0.6700000166893005,0.6844000220298767,0.6700000166893005,0.6746000051498413,186262.0
2026-08-10 18:30:00+00:00,0.6739000082015991,0.6919999718666077,0.6739000082015991,0.6919999718666077,42559.0
2026-08-10 19:30:00+00:00,0.6862999796867371,0.697700023651123,0.6721000075340271,0.6826000213623047,203341.0
2026-08-11 13:30:00+00:00,0.6740000247955322,0.6990000009536743,0.6669999957084656,0.6718000173568726,173174.0
2026-08-11 14:30:00+00:00,0.6718000173568726,0.682200014591217,0.6671000123023987,0.6711999773979187,79929.0
2026-08-11 15:30:00+00:00,0.6743999719619751,0.6786999702453613,0.6668999791145325,0.6722000241279602,76431.0
2026-08-11 16:30:00+00:00,0.6723999977111816,0.6862999796867371,0.6682999730110168,0.6782000064849854,68103.0
2026-08-11 17:30:00+00:00,0.6866000294685364,0.6884999871253967,0.6769999861717224,0.6876999735832214,98313.0
2026-08-11 18:30:00+00:00,0.6876000165939331,0.6906999945640564,0.6710000038146973,0.6789000034332275,104538.0
2026-08-11 19:30:00+00:00,0.6790000200271606,0.6809999942779541,0.6715999841690063,0.6809999942779541,183782.0
2026-08-12 13:30:00+00:00,0.6922000050544739,0.7200000286102295,0.6809999942779541,0.6866000294685364,295297.0
2026-08-12 14:30:00+00:00,0.6868000030517578,0.697700023651123,0.6800000071525574,0.6876999735832214,39687.0
2026-08-12 15:30:00+00:00,0.6916000247001648,0.6998000144958496,0.6837999820709229,0.6922000050544739,36975.0
2026-08-12 16:30:00+00:00,0.6990000009536743,0.6998000144958496,0.6869000196456909,0.6909000277519226,113364.0
2026-08-12 17:30:00+00:00,0.6904000043869019,0.6980999708175659,0.6668999791145325,0.6762999892234802,622345.0
2026-08-12 18:30:00+00:00,0.6873000264167786,0.6873000264167786,0.6567000150680542,0.6600000262260437,338657.0
2026-08-12 19:30:00+00:00,0.6600000262260437,0.6639000177383423,0.621999979019165,0.6575999855995178,365002.0
2026-08-13 13:30:00+00:00,0.640999972820282,0.6825000047683716,0.6377000212669373,0.6539999842643738,299292.0
2026-08-13 14:30:00+00:00,0.6539999842643738,0.6597999930381775,0.6352999806404114,0.6359000205993652,191215.0
2026-08-13 15:30:00+00:00,0.6381000280380249,0.6496999859809875,0.6299999952316284,0.6388999819755554,182012.0
2026-08-13 16:30:00+00:00,0.637499988079071,0.6466000080108643,0.6265000104904175,0.6363000273704529,416222.0
2026-08-13 17:30:00+00:00,0.6362000107765198,0.6482999920845032,0.6359000205993652,0.6456000208854675,208692.0
2026-08-13 18:30:00+00:00,0.6439999938011169,0.6513000130653381,0.6355999708175659,0.635699987411499,60438.0
2026-08-13 19:30:00+00:00,0.6355000138282776,0.6546000242233276,0.6355000138282776,0.6463000178337097,134726.0
2026-08-14 13:30:00+00:00,0.6413999795913696,0.6413999795913696,0.6245999932289124,0.6281999945640564,79927.0
2026-08-14 14:30:00+00:00,0.6281999945640564,0.6399999856948853,0.6230999827384949,0.6399000287055969,109265.0
2026-08-14 15:30:00+00:00,0.6399000287055969,0.6517000198364258,0.6399000287055969,0.6517000198364258,54242.0
2026-08-14 16:30:00+00:00,0.6496999859809875,0.6571000218391418,0.6391000151634216,0.6492999792098999,92334.0
2026-08-14 17:30:00+00:00,0.6499999761581421,0.6499999761581421,0.6395999789237976,0.6474999785423279,63945.0
2026-08-14 18:30:00+00:00,0.6403999924659729,0.6474999785423279,0.6345999836921692,0.641700029373169,54713.0
2026-08-14 19:30:00+00:00,0.644599974155426,0.6561999917030334,0.6345999836921692,0.6434999704360962,97898.0
2026-08-17 13:30:00+00:00,0.6759999990463257,0.7064999938011169,0.6700999736785889,0.6851000189781189,568246.0
2026-08-17 14:30:00+00:00,0.685699999332428,0.7299000024795532,0.685699999332428,0.7196999788284302,499617.0
2026-08-17 15:30:00+00:00,0.7120000123977661,0.7294999957084656,0.7045999765396118,0.7099999785423279,227290.0
2026-08-17 16:30:00+00:00,0.7167999744415283,0.7199000120162964,0.7009999752044678,0.7028999924659729,60494.0
2026-08-17 17:30:00+00:00,0.7023000121116638,0.7105000019073486,0.6820999979972839,0.6898999810218811,102920.0
2026-08-17 18:30:00+00:00,0.697700023651123,0.7243000268936157,0.6941999793052673,0.7105000019073486,180203.0
2026-08-17 19:30:00+00:00,0.7106000185012817,0.7190999984741211,0.7001000046730042,0.7181000113487244,102093.0
2026-08-18 13:30:00+00:00,0.7099999785423279,0.7900000214576721,0.7055000066757202,0.7843000292778015,1216320.0
2026-08-18 14:30:00+00:00,0.7843999862670898,0.7990000247955322,0.7649000287055969,0.7735999822616577,501503.0
2026-08-18 15:30:00+00:00,0.7739999890327454,0.821399986743927,0.7739999890327454,0.810699999332428,447483.0
2026-08-18 16:30:00+00:00,0.8058000206947327,0.829800009727478,0.7950999736785889,0.8057000041007996,262944.0
2026-08-18 17:30:00+00:00,0.7950999736785889,0.8299999833106995,0.7950999736785889,0.8174999952316284,541035.0
2026-08-18 18:30:00+00:00,0.8190000057220459,0.8399999737739563,0.8011000156402588,0.8070999979972839,629549.0
2026-08-18 19:30:00+00:00,0.8127999901771545,0.8292999863624573,0.7950000166893005,0.7950999736785889,320320.0
2026-08-19 13:30:00+00:00,0.8100000023841858,0.917900025844574,0.8100000023841858,0.9176999926567078,916477.0
2026-08-19 14:30:00+00:00,0.9121999740600586,0.9955000281333923,0.9070000052452087,0.9940000176429749,1705573.0
2026-08-19 15:30:00+00:00,0.9940000176429749,1.0499999523162842,0.960099995136261,1.0404000282287598,2214382.0
2026-08-19 16:30:00+00:00,1.0404000282287598,1.0750000476837158,1.0,1.0299999713897705,1444552.0
2026-08-19 17:30:00+00:00,1.0357999801635742,1.090000033378601,1.0200999975204468,1.0700000524520874,1103278.0
2026-08-19 18:30:00+00:00,1.0750000476837158,1.159999966621399,1.059999942779541,1.1449999809265137,1217202.0
2026-08-19 19:30:00+00:00,1.1449999809265137,1.1549999713897705,1.059999942779541,1.065000057220459,1497292.0
2026-08-20 13:30:00+00:00,1.149999976158142,1.2300000190734863,1.100000023841858,1.1705000400543213,2617250.0
2026-08-20 14:30:00+00:00,1.1749999523162842,1.2200000286102295,1.149999976158142,1.1991000175476074,783666.0
2026-08-20 15:30:00+00:00,1.190000057220459,1.2200000286102295,1.0499999523162842,1.1799999475479126,2283576.0
2026-08-20 16:30:00+00:00,1.1749999523162842,1.25,1.149999976158142,1.215000033378601,1645453.0
2026-08-20 17:30:00+00:00,1.211400032043457,1.225000023841858,1.100100040435791,1.1200000047683716,800552.0
2026-08-20 18:30:00+00:00,1.125,1.149999976158142,1.090000033378601,1.1449999809265137,479623.0
2026-08-20 19:30:00+00:00,1.1399999856948853,1.2000000476837158,1.1398999691009521,1.1799999475479126,1006474.0
2026-08-21 13:30:00+00:00,1.3200000524520874,1.4500000476837158,1.2649999856948853,1.315000057220459,4830660.0
2026-08-21 14:30:00+00:00,1.315000057220459,1.340000033378601,1.184999942779541,1.2599999904632568,2238281.0
2026-08-21 15:30:00+00:00,1.2649999856948853,1.3200000524520874,1.2400000095367432,1.284999966621399,1459940.0
2026-08-21 16:30:00+00:00,1.2891000509262085,1.3801000118255615,1.2799999713897705,1.315000057220459,1030946.0
2026-08-21 17:30:00+00:00,1.2999999523162842,1.375,1.2799999713897705,1.3350000381469727,875478.0
2026-08-21 18:30:00+00:00,1.339900016784668,1.4198999404907227,1.2999999523162842,1.3949999809265137,1213623.0
2026-08-21 19:30:00+00:00,1.4049999713897705,1.434999942779541,1.350000023841858,1.409999966621399,1138961.0
2026-08-24 13:30:00+00:00,1.8200000524520874,2.0199999809265137,1.7000000476837158,1.965000033378601,18418418.0
2026-08-24 14:30:00+00:00,1.9699000120162964,1.9700000286102295,1.6699999570846558,1.7300000190734863,7015271.0
2026-08-24 15:30:00+00:00,1.725000023841858,1.7699999809265137,1.600000023841858,1.6399999856948853,4182660.0
2026-08-24 16:30:00+00:00,1.6401000022888184,1.649999976158142,1.5499999523162842,1.5549999475479126,2327170.0
2026-08-24 17:30:00+00:00,1.5549999475479126,1.625,1.5399999618530273,1.6051000356674194,2135291.0
2026-08-24 18:30:00+00:00,1.6068999767303467,1.6068999767303467,1.5299999713897705,1.600000023841858,1338290.0
2026-08-24 19:30:00+00:00,1.5950000286102295,1.690000057220459,1.5800000429153442,1.6699999570846558,2073777.0
2026-08-25 13:30:00+00:00,1.559999942779541,1.7699999809265137,1.5300999879837036,1.7649999856948853,4382466.0
2026-08-25 14:30:00+00:00,1.7599999904632568,1.8200000524520874,1.6299999952316284,1.6699999570846558,1856903.0
2026-08-25 15:30:00+00:00,1.659999966621399,1.7450000047683716,1.659999966621399,1.7000000476837158,974142.0
2026-08-25 16:30:00+00:00,1.7050000429153442,1.7300000190734863,1.6699999570846558,1.690000057220459,791748.0
2026-08-25 17:30:00+00:00,1.684999942779541,1.7000000476837158,1.6100000143051147,1.6549999713897705,866984.0
2026-08-25 18:30:00+00:00,1.649999976158142,1.7200000286102295,1.6200000047683716,1.6649999618530273,1039280.0
2026-08-25 19:30:00+00:00,1.6649999618530273,1.669800043106079,1.6100000143051147,1.6431000232696533,937391.0
2026-08-26 13:30:00+00:00,1.600000023841858,1.6299999952316284,1.5399999618530273,1.604599952697754,1327564.0
2026-08-26 14:30:00+00:00,1.6150000095367432,1.75,1.600000023841858,1.7450000047683716,1333428.0
2026-08-26 15:30:00+00:00,1.774999976158142,1.809999942779541,1.7400000095367432,1.7508000135421753,1925500.0
2026-08-26 16:30:00+00:00,1.7400000095367432,1.7450000047683716,1.6699999570846558,1.6799999475479126,1149262.0
2026-08-26 17:30:00+00:00,1.690000057220459,1.7000000476837158,1.659999966621399,1.6799999475479126,329948.0
2026-08-26 18:30:00+00:00,1.6799999475479126,1.6799999475479126,1.6399999856948853,1.6549999713897705,443665.0
2026-08-26 19:30:00+00:00,1.649999976158142,1.6799999475479126,1.600000023841858,1.6399999856948853,674984.0
2026-08-27 13:30:00+00:00,1.75,2.049999952316284,1.7300000190734863,1.9850000143051147,5934099.0
2026-08-27 14:30:00+00:00,1.972100019454956,2.0399999618530273,1.940000057220459,2.0250000953674316,3204659.0
2026-08-27 15:30:00+00:00,2.0199999809265137,2.049999952316284,1.9299999475479126,1.9550000429153442,1674609.0
2026-08-27 16:30:00+00:00,1.9589999914169312,2.0199999809265137,1.9500000476837158,1.9609999656677246,825769.0
2026-08-27 17:30:00+00:00,1.9607000350952148,1.9700000286102295,1.8799999952316284,1.899999976158142,697139.0
2026-08-27 18:30:00+00:00,1.899999976158142,1.940000057220459,1.8799999952316284,1.9199999570846558,744484.0
2026-08-27 19:30:00+00:00,1.909999966621399,1.9450000524520874,1.8601000308990479,1.8799999952316284,1212603.0
2026-08-28 13:30:00+00:00,1.7999999523162842,1.840000033378601,1.7100000381469727,1.75,2333166.0
2026-08-28 14:30:00+00:00,1.75,1.8300000429153442,1.7300000190734863,1.7350000143051147,1267544.0
2026-08-28 15:30:00+00:00,1.7350000143051147,1.7599999904632568,1.6299999952316284,1.6549999713897705,1442164.0
2026-08-28 16:30:00+00:00,1.659999966621399,1.6699999570846558,1.6200000047683716,1.6549999713897705,838138.0
2026-08-28 17:30:00+00:00,1.6598999500274658,1.690000057220459,1.649999976158142,1.6549999713897705,942549.0
2026-08-28 18:30:00+00:00,1.649999976158142,1.7100000381469727,1.643399953842163,1.7000000476837158,610597.0
2026-08-28 19:30:00+00:00,1.7000000476837158,1.7350000143051147,1.6799999475479126,1.715000033378601,419981.0
2026-08-31 13:30:00+00:00,1.7100000381469727,1.7350000143051147,1.6100000143051147,1.6799999475479126,2018143.0
2026-08-31 14:30:00+00:00,1.6787999868392944,1.7699999809265137,1.6749999523162842,1.7680000066757202,889858.0
2026-08-31 15:30:00+00:00,1.7698999643325806,1.8200000524520874,1.690000057220459,1.6950000524520874,951970.0
2026-08-31 16:30:00+00:00,1.6964999437332153,1.7400000095367432,1.690000057220459,1.725000023841858,435541.0
2026-08-31 17:30:00+00:00,1.725000023841858,1.8600000143051147,1.7200000286102295,1.8350000381469727,1244895.0
2026-08-31 18:30:00+00:00,1.8350000381469727,1.850000023841858,1.75,1.8250000476837158,1137072.0
2026-08-31 19:30:00+00:00,1.8250000476837158,1.840000033378601,1.8000999689102173,1.8250000476837158,611747.0
2026-09-01 13:30:00+00:00,1.7400000095367432,1.7879999876022339,1.649999976158142,1.7549999952316284,1438916.0
2026-09-01 14:30:00+00:00,1.7549999952316284,1.7898999452590942,1.725000023841858,1.7699999809265137,518650.0
2026-09-01 15:30:00+00:00,1.769700050354004,1.8097000122070312,1.7400000095367432,1.7450000047683716,615291.0
2026-09-01 16:30:00+00:00,1.7450000047683716,1.7899999618530273,1.7000000476837158,1.7899999618530273,967262.0
2026-09-01 17:30:00+00:00,1.7899999618530273,1.7999999523162842,1.7100000381469727,1.7300000190734863,523876.0
2026-09-01 18:30:00+00:00,1.7307000160217285,1.75,1.659999966621399,1.6950000524520874,933538.0
2026-09-01 19:30:00+00:00,1.6950000524520874,1.7200000286102295,1.6700999736785889,1.7100000381469727,487669.0
2026-09-02 13:30:00+00:00,1.690000057220459,1.75,1.6549999713897705,1.684999942779541,1246167.0
2026-09-02 14:30:00+00:00,1.684999942779541,1.684999942779541,1.600000023841858,1.6549999713897705,815555.0
2026-09-02 15:30:00+00:00,1.6598999500274658,1.75,1.6449999809265137,1.7400000095367432,817126.0
2026-09-02 16:30:00+00:00,1.7350000143051147,1.7799999713897705,1.7000999450683594,1.715000033378601,707329.0
2026-09-02 17:30:00+00:00,1.715000033378601,1.73989999294281,1.7100000381469727,1.7201000452041626,212549.0
2026-09-02 18:30:00+00:00,1.72160005569458,1.7300000190734863,1.6950000524520874,1.7100000381469727,289430.0
2026-09-02 19:30:00+00:00,1.715000033378601,1.715000033378601,1.659999966621399,1.6799999475479126,468444.0
2026-09-03 13:30:00+00:00,1.75,1.909999966621399,1.7200000286102295,1.9049999713897705,3251075.0
2026-09-03 14:30:00+00:00,1.9049999713897705,2.0899999141693115,1.8600000143051147,2.0592000484466553,3253663.0
2026-09-03 15:30:00+00:00,2.055000066757202,2.180000066757202,2.049999952316284,2.134999990463257,4781958.0
2026-09-03 16:30:00+00:00,2.134999990463257,2.2300000190734863,2.130000114440918,2.180000066757202,1934639.0
2026-09-03 17:30:00+00:00,2.180999994277954,2.2300000190734863,2.180000066757202,2.2200000286102295,1279044.0
2026-09-03 18:30:00+00:00,2.2100000381469727,2.234999895095825,2.174999952316284,2.200000047683716,1248171.0
2026-09-03 19:30:00+00:00,2.201200008392334,2.299999952316284,2.190000057220459,2.265000104904175,2027687.0
2026-09-04 13:30:00+00:00,2.2200000286102295,2.299999952316284,2.1600000858306885,2.234999895095825,4939059.0
2026-09-04 14:30:00+00:00,2.244999885559082,2.259999990463257,2.130000114440918,2.2249999046325684,2342566.0
2026-09-04 15:30:00+00:00,2.2298998832702637,2.3489999771118164,2.2100000381469727,2.309999942779541,1703115.0
2026-09-04 16:30:00+00:00,2.305000066757202,2.4897000789642334,2.3027000427246094,2.375,3176694.0
2026-09-04 17:30:00+00:00,2.375,2.4000000953674316,2.340100049972534,2.390000104904175,1230579.0
2026-09-04 18:30:00+00:00,2.4000000953674316,2.440000057220459,2.3399999141693115,2.4049999713897705,2033040.0
2026-09-04 19:30:00+00:00,2.401099920272827,2.440000057220459,2.380000114440918,2.4149999618530273,1035242.0
2026-09-08 13:30:00+00:00,2.440000057220459,2.5,2.299999952316284,2.494999885559082,4630332.0
2026-09-08 14:30:00+00:00,2.494999885559082,2.5850000381469727,2.469099998474121,2.5799999237060547,2458106.0
2026-09-08 15:30:00+00:00,2.569999933242798,2.609999895095825,2.505000114440918,2.5950000286102295,1803413.0
2026-09-08 16:30:00+00:00,2.5950000286102295,2.690000057220459,2.5899999141693115,2.6826000213623047,2331229.0
2026-09-08 17:30:00+00:00,2.684999942779541,2.75,2.640000104904175,2.7399001121520996,1331744.0
2026-09-08 18:30:00+00:00,2.734999895095825,2.825000047683716,2.7100000381469727,2.7400999069213867,3353854.0
2026-09-08 19:30:00+00:00,2.744999885559082,2.759999990463257,2.569999933242798,2.634999990463257,1644749.0
2026-09-09 13:30:00+00:00,2.7049999237060547,3.075000047683716,2.687000036239624,3.0311999320983887,9236924.0
2026-09-09 14:30:00+00:00,3.0299999713897705,3.2249999046325684,2.640000104904175,2.7300000190734863,9563006.0
2026-09-09 15:30:00+00:00,2.734999895095825,2.759999990463257,2.559999942779541,2.636199951171875,4247580.0
2026-09-09 16:30:00+00:00,2.630000114440918,2.680000066757202,2.549999952316284,2.5850000381469727,2168403.0
2026-09-09 17:30:00+00:00,2.5850000381469727,2.630000114440918,2.5199999809265137,2.5199999809265137,2187972.0
2026-09-09 18:30:00+00:00,2.520900011062622,2.599100112915039,2.5,2.565000057220459,2607727.0
2026-09-09 19:30:00+00:00,2.565000057220459,2.5789999961853027,2.4200000762939453,2.440000057220459,2787029.0
2026-09-10 13:30:00+00:00,2.2899999618530273,2.5250000953674316,2.200000047683716,2.265000104904175,8934154.0
2026-09-10 14:30:00+00:00,2.279900074005127,2.319999933242798,2.2100000381469727,2.211199998855591,924514.0
2026-09-10 15:30:00+00:00,2.2149999141693115,2.3299999237060547,2.200000047683716,2.2149999141693115,1687176.0
2026-09-10 16:30:00+00:00,2.210400104522705,2.2850000858306885,2.174999952316284,2.279900074005127,1394352.0
2026-09-10 17:30:00+00:00,2.280900001525879,2.2899999618530273,2.210900068283081,2.255000114440918,887026.0
2026-09-10 18:30:00+00:00,2.255000114440918,2.299999952316284,2.2200000286102295,2.240000009536743,736269.0
2026-09-10 19:30:00+00:00,2.244999885559082,2.259999990463257,2.180000066757202,2.196700096130371,936592.0
2026-09-11 13:30:00+00:00,2.4000000953674316,2.5199999809265137,2.299999952316284,2.430000066757202,5743649.0
2026-09-11 14:30:00+00:00,2.424999952316284,2.440000057220459,2.3499999046325684,2.400899887084961,1670476.0
2026-09-11 15:30:00+00:00,2.4049999713897705,2.4549999237060547,2.3299999237060547,2.3450000286102295,1196175.0
2026-09-11 16:30:00+00:00,2.3450000286102295,2.369999885559082,2.315000057220459,2.3450000286102295,452144.0
2026-09-11 17:30:00+00:00,2.3399999141693115,2.3499999046325684,2.2750000953674316,2.2750000953674316,340146.0
2026-09-11 18:30:00+00:00,2.2799999713897705,2.319999933242798,2.2500998973846436,2.255000114440918,904856.0
2026-09-11 19:30:00+00:00,2.259999990463257,2.299999952316284,2.2300000190734863,2.2699999809265137,899293.0
2026-09-14 13:30:00+00:00,2.25,2.4398000240325928,2.244999885559082,2.2750000953674316,2614637.0
2026-09-14 14:30:00+00:00,2.2699999809265137,2.3087000846862793,2.2300000190734863,2.2690999507904053,918215.0
2026-09-14 15:30:00+00:00,2.2699999809265137,2.3350000381469727,2.25,2.320199966430664,536985.0
2026-09-14 16:30:00+00:00,2.319999933242798,2.484999895095825,2.315000057220459,2.4700000286102295,1690891.0
2026-09-14 17:30:00+00:00,2.4700000286102295,2.5850000381469727,2.450000047683716,2.569999933242798,1620329.0
2026-09-14 18:30:00+00:00,2.575000047683716,2.5977001190185547,2.490000009536743,2.556299924850464,1142977.0
2026-09-14 19:30:00+00:00,2.555000066757202,2.609999895095825,2.5299999713897705,2.5999999046325684,1587328.0
2026-09-15 13:30:00+00:00,2.4000000953674316,2.4100000858306885,2.1700000762939453,2.180000066757202,2383216.0
2026-09-15 14:30:00+00:00,2.1777000427246094,2.190000057220459,2.0999999046325684,2.147599935531616,2024359.0
2026-09-15 15:30:00+00:00,2.1496999263763428,2.180000066757202,2.119999885559082,2.1700000762939453,820432.0
2026-09-15 16:30:00+00:00,2.1649999618530273,2.184999942779541,2.130000114440918,2.174999952316284,456581.0
2026-09-15 17:30:00+00:00,2.174999952316284,2.240000009536743,2.1700000762939453,2.2209999561309814,1035260.0
2026-09-15 18:30:00+00:00,2.2249999046325684,2.2899999618530273,2.055000066757202,2.265000104904175,3225967.0
2026-09-15 19:30:00+00:00,2.265000104904175,2.2799999713897705,2.180000066757202,2.2149999141693115,1234793.0
2026-09-16 13:30:00+00:00,2.4700000286102295,2.559999942779541,2.299999952316284,2.5201001167297363,5818155.0
2026-09-16 14:30:00+00:00,2.5250000953674316,2.619999885559082,2.4700000286102295,2.5850000381469727,2359849.0
2026-09-16 15:30:00+00:00,2.5801000595092773,2.5999999046325684,2.509999990463257,2.5850000381469727,1368327.0
2026-09-16 16:30:00+00:00,2.589900016784668,2.640000104904175,2.5399999618530273,2.5399999618530273,1112227.0
2026-09-16 17:30:00+00:00,2.5399999618530273,2.7100000381469727,2.440000057220459,2.6050000190734863,3919368.0
2026-09-16 18:30:00+00:00,2.5999999046325684,2.7200000286102295,2.4600000381469727,2.484999895095825,4302187.0
2026-09-16 19:30:00+00:00,2.4899001121520996,2.5589001178741455,2.4100000858306885,2.430000066757202,2896624.0
2026-09-17 13:30:00+00:00,2.674999952316284,2.965100049972534,2.5999999046325684,2.9549999237060547,6757461.0
2026-09-17 14:30:00+00:00,2.950000047683716,3.0399999618530273,2.880000114440918,2.987600088119507,3534033.0
2026-09-17 15:30:00+00:00,2.9811999797821045,3.1500000953674316,2.9549999237060547,3.134999990463257,5394430.0
2026-09-17 16:30:00+00:00,3.135699987411499,3.25,3.0999999046325684,3.2112998962402344,3453662.0
2026-09-17 17:30:00+00:00,3.2200000286102295,3.2200000286102295,3.069999933242798,3.0799999237060547,2117711.0
2026-09-17 18:30:00+00:00,3.0799999237060547,3.1500000953674316,3.0399999618530273,3.065000057220459,1643978.0
2026-09-17 19:30:00+00:00,3.065000057220459,3.0999999046325684,3.009999990463257,3.055000066757202,2561652.0
2026-09-18 13:30:00+00:00,3.0299999713897705,3.5199999809265137,3.009999990463257,3.5099000930786133,9371292.0
2026-09-18 14:30:00+00:00,3.509999990463257,3.684999942779541,3.430000066757202,3.615000009536743,6397129.0
2026-09-18 15:30:00+00:00,3.615000009536743,3.7100000381469727,3.559999942779541,3.640000104904175,2969049.0
2026-09-18 16:30:00+00:00,3.640000104904175,3.6700000762939453,3.3499999046325684,3.365000009536743,3127441.0
2026-09-18 17:30:00+00:00,3.361999988555908,3.549999952316284,3.359999895095825,3.505000114440918,1985332.0
2026-09-18 18:30:00+00:00,3.5,3.6500000953674316,3.4800000190734863,3.625,1817354.0
2026-09-18 19:30:00+00:00,3.630000114440918,3.6700000762939453,3.5299999713897705,3.5950000286102295,2683042.0
2026-09-21 13:30:00+00:00,3.9700000286102295,4.019999980926514,3.509999990463257,3.680000066757202,9684282.0
2026-09-21 14:30:00+00:00,3.690000057220459,3.7200000286102295,3.5999999046325684,3.609999895095825,2146052.0
2026-09-21 15:30:00+00:00,3.615000009536743,3.75,3.4904000759124756,3.5299999713897705,2471128.0
2026-09-21 16:30:00+00:00,3.5350000858306885,3.5999999046325684,3.5,3.5,1143106.0
2026-09-21 17:30:00+00:00,3.505000114440918,3.5399999618530273,3.390000104904175,3.4600000381469727,1999079.0
2026-09-21 18:30:00+00:00,3.4549999237060547,3.4649999141693115,3.375,3.4189999103546143,2007987.0
2026-09-21 19:30:00+00:00,3.4149999618530273,3.440000057220459,3.390000104904175,3.4000000953674316,1068350.0
2026-09-22 13:30:00+00:00,3.509999990463257,3.898400068283081,3.424999952316284,3.5799999237060547,7868770.0
2026-09-22 14:30:00+00:00,3.569999933242798,3.8199000358581543,3.5,3.734999895095825,3434798.0
2026-09-22 15:30:00+00:00,3.734999895095825,3.799999952316284,3.6294000148773193,3.7100000381469727,2638764.0
2026-09-22 16:30:00+00:00,3.7197999954223633,3.809999942779541,3.625,3.7750000953674316,3147775.0
2026-09-22 17:30:00+00:00,3.7750000953674316,3.779900074005127,3.5806000232696533,3.5950000286102295,2043842.0
2026-09-22 18:30:00+00:00,3.5950000286102295,3.690000057220459,3.5399999618530273,3.649899959564209,2086264.0
2026-09-22 19:30:00+00:00,3.6449999809265137,3.75,3.619999885559082,3.75,2006395.0
2026-09-23 13:30:00+00:00,3.7899999618530273,3.9800000190734863,3.559999942779541,3.661400079727173,8228578.0
2026-09-23 14:30:00+00:00,3.66129994392395,3.9000000953674316,3.630000114440918,3.680000066757202,3279001.0
2026-09-23 15:30:00+00:00,3.684999942779541,3.700000047683716,3.490000009536743,3.5850000381469727,2676725.0
2026-09-23 16:30:00+00:00,3.5899999141693115,3.6500000953674316,3.5199999809265137,3.575000047683716,1290968.0
2026-09-23 17:30:00+00:00,3.569999933242798,3.625,3.5399999618530273,3.5785000324249268,1010138.0
2026-09-23 18:30:00+00:00,3.5785999298095703,3.6449999809265137,3.5399999618530273,3.615000009536743,1016793.0
2026-09-23 19:30:00+00:00,3.615000009536743,3.640000104904175,3.565000057220459,3.634999990463257,1409715.0
2026-09-24 13:30:00+00:00,3.4000000953674316,3.7699999809265137,3.390000104904175,3.684999942779541,4949307.0
2026-09-24 14:30:00+00:00,3.6881000995635986,3.7699999809265137,3.430000066757202,3.484999895095825,3237543.0
2026-09-24 15:30:00+00:00,3.484999895095825,3.8285999298095703,3.484999895095825,3.765000104904175,3235445.0
2026-09-24 16:30:00+00:00,3.7697999477386475,4.065000057220459,3.6700000762939453,4.034999847412109,5190870.0
2026-09-24 17:30:00+00:00,4.039999961853027,4.090000152587891,3.880000114440918,4.019499778747559,2375557.0
2026-09-24 18:30:00+00:00,4.019899845123291,4.070000171661377,3.9200000762939453,3.95989990234375,1894567.0
2026-09-24 19:30:00+00:00,3.9514000415802,4.139999866485596,3.929800033569336,4.061999797821045,3197249.0
2026-09-25 13:30:00+00:00,4.005000114440918,4.184999942779541,3.860100030899048,4.09499979019165,6736436.0
2026-09-25 14:30:00+00:00,4.09499979019165,4.130000114440918,3.9700000286102295,3.990000009536743,2091990.0
2026-09-25 15:30:00+00:00,3.992300033569336,4.089900016784668,3.880000114440918,3.9800000190734863,2097163.0
2026-09-25 16:30:00+00:00,3.9749999046325684,3.990000009536743,3.819999933242798,3.8499999046325684,2295634.0
2026-09-25 17:30:00+00:00,3.848400115966797,3.990000009536743,3.8299999237060547,3.984999895095825,911247.0
2026-09-25 18:30:00+00:00,3.984999895095825,4.144999980926514,3.9600000381469727,4.075200080871582,2040991.0
2026-09-25 19:30:00+00:00,4.070000171661377,4.190000057220459,4.010000228881836,4.110000133514404,2963084.0
2026-09-28 13:30:00+00:00,4.03249979019165,4.139999866485596,3.75,3.76990008354187,4978880.0
2026-09-28 14:30:00+00:00,3.7699999809265137,3.819999933242798,3.559999942779541,3.5999999046325684,4346220.0
2026-09-28 15:30:00+00:00,3.6050000190734863,3.619999885559082,3.4000000953674316,3.5950000286102295,5750676.0
2026-09-28 16:30:00+00:00,3.591200113296509,3.6500000953674316,3.5,3.565000057220459,2458209.0
2026-09-28 17:30:00+00:00,3.565000057220459,3.630000114440918,3.541599988937378,3.578000068664551,1149566.0
2026-09-28 18:30:00+00:00,3.575000047683716,3.5950000286102295,3.2149999141693115,3.2400999069213867,4469665.0
2026-09-28 19:30:00+00:00,3.2474000453948975,3.3450000286102295,3.180000066757202,3.309999942779541,2528428.0
2026-09-29 13:30:00+00:00,3.3399999141693115,3.509999990463257,3.319999933242798,3.359999895095825,4762736.0
2026-09-29 14:30:00+00:00,3.369999885559082,3.3949999809265137,3.140000104904175,3.190000057220459,2868788.0
2026-09-29 15:30:00+00:00,3.190000057220459,3.2699999809265137,3.175100088119507,3.2200000286102295,1897749.0
2026-09-29 16:30:00+00:00,3.2105000019073486,3.295099973678589,3.170099973678589,3.20989990234375,1098484.0
2026-09-29 17:30:00+00:00,3.2190001010894775,3.2799999713897705,3.160099983215332,3.244999885559082,993735.0
2026-09-29 18:30:00+00:00,3.244999885559082,3.299999952316284,3.211699962615967,3.2750000953674316,821299.0
2026-09-29 19:30:00+00:00,3.2774999141693115,3.2781999111175537,3.2000999450683594,3.2200000286102295,673800.0
2026-09-30 13:30:00+00:00,3.509999990463257,3.682499885559082,3.3299999237060547,3.3550000190734863,6135773.0
2026-09-30 14:30:00+00:00,3.365000009536743,3.490000009536743,3.311000108718872,3.375,1864174.0
2026-09-30 15:30:00+00:00,3.369999885559082,3.4700000286102295,3.365000009536743,3.3949999809265137,1646981.0
2026-09-30 16:30:00+00:00,3.4000000953674316,3.5399999618530273,3.390000104904175,3.4700000286102295,1906442.0
2026-09-30 17:30:00+00:00,3.4749999046325684,3.559999942779541,3.4749999046325684,3.484999895095825,1428227.0
2026-09-30 18:30:00+00:00,3.484999895095825,3.509999990463257,3.4600000381469727,3.4649999141693115,832654.0
2026-09-30 19:30:00+00:00,3.4649999141693115,3.490000009536743,3.322000026702881,3.3299999237060547,1647569.0
2026-10-01 13:30:00+00:00,3.130000114440918,3.1661999225616455,3.0399999618530273,3.059999942779541,4081649.0
2026-10-01 14:30:00+00:00,3.0687999725341797,3.130500078201294,3.0399999618530273,3.0899999141693115,1513960.0
2026-10-01 15:30:00+00:00,3.0850000381469727,3.119999885559082,3.049999952316284,3.069999933242798,1133902.0
2026-10-01 16:30:00+00:00,3.068000078201294,3.244999885559082,3.0299999713897705,3.240000009536743,2031125.0
2026-10-01 17:30:00+00:00,3.240000009536743,3.2699999809265137,3.069999933242798,3.082900047302246,1544254.0
2026-10-01 18:30:00+00:00,3.089900016784668,3.1600000858306885,3.0199999809265137,3.0299999713897705,1423478.0
2026-10-01 19:30:00+00:00,3.039900064468384,3.059999942779541,2.9149999618530273,2.920099973678589,2896526.0
2026-10-02 13:30:00+00:00,3.2100000381469727,3.4212000370025635,3.059999942779541,3.259999990463257,6585826.0
2026-10-02 14:30:00+00:00,3.25,3.25,3.1600000858306885,3.200000047683716,1601079.0
2026-10-02 15:30:00+00:00,3.194999933242798,3.25,3.1500000953674316,3.2297000885009766,943260.0
2026-10-02 16:30:00+00:00,3.244999885559082,3.259999990463257,3.115000009536743,3.1449999809265137,1102729.0
2026-10-02 17:30:00+00:00,3.1449999809265137,3.188999891281128,3.1050000190734863,3.119999885559082,1487995.0
2026-10-02 18:30:00+00:00,3.125,3.125,3.0299999713897705,3.055000066757202,1582544.0
2026-10-02 19:30:00+00:00,3.049999952316284,3.1050000190734863,3.005000114440918,3.0299999713897705,1671465.0
2026-10-05 13:30:00+00:00,2.990000009536743,3.0799999237060547,2.880000114440918,3.049999952316284,5363286.0
2026-10-05 14:30:00+00:00,3.0399999618530273,3.0450000762939453,2.9200000762939453,2.9649999141693115,1476864.0
2026-10-05 15:30:00+00:00,2.9700000286102295,2.978300094604492,2.9100000858306885,2.9326999187469482,1591284.0
2026-10-05 16:30:00+00:00,2.934999942779541,3.0299999713897705,2.9200000762939453,3.005000114440918,1163049.0
2026-10-05 17:30:00+00:00,3.009999990463257,3.115000009536743,2.990000009536743,3.0850000381469727,1603019.0
2026-10-05 18:30:00+00:00,3.0850000381469727,3.1500000953674316,3.0824999809265137,3.130000114440918,1304010.0
2026-10-05 19:30:00+00:00,3.1301000118255615,3.190000057220459,3.109999895095825,3.180000066757202,1209411.0
2026-10-06 13:30:00+00:00,3.1700000762939453,3.3499999046325684,3.0899999141693115,3.2149999141693115,3321139.0
2026-10-06 14:30:00+00:00,3.2149999141693115,3.4000000953674316,3.180000066757202,3.329900026321411,2037205.0
2026-10-06 15:30:00+00:00,3.325000047683716,3.4049999713897705,3.2920000553131104,3.341200113296509,2188423.0
2026-10-06 16:30:00+00:00,3.348400115966797,3.348400115966797,3.180000066757202,3.194999933242798,1273022.0
2026-10-06 17:30:00+00:00,3.199899911880493,3.3399999141693115,3.181299924850464,3.2985999584198,1006185.0
2026-10-06 18:30:00+00:00,3.2899999618530273,3.3350000381469727,3.2149999141693115,3.2200000286102295,2067623.0
2026-10-06 19:30:00+00:00,3.2200000286102295,3.259999990463257,3.2200000286102295,3.25,857587.0
2026-10-06 20:00:00+00:00,3.259999990463257,3.259999990463257,3.259999990463257,3.259999990463257,0.0
