time,entry_1,entry_1.25,entry_1.5,entry_1.75,entry_2,entry_2.25,entry_2.5,entry_2.75,entry_3
2025-11-13 21:00:00+00:00,10000.0,10000.0,10000.0,10000.0,10000.0,10000.0,10000.0,10000.0,10000.0
2025-11-14 15:30:00+00:00,10000.0,10000.0,10000.0,10000.0,10000.0,10000.0,10000.0,10000.0,10000.0
2025-11-14 16:30:00+00:00,10000.0,10000.0,10000.0,10000.0,10000.0,10000.0,10000.0,10000.0,10000.0
2025-11-14 17:30:00+00:00,10000.0,10000.0,10000.0,10000.0,10000.0,10000.0,10000.0,10000.0,10000.0
2025-11-14 18:30:00+00:00,10000.0,10000.0,10000.0,10000.0,10000.0,10000.0,10000.0,10000.0,10000.0
2025-11-14 19:30:00+00:00,10000.0,10000.0,10000.0,10000.0,10000.0,10000.0,10000.0,10000.0,10000.0
2025-11-14 20:30:00+00:00,10000.0,10000.0,10000.0,10000.0,10000.0,10000.0,10000.0,10000.0,10000.0
2025-11-14 21:00:00+00:00,10000.0,10000.0,10000.0,10000.0,10000.0,10000.0,10000.0,10000.0,10000.0
2025-11-17 15:30:00+00:00,10000.0,10000.0,10000.0,10000.0,10000.0,10000.0,10000.0,10000.0,10000.0
2025-11-17 16:30:00+00:00,10000.0,10000.0,10000.0,10000.0,10000.0,10000.0,10000.0,10000.0,10000.0
2025-11-17 17:30:00+00:00,10000.0,10000.0,10000.0,10000.0,10000.0,10000.0,10000.0,10000.0,10000.0
2025-11-17 18:30:00+00:00,10000.0,10000.0,10000.0,10000.0,10000.0,10000.0,10000.0,10000.0,10000.0
2025-11-17 19:30:00+00:00,10000.0,10000.0,10000.0,10000.0,10000.0,10000.0,10000.0,10000.0,10000.0
2025-11-17 20:30:00+00:00,10000.0,10000.0,10000.0,10000.0,10000.0,10000.0,10000.0,10000.0,10000.0
2025-11-17 21:00:00+00:00,10000.0,10000.0,10000.0,10000.0,10000.0,10000.0,10000.0,10000.0,10000.0
2025-11-18 15:30:00+00:00,10000.0,10000.0,10000.0,10000.0,10000.0,10000.0,10000.0,10000.0,10000.0
2025-11-18 16:30:00+00:00,10000.0,10000.0,10000.0,10000.0,10000.0,10000.0,10000.0,10000.0,10000.0
2025-11-18 17:30:00+00:00,10000.0,10000.0,10000.0,10000.0,10000.0,10000.0,10000.0,10000.0,10000.0
2025-11-18 18:30:00+00:00,10000.0,10000.0,10000.0,10000.0,10000.0,10000.0,10000.0,10000.0,10000.0
2025-11-18 19:30:00+00:00,10000.0,10000.0,10000.0,10000.0,10000.0,10000.0,10000.0,10000.0,10000.0
2025-11-18 20:30:00+00:00,10000.0,10000.0,10000.0,10000.0,10000.0,10000.0,10000.0,10000.0,10000.0
2025-11-18 21:00:00+00:00,10000.0,10000.0,10000.0,10000.0,10000.0,10000.0,10000.0,10000.0,10000.0
2025-11-19 15:30:00+00:00,10000.0,10000.0,10000.0,10000.0,10000.0,10000.0,10000.0,10000.0,10000.0
2025-11-19 16:30:00+00:00,10000.0,10000.0,10000.0,10000.0,10000.0,10000.0,10000.0,10000.0,10000.0
2025-11-19 17:30:00+00:00,10000.0,10000.0,10000.0,10000.0,10000.0,10000.0,10000.0,10000.0,10000.0
2025-11-19 18:30:00+00:00,10000.0,10000.0,10000.0,10000.0,10000.0,10000.0,10000.0,10000.0,10000.0
2025-11-19 19:30:00+00:00,10000.0,10000.0,10000.0,10000.0,10000.0,10000.0,10000.0,10000.0,10000.0
2025-11-19 20:30:00+00:00,10000.0,10000.0,10000.0,10000.0,10000.0,10000.0,10000.0,10000.0,10000.0
2025-11-19 21:00:00+00:00,10000.0,10000.0,10000.0,10000.0,10000.0,10000.0,10000.0,10000.0,10000.0
2025-11-20 15:30:00+00:00,10000.0,10000.0,10000.0,10000.0,10000.0,10000.0,10000.0,10000.0,10000.0
2025-11-20 16:30:00+00:00,10000.0,10000.0,10000.0,10000.0,10000.0,10000.0,10000.0,10000.0,10000.0
2025-11-20 17:30:00+00:00,10000.0,10000.0,10000.0,10000.0,10000.0,10000.0,10000.0,10000.0,10000.0
2025-11-20 18:30:00+00:00,10000.0,10000.0,10000.0,10000.0,10000.0,10000.0,10000.0,10000.0,10000.0
2025-11-20 19:30:00+00:00,10000.0,10000.0,10000.0,10000.0,10000.0,10000.0,10000.0,10000.0,10000.0
2025-11-20 20:30:00+00:00,10000.0,10000.0,10000.0,10000.0,10000.0,10000.0,10000.0,10000.0,10000.0
2025-11-20 21:00:00+00:00,10000.0,10000.0,10000.0,10000.0,10000.0,10000.0,10000.0,10000.0,10000.0
2025-11-21 15:30:00+00:00,10000.0,10000.0,10000.0,10000.0,10000.0,10000.0,10000.0,10000.0,10000.0
2025-11-21 16:30:00+00:00,10000.0,10000.0,10000.0,10000.0,10000.0,10000.0,10000.0,10000.0,10000.0
2025-11-21 17:30:00+00:00,10000.0,10000.0,10000.0,10000.0,10000.0,10000.0,10000.0,10000.0,10000.0
2025-11-21 18:30:00+00:00,10000.0,10000.0,10000.0,10000.0,10000.0,10000.0,10000.0,10000.0,10000.0
2025-11-21 19:30:00+00:00,10000.0,10000.0,10000.0,10000.0,10000.0,10000.0,10000.0,10000.0,10000.0
2025-11-21 20:30:00+00:00,10000.0,10000.0,10000.0,10000.0,10000.0,10000.0,10000.0,10000.0,10000.0
2025-11-21 21:00:00+00:00,10000.0,10000.0,10000.0,10000.0,10000.0,10000.0,10000.0,10000.0,10000.0
2025-11-24 15:30:00+00:00,10000.0,10000.0,10000.0,10000.0,10000.0,10000.0,10000.0,10000.0,10000.0
2025-11-24 16:30:00+00:00,10000.0,10000.0,10000.0,10000.0,10000.0,10000.0,10000.0,10000.0,10000.0
2025-11-24 17:30:00+00:00,10000.0,10000.0,10000.0,10000.0,10000.0,10000.0,10000.0,10000.0,10000.0
2025-11-24 18:30:00+00:00,10000.0,10000.0,10000.0,10000.0,10000.0,10000.0,10000.0,10000.0,10000.0
2025-11-24 19:30:00+00:00,10000.0,10000.0,10000.0,10000.0,10000.0,10000.0,10000.0,10000.0,10000.0
2025-11-24 20:30:00+00:00,10000.0,10000.0,10000.0,10000.0,10000.0,10000.0,10000.0,10000.0,10000.0
2025-11-24 21:00:00+00:00,10000.0,10000.0,10000.0,10000.0,10000.0,10000.0,10000.0,10000.0,10000.0
2025-11-25 15:30:00+00:00,10000.0,10000.0,10000.0,10000.0,10000.0,10000.0,10000.0,10000.0,10000.0
2025-11-25 16:30:00+00:00,10000.0,10000.0,10000.0,10000.0,10000.0,10000.0,10000.0,10000.0,10000.0
2025-11-25 17:30:00+00:00,10000.0,10000.0,10000.0,10000.0,10000.0,10000.0,10000.0,10000.0,10000.0
2025-11-25 18:30:00+00:00,10000.0,10000.0,10000.0,10000.0,10000.0,10000.0,10000.0,10000.0,10000.0
2025-11-25 19:30:00+00:00,10000.0,10000.0,10000.0,10000.0,10000.0,10000.0,10000.0,10000.0,10000.0
2025-11-25 20:30:00+00:00,10000.0,10000.0,10000.0,10000.0,10000.0,10000.0,10000.0,10000.0,10000.0
2025-11-25 21:00:00+00:00,10000.0,10000.0,10000.0,10000.0,10000.0,10000.0,10000.0,10000.0,10000.0
2025-11-26 15:30:00+00:00,10000.0,10000.0,10000.0,10000.0,10000.0,10000.0,10000.0,10000.0,10000.0
2025-11-26 16:30:00+00:00,10000.0,10000.0,10000.0,10000.0,10000.0,10000.0,10000.0,10000.0,10000.0
2025-11-26 17:30:00+00:00,10000.0,10000.0,10000.0,10000.0,10000.0,10000.0,10000.0,10000.0,10000.0
2025-11-26 18:30:00+00:00,10000.0,10000.0,10000.0,10000.0,10000.0,10000.0,10000.0,10000.0,10000.0
2025-11-26 19:30:00+00:00,10000.0,10000.0,10000.0,10000.0,10000.0,10000.0,10000.0,10000.0,10000.0
2025-11-26 20:30:00+00:00,10000.0,10000.0,10000.0,10000.0,10000.0,10000.0,10000.0,10000.0,10000.0
2025-11-26 21:00:00+00:00,10000.0,10000.0,10000.0,10000.0,10000.0,10000.0,10000.0,10000.0,10000.0
2025-11-28 15:30:00+00:00,10000.0,10000.0,10000.0,10000.0,10000.0,10000.0,10000.0,10000.0,10000.0
2025-11-28 16:30:00+00:00,10000.0,10000.0,10000.0,10000.0,10000.0,10000.0,10000.0,10000.0,10000.0
2025-11-28 17:30:00+00:00,10000.0,10000.0,10000.0,10000.0,10000.0,10000.0,10000.0,10000.0,10000.0
2025-12-01 15:30:00+00:00,10000.0,10000.0,10000.0,10000.0,10000.0,10000.0,10000.0,10000.0,10000.0
2025-12-01 16:30:00+00:00,10000.0,10000.0,10000.0,10000.0,10000.0,10000.0,10000.0,10000.0,10000.0
2025-12-01 17:30:00+00:00,10000.0,10000.0,10000.0,10000.0,10000.0,10000.0,10000.0,10000.0,10000.0
2025-12-01 18:30:00+00:00,10000.0,10000.0,10000.0,10000.0,10000.0,10000.0,10000.0,10000.0,10000.0
2025-12-01 19:30:00+00:00,10000.0,10000.0,10000.0,10000.0,10000.0,10000.0,10000.0,10000.0,10000.0
2025-12-01 20:30:00+00:00,10000.0,10000.0,10000.0,10000.0,10000.0,10000.0,10000.0,10000.0,10000.0
2025-12-01 21:00:00+00:00,10000.0,10000.0,10000.0,10000.0,10000.0,10000.0,10000.0,10000.0,10000.0
2025-12-02 15:30:00+00:00,10000.0,10000.0,10000.0,10000.0,10000.0,10000.0,10000.0,10000.0,10000.0
2025-12-02 16:30:00+00:00,10000.0,10000.0,10000.0,10000.0,10000.0,10000.0,10000.0,10000.0,10000.0
2025-12-02 17:30:00+00:00,10000.0,10000.0,10000.0,10000.0,10000.0,10000.0,10000.0,10000.0,10000.0
2025-12-02 18:30:00+00:00,10000.0,10000.0,10000.0,10000.0,10000.0,10000.0,10000.0,10000.0,10000.0
2025-12-02 19:30:00+00:00,10000.0,10000.0,10000.0,10000.0,10000.0,10000.0,10000.0,10000.0,10000.0
2025-12-02 20:30:00+00:00,10000.0,10000.0,10000.0,10000.0,10000.0,10000.0,10000.0,10000.0,10000.0
2025-12-02 21:00:00+00:00,10000.0,10000.0,10000.0,10000.0,10000.0,10000.0,10000.0,10000.0,10000.0
2025-12-03 15:30:00+00:00,10000.0,10000.0,10000.0,10000.0,10000.0,10000.0,10000.0,10000.0,10000.0
2025-12-03 16:30:00+00:00,10000.0,10000.0,10000.0,10000.0,10000.0,10000.0,10000.0,10000.0,10000.0
2025-12-03 17:30:00+00:00,10000.0,10000.0,10000.0,10000.0,10000.0,10000.0,10000.0,10000.0,10000.0
2025-12-03 18:30:00+00:00,10000.0,10000.0,10000.0,10000.0,10000.0,10000.0,10000.0,10000.0,10000.0
2025-12-03 19:30:00+00:00,10000.0,10000.0,10000.0,10000.0,10000.0,10000.0,10000.0,10000.0,10000.0
2025-12-03 20:30:00+00:00,10000.0,10000.0,10000.0,10000.0,10000.0,10000.0,10000.0,10000.0,10000.0
2025-12-03 21:00:00+00:00,10000.0,10000.0,10000.0,10000.0,10000.0,10000.0,10000.0,10000.0,10000.0
2025-12-04 15:30:00+00:00,10000.0,10000.0,10000.0,10000.0,10000.0,10000.0,10000.0,10000.0,10000.0
2025-12-04 16:30:00+00:00,10000.0,10000.0,10000.0,10000.0,10000.0,10000.0,10000.0,10000.0,10000.0
2025-12-04 17:30:00+00:00,10000.0,10000.0,10000.0,10000.0,10000.0,10000.0,10000.0,10000.0,10000.0
2025-12-04 18:30:00+00:00,10000.0,10000.0,10000.0,10000.0,10000.0,10000.0,10000.0,10000.0,10000.0
2025-12-04 19:30:00+00:00,10000.0,10000.0,10000.0,10000.0,10000.0,10000.0,10000.0,10000.0,10000.0
2025-12-04 20:30:00+00:00,10000.0,10000.0,10000.0,10000.0,10000.0,10000.0,10000.0,10000.0,10000.0
2025-12-04 21:00:00+00:00,10000.0,10000.0,10000.0,10000.0,10000.0,10000.0,10000.0,10000.0,10000.0
2025-12-05 15:30:00+00:00,10000.0,10000.0,10000.0,10000.0,10000.0,10000.0,10000.0,10000.0,10000.0
2025-12-05 16:30:00+00:00,10021.854678066267,10021.854678066267,10000.0,10000.0,10000.0,10000.0,10000.0,10000.0,10000.0
2025-12-05 17:30:00+00:00,10001.428001355296,10001.428001355296,10000.0,10000.0,10000.0,10000.0,10000.0,10000.0,10000.0
2025-12-05 18:30:00+00:00,9994.837149928808,9994.837149928808,10000.0,10000.0,10000.0,10000.0,10000.0,10000.0,10000.0
2025-12-05 19:30:00+00:00,10002.952243059772,10002.952243059772,10000.0,10000.0,10000.0,10000.0,10000.0,10000.0,10000.0
2025-12-05 20:30:00+00:00,10001.09082828808,10001.09082828808,10000.0,10000.0,10000.0,10000.0,10000.0,10000.0,10000.0
2025-12-05 21:00:00+00:00,9990.762423226784,9990.762423226784,10000.0,10000.0,10000.0,10000.0,10000.0,10000.0,10000.0
2025-12-08 15:30:00+00:00,9991.73758111333,9991.73758111333,10000.0,10000.0,10000.0,10000.0,10000.0,10000.0,10000.0
2025-12-08 16:30:00+00:00,9954.508552678199,9954.508552678199,10000.0,10000.0,10000.0,10000.0,10000.0,10000.0,10000.0
2025-12-08 17:30:00+00:00,9951.162504072969,9951.162504072969,9988.654016059198,10000.0,10000.0,10000.0,10000.0,10000.0,10000.0
2025-12-08 18:30:00+00:00,9994.789729847096,9994.789729847096,10028.505237476254,10000.0,10000.0,10000.0,10000.0,10000.0,10000.0
2025-12-08 19:30:00+00:00,9963.779208250795,9963.779208250795,9999.556574104896,10000.0,10000.0,10000.0,10000.0,10000.0,10000.0
2025-12-08 20:30:00+00:00,9906.626130374734,9906.626130374734,9946.089556829065,10000.0,10000.0,10000.0,10000.0,10000.0,10000.0
2025-12-08 21:00:00+00:00,9902.001741287299,9902.001741287299,9941.631131285485,9988.044805263286,10000.0,10000.0,10000.0,10000.0,10000.0
2025-12-09 15:30:00+00:00,9878.750169649964,9878.750169649964,9921.8337312599,9969.740579450514,10000.0,10000.0,10000.0,10000.0,10000.0
2025-12-09 16:30:00+00:00,10088.385642295556,10088.385642295556,10119.306855490757,10184.340513306499,10207.951077143987,10000.0,10000.0,10000.0,10000.0
2025-12-09 17:30:00+00:00,10184.510304213298,10184.510304213298,10210.173242461377,10283.567191425609,10304.789253826068,10000.0,10000.0,10000.0,10000.0
2025-12-09 18:30:00+00:00,10175.654935506498,10175.654935506498,10201.92739993524,10274.750639113945,10296.280176630395,10000.0,10000.0,10000.0,10000.0
2025-12-09 19:30:00+00:00,10175.654935506498,10175.654935506498,10201.92739993524,10274.750639113945,10296.280176630395,10000.0,10000.0,10000.0,10000.0
2025-12-09 20:30:00+00:00,10175.654935506498,10175.654935506498,10201.92739993524,10274.750639113945,10296.280176630395,10000.0,10000.0,10000.0,10000.0
2025-12-09 21:00:00+00:00,10158.889543857025,10175.654935506498,10201.92739993524,10274.750639113945,10296.280176630395,10000.0,10000.0,10000.0,10000.0
2025-12-10 15:30:00+00:00,10236.916408175413,10175.654935506498,10201.92739993524,10274.750639113945,10296.280176630395,10000.0,10000.0,10000.0,10000.0
2025-12-10 16:30:00+00:00,10220.617133700229,10175.654935506498,10201.92739993524,10274.750639113945,10296.280176630395,10000.0,10000.0,10000.0,10000.0
2025-12-10 17:30:00+00:00,10246.937766103032,10175.654935506498,10201.92739993524,10274.750639113945,10296.280176630395,10000.0,10000.0,10000.0,10000.0
2025-12-10 18:30:00+00:00,10239.702909444308,10175.654935506498,10201.92739993524,10274.750639113945,10296.280176630395,10000.0,10000.0,10000.0,10000.0
2025-12-10 19:30:00+00:00,10236.628974924399,10175.654935506498,10201.92739993524,10274.750639113945,10296.280176630395,10000.0,10000.0,10000.0,10000.0
2025-12-10 20:30:00+00:00,10210.550103778347,10175.654935506498,10201.92739993524,10274.750639113945,10296.280176630395,10000.0,10000.0,10000.0,10000.0
2025-12-10 21:00:00+00:00,10204.076256132323,10175.654935506498,10201.92739993524,10274.750639113945,10296.280176630395,10000.0,10000.0,10000.0,10000.0
2025-12-11 15:30:00+00:00,10305.543579257588,10175.654935506498,10201.92739993524,10274.750639113945,10296.280176630395,10000.0,10000.0,10000.0,10000.0
2025-12-11 16:30:00+00:00,10307.922199866312,10175.654935506498,10201.92739993524,10274.750639113945,10296.280176630395,10000.0,10000.0,10000.0,10000.0
2025-12-11 17:30:00+00:00,10307.922199866312,10175.654935506498,10201.92739993524,10274.750639113945,10296.280176630395,10000.0,10000.0,10000.0,10000.0
2025-12-11 18:30:00+00:00,10307.922199866312,10175.654935506498,10201.92739993524,10274.750639113945,10296.280176630395,10000.0,10000.0,10000.0,10000.0
2025-12-11 19:30:00+00:00,10307.922199866312,10175.654935506498,10201.92739993524,10274.750639113945,10296.280176630395,10000.0,10000.0,10000.0,10000.0
2025-12-11 20:30:00+00:00,10307.922199866312,10175.654935506498,10201.92739993524,10274.750639113945,10296.280176630395,10000.0,10000.0,10000.0,10000.0
2025-12-11 21:00:00+00:00,10307.922199866312,10175.654935506498,10201.92739993524,10274.750639113945,10296.280176630395,10000.0,10000.0,10000.0,10000.0
2025-12-12 15:30:00+00:00,10307.922199866312,10175.654935506498,10201.92739993524,10274.750639113945,10296.280176630395,10000.0,10000.0,10000.0,10000.0
2025-12-12 16:30:00+00:00,10307.922199866312,10175.654935506498,10201.92739993524,10274.750639113945,10296.280176630395,10000.0,10000.0,10000.0,10000.0
2025-12-12 17:30:00+00:00,10307.922199866312,10175.654935506498,10201.92739993524,10274.750639113945,10296.280176630395,10000.0,10000.0,10000.0,10000.0
2025-12-12 18:30:00+00:00,10307.922199866312,10175.654935506498,10201.92739993524,10274.750639113945,10296.280176630395,10000.0,10000.0,10000.0,10000.0
2025-12-12 19:30:00+00:00,10307.922199866312,10175.654935506498,10201.92739993524,10274.750639113945,10296.280176630395,10000.0,10000.0,10000.0,10000.0
2025-12-12 20:30:00+00:00,10307.922199866312,10175.654935506498,10201.92739993524,10274.750639113945,10296.280176630395,10000.0,10000.0,10000.0,10000.0
2025-12-12 21:00:00+00:00,10307.922199866312,10175.654935506498,10201.92739993524,10274.750639113945,10296.280176630395,10000.0,10000.0,10000.0,10000.0
2025-12-15 15:30:00+00:00,10267.319119853775,10175.654935506498,10201.92739993524,10274.750639113945,10296.280176630395,10000.0,10000.0,10000.0,10000.0
2025-12-15 16:30:00+00:00,10234.504234107731,10175.654935506498,10201.92739993524,10274.750639113945,10296.280176630395,10000.0,10000.0,10000.0,10000.0
2025-12-15 17:30:00+00:00,10203.045591077669,10175.654935506498,10201.92739993524,10274.750639113945,10296.280176630395,10000.0,10000.0,10000.0,10000.0
2025-12-15 18:30:00+00:00,10183.325624141662,10175.654935506498,10201.92739993524,10274.750639113945,10296.280176630395,10000.0,10000.0,10000.0,10000.0
2025-12-15 19:30:00+00:00,10151.884396213607,10142.714143558696,10201.92739993524,10274.750639113945,10296.280176630395,10000.0,10000.0,10000.0,10000.0
2025-12-15 20:30:00+00:00,10177.248259203927,10168.527455421538,10226.5520159878,10299.375255166502,10296.280176630395,10000.0,10000.0,10000.0,10000.0
2025-12-15 21:00:00+00:00,10183.940621920163,10174.890489828344,10232.653145315926,10305.476384494628,10296.280176630395,10000.0,10000.0,10000.0,10000.0
2025-12-16 15:30:00+00:00,10196.245566295667,10188.728517399359,10246.493119184988,10319.31635836369,10296.280176630395,10000.0,10000.0,10000.0,10000.0
2025-12-16 16:30:00+00:00,10200.3392236042,10198.885894689223,10257.922496566505,10330.745735745208,10296.280176630395,10000.0,10000.0,10000.0,10000.0
2025-12-16 17:30:00+00:00,10191.740660705418,10186.40676762409,10244.795369349873,10317.618608528575,10296.280176630395,10000.0,10000.0,10000.0,10000.0
2025-12-16 18:30:00+00:00,10205.38397830217,10201.83601160449,10260.252524139722,10333.075763318424,10296.280176630395,10000.0,10000.0,10000.0,10000.0
2025-12-16 19:30:00+00:00,10209.282133913159,10204.745517667612,10262.827063603012,10335.650302781714,10296.280176630395,10000.0,10000.0,10000.0,10000.0
2025-12-16 20:30:00+00:00,10169.63343932002,10161.831784418004,10220.271119336461,10293.094358515164,10296.280176630395,10000.0,10000.0,10000.0,10000.0
2025-12-16 21:00:00+00:00,10168.505918424655,10160.0856769323,10218.41483066684,10291.238069845542,10296.280176630395,10000.0,10000.0,10000.0,10000.0
2025-12-17 15:30:00+00:00,10145.514891626874,10133.740285256905,10191.937033971959,10264.760273150661,10296.280176630395,10000.0,10000.0,10000.0,10000.0
2025-12-17 16:30:00+00:00,10157.958008781183,10141.347434379199,10198.091550466379,10270.914789645081,10296.280176630395,10000.0,10000.0,10000.0,10000.0
2025-12-17 17:30:00+00:00,10131.99341260888,10114.566586047998,10171.847120754272,10244.670359932974,10296.280176630395,10000.0,10000.0,10000.0,10000.0
2025-12-17 18:30:00+00:00,10134.578924159936,10115.52827934551,10172.36518509265,10245.188424271353,10296.280176630395,10000.0,10000.0,10000.0,10000.0
2025-12-17 19:30:00+00:00,10136.561805592433,10113.599708425152,10169.486708714012,10242.309947892714,10296.280176630395,10000.0,10000.0,10000.0,10000.0
2025-12-17 20:30:00+00:00,10056.42725822511,10023.10223373663,10078.852098072575,10151.675337251278,10296.280176630395,10000.0,10000.0,10000.0,10000.0
2025-12-17 21:00:00+00:00,10060.366044211205,10026.333798696078,10081.812069939866,10154.635309118568,10288.489490164182,9992.209313533787,9992.209313533787,10000.0,10000.0
2025-12-18 15:30:00+00:00,10042.835572920652,10011.745640575586,10068.379242793564,10141.202481972266,10278.010348594218,9981.730171963824,9981.730171963824,10000.0,10000.0
2025-12-18 16:30:00+00:00,10041.913439154694,10009.447016868678,10065.791225458393,10138.614464637096,10273.669976089024,9977.38979945863,9977.38979945863,10000.0,10000.0
2025-12-18 17:30:00+00:00,10065.597144445926,10035.13032947868,10091.271563203547,10164.09480238225,10302.613551818045,10006.33337518765,10006.33337518765,10000.0,10000.0
2025-12-18 18:30:00+00:00,10035.002724827162,9999.395655151191,10055.213656121225,10128.036895299927,10258.8981622686,9962.617985638206,9962.617985638206,10000.0,10000.0
2025-12-18 19:30:00+00:00,10014.389502538275,9975.258808367724,10030.845137036931,10103.668376215634,10229.295547260657,9933.015370630263,9933.015370630263,10000.0,10000.0
2025-12-18 20:30:00+00:00,10025.908194419906,9986.212359427962,10041.34824586855,10114.171485047253,10239.568840500799,9943.288663870404,9943.288663870404,10000.0,10000.0
2025-12-18 21:00:00+00:00,10021.958772498956,9982.06877645549,10037.27012859999,10110.093367778692,10235.086599323397,9938.806422693002,9938.806422693002,10000.0,10000.0
2025-12-19 15:30:00+00:00,10019.755254643824,9997.76513350366,10057.114650089989,10129.937889268691,10277.138041953063,9980.857865322669,9980.857865322669,10000.0,10000.0
2025-12-19 16:30:00+00:00,10008.05701494432,9984.654972541179,10044.007246562998,10116.8304857417,10261.791929477386,9965.511752846991,9965.511752846991,10000.0,10000.0
2025-12-19 17:30:00+00:00,10017.232626894347,9994.389347683473,10053.613448108943,10126.436687287645,10272.471907852843,9976.191731222449,9976.191731222449,10000.0,10000.0
2025-12-19 18:30:00+00:00,10044.749464290206,10027.041701910626,10086.673050803096,10159.496289981798,10313.057411689513,10016.777235059119,10016.777235059119,10000.0,10000.0
2025-12-19 19:30:00+00:00,10030.6318035341,10013.635066076198,10073.822008943758,10146.64524812246,10300.512510941853,10004.232334311459,10004.232334311459,10000.0,10000.0
2025-12-19 20:30:00+00:00,10021.900570259944,10006.805564333534,10067.670270476134,10140.493509654836,10296.370729128737,10000.090552498343,10000.090552498343,10000.0,10000.0
2025-12-19 21:00:00+00:00,10106.030387435101,10103.928684294831,10165.420127771455,10238.243366950157,10413.756318255177,10117.476141624782,10117.476141624782,10000.0,10000.0
2025-12-22 15:30:00+00:00,10065.169866617452,10053.370496825877,10113.762020874421,10186.585260053123,10348.37781888759,10052.097642257195,10052.097642257195,10000.0,10000.0
2025-12-22 16:30:00+00:00,10083.910905531704,10076.013755335,10136.77504636027,10209.598285538972,10377.020555160427,10080.740378530032,10080.740378530032,10000.0,10000.0
2025-12-22 17:30:00+00:00,10087.291807930163,10078.356933591918,10138.78644871298,10211.609687891681,10377.879231952007,10081.599055321612,10081.599055321612,10000.0,10000.0
2025-12-22 18:30:00+00:00,10052.371754329884,10037.17185497906,10097.141517690834,10169.964756869536,10326.999296389387,10030.719119758993,10030.719119758993,10000.0,10000.0
2025-12-22 19:30:00+00:00,10064.172768065642,10048.622558765626,10108.183011510118,10181.00625068882,10338.089619412842,10041.809442782447,10041.809442782447,10000.0,10000.0
2025-12-22 20:30:00+00:00,10044.30991457642,10023.290544583799,10082.1535788352,10154.976818013902,10304.43414187323,10008.153965242835,10008.153965242835,10000.0,10000.0
2025-12-22 21:00:00+00:00,10036.908078448849,10014.743704080662,10073.550998706241,10146.374237884944,10294.101843513656,9997.821666883261,9997.821666883261,10000.0,10000.0
2025-12-23 15:30:00+00:00,10045.459943542544,10019.97492812416,10077.778887527402,10150.602126706104,10294.555909002174,9998.27573237178,9998.27573237178,10000.0,10000.0
2025-12-23 16:30:00+00:00,10024.444589089613,9995.946844986047,10053.647148388867,10126.47038756757,10265.809728365646,9969.529551735252,9969.529551735252,10000.0,10000.0
2025-12-23 17:30:00+00:00,10052.191352447458,10028.500166929429,10086.526098220405,10159.349337399108,10305.814385079826,10009.534208449431,10009.534208449431,10000.0,10000.0
2025-12-23 18:30:00+00:00,10086.270274430757,10067.90213967807,10126.195351248874,10199.018590427577,10353.512171743214,10057.23199511282,10057.23199511282,10000.0,10000.0
2025-12-23 19:30:00+00:00,10075.936214885438,10054.68045385763,10112.601054894429,10185.424294073131,10335.89868028746,10039.618503657066,10039.618503657066,10000.0,10000.0
2025-12-23 20:30:00+00:00,10063.118483702423,10041.159628938205,10099.276276756756,10172.099515935459,10321.17251707612,10024.892340445725,10024.892340445725,10000.0,10000.0
2025-12-23 21:00:00+00:00,10118.16460814481,10104.730632271068,10163.262664298207,10236.08590347691,10398.036233983625,10101.75605735323,10101.75605735323,10000.0,10000.0
2025-12-24 15:30:00+00:00,10076.713704185499,10064.830998005968,10124.866669729285,10197.689908907987,10359.877346081952,10063.597169451557,10063.597169451557,10000.0,10000.0
2025-12-24 16:30:00+00:00,10045.002836308002,10027.196065983522,10086.760423754351,10159.583662933053,10313.092301318802,10016.812124688407,10016.812124688407,10000.0,10000.0
2025-12-24 17:30:00+00:00,10036.31511144545,10018.412881082364,10078.19712880181,10151.020367980513,10304.053433883504,10007.77325725311,10007.77325725311,10000.0,10000.0
2025-12-26 15:30:00+00:00,10020.757116141609,10001.458543537901,10061.34237452427,10134.165613702973,10284.842771783726,9988.562595153331,9988.562595153331,10000.0,10000.0
2025-12-26 16:30:00+00:00,10023.515582555749,10003.307791802159,10062.906551471491,10135.729790650194,10285.388262794551,9989.108086164157,9989.108086164157,10000.0,10000.0
2025-12-26 17:30:00+00:00,10043.266849353991,10026.639983570116,10086.506865308012,10159.330104486715,10314.25890074443,10017.978724114035,10017.978724114035,10000.0,10000.0
2025-12-26 18:30:00+00:00,10054.362828034651,10038.898597776792,10098.721860906833,10171.545100085536,10328.378232803298,10032.098056172903,10032.098056172903,10000.0,10000.0
2025-12-26 19:30:00+00:00,10046.38799003494,10029.779434852331,10089.562923600333,10162.386162779036,10317.467217976777,10021.187041346382,10021.187041346382,10000.0,10000.0
2025-12-26 20:30:00+00:00,10059.09982130215,10045.731985309916,10105.90196914906,10178.725208327762,10338.364510711095,10042.0843340807,10042.0843340807,10000.0,10000.0
2025-12-26 21:00:00+00:00,10061.336305442017,10049.022718154385,10109.371284226743,10182.194523405446,10343.238815039294,10046.958638408902,10046.958638408902,10000.0,10000.0
2025-12-29 15:30:00+00:00,9888.901899120809,9876.844886792765,9942.035065296921,10014.858304475623,10169.168184725517,9872.88800809512,9872.88800809512,10000.0,10000.0
2025-12-29 16:30:00+00:00,9891.791169008166,9880.315219083852,9945.557435447598,10018.3806746263,10173.53321305997,9877.253036429576,9877.253036429576,10000.0,10000.0
2025-12-29 17:30:00+00:00,9824.747573542747,9807.051197625027,9872.738698170413,9945.561937349115,10090.214305754293,9793.9341291239,9793.9341291239,10000.0,10000.0
2025-12-29 18:30:00+00:00,9851.119523962287,9840.13478690579,9906.621784753064,9979.445023931767,10133.538495080322,9837.258318449927,9837.258318449927,10000.0,10000.0
2025-12-29 19:30:00+00:00,9836.802152305685,9823.46538615053,9889.813190202174,9962.636429380877,10113.21352915387,9816.933352523476,9816.933352523476,10000.0,10000.0
2025-12-29 20:30:00+00:00,9830.172211119774,9817.091349870325,9883.682087970998,9956.5053271497,10107.1297451018,9810.849568471405,9810.849568471405,10000.0,10000.0
2025-12-29 21:00:00+00:00,9799.132224048315,9779.37301656692,9845.301426338543,9918.124665517245,10059.157914845664,9762.87773821527,9762.87773821527,10000.0,10000.0
2025-12-30 15:30:00+00:00,9837.873696311755,9822.107604790073,9887.863722651253,9960.686961829955,10108.2919197357,9812.011743105306,9812.011743105306,10000.0,10000.0
2025-12-30 16:30:00+00:00,9892.020251547641,9882.864711271537,9948.623410437809,10021.446649616511,10179.50826223193,9883.228085601535,9883.228085601535,10000.0,10000.0
2025-12-30 17:30:00+00:00,9909.280772663531,9902.231392061778,9967.990450146019,10040.813689324721,10202.207701850668,9905.927525220273,9905.927525220273,10000.0,10000.0
2025-12-30 18:30:00+00:00,9895.042469425347,9888.042306709194,9954.208973222767,10027.03221240147,10187.902685410843,9891.622508780449,9891.622508780449,10000.0,10000.0
2025-12-30 19:30:00+00:00,9916.873952456925,9913.064326220514,9979.351928693217,10052.17516787192,10217.915947568288,9921.635770937894,9921.635770937894,10000.0,10000.0
2025-12-30 20:30:00+00:00,9909.366619641967,9904.19455924606,9970.379486999369,10043.202726178071,10206.93890794967,9910.658731319276,9910.658731319276,10000.0,10000.0
2025-12-30 21:00:00+00:00,9930.14458977431,9927.423599801059,9993.589896774594,10066.413135953297,10234.055231741573,9937.775055111179,9937.775055111179,10000.0,10000.0
2025-12-31 15:30:00+00:00,9908.686618798436,9893.621981498267,9957.55789296259,10030.381132141292,10181.778762690965,9885.49858606057,9885.49858606057,10000.0,10000.0
2025-12-31 16:30:00+00:00,9914.55127009982,9901.323126792722,9965.515260853454,10038.338500032156,10192.265076021606,9895.984899391211,9895.984899391211,10000.0,10000.0
2025-12-31 17:30:00+00:00,9888.033046620643,9870.796110832567,9934.810146049966,10007.633385228668,10155.478832859775,9859.19865622938,9859.19865622938,10000.0,10000.0
2025-12-31 18:30:00+00:00,9898.284401713889,9883.752002155592,9948.098494095191,10020.921733273894,10172.556797066334,9876.27662043594,9876.27662043594,10000.0,10000.0
2025-12-31 19:30:00+00:00,9878.748935084941,9859.224049303524,9922.972998251047,9995.79623742975,10140.41245325624,9844.132276625845,9844.132276625845,10000.0,10000.0
2025-12-31 20:30:00+00:00,9864.467881186018,9842.574371334742,9906.179323562388,9979.00256274109,10120.083304547863,9823.803127917468,9823.803127917468,10000.0,10000.0
2025-12-31 21:00:00+00:00,9877.755103516321,9858.487647606531,9922.322716024242,9995.145955202945,10140.04363881909,9843.763462188695,9843.763462188695,10000.0,10000.0
2026-01-02 15:30:00+00:00,9913.68378567544,9892.049531286008,9954.328917015946,10027.152156194648,10170.59830602739,9874.318129396996,9874.318129396996,10000.0,10000.0
2026-01-02 16:30:00+00:00,9904.782894370062,9883.241973916281,9945.790420757887,10018.61365993659,10161.811986215298,9865.531809584903,9865.531809584903,10000.0,10000.0
2026-01-02 17:30:00+00:00,9911.489656943773,9889.72744985329,9952.038094406416,10024.861333585119,10168.059390703684,9871.779214073289,9871.779214073289,10000.0,10000.0
2026-01-02 18:30:00+00:00,9903.619525541282,9881.317773439634,9943.723978332528,10016.54721751123,10158.750006855855,9862.46983022546,9862.46983022546,10000.0,10000.0
2026-01-02 19:30:00+00:00,9908.610061670804,9885.964869943597,9948.153172510652,10020.976411689355,10162.95662067718,9866.676444046785,9866.676444046785,10000.0,10000.0
2026-01-02 20:30:00+00:00,9918.105144196585,9896.42928388948,9958.574366875579,10031.397606054281,10174.975558663316,9878.695382032922,9878.695382032922,10000.0,10000.0
2026-01-02 21:00:00+00:00,9914.167217564083,9892.612877572816,9954.895302781131,10027.718541959834,10171.286333195521,9875.006156565127,9875.006156565127,10000.0,10000.0
2026-01-05 15:30:00+00:00,9876.781208345164,9850.916939505529,9913.234401548856,9986.057640727558,10122.75433889639,9826.474162265995,9826.474162265995,10000.0,10000.0
2026-01-05 16:30:00+00:00,9866.91173082247,9838.519158431409,9900.533246026496,9973.356485205199,10106.501006937142,9810.220830306747,9810.220830306747,10000.0,10000.0
2026-01-05 17:30:00+00:00,9883.92851352071,9857.391796564636,9919.35583609393,9992.179075272632,10128.335001401654,9832.05482477126,9832.05482477126,10000.0,10000.0
2026-01-05 18:30:00+00:00,9880.083689620584,9853.906074669625,9916.059035684893,9988.882274863596,10125.328173326958,9829.047996696563,9829.047996696563,10000.0,10000.0
2026-01-05 19:30:00+00:00,9906.945612238656,9886.634039524559,9949.379533893994,10022.202773072697,10167.057525672904,9870.77734904251,9870.77734904251,10000.0,10000.0
2026-01-05 20:30:00+00:00,9896.058936621488,9875.53217881265,9938.531469386215,10011.354708564917,10155.494814805448,9859.214638175054,9859.214638175054,10000.0,10000.0
2026-01-05 21:00:00+00:00,9903.320746795016,9882.393582331959,9945.098848032063,10017.922087210765,10161.862244340173,9865.582067709778,9865.582067709778,10000.0,10000.0
2026-01-06 15:30:00+00:00,9859.471705078342,9839.261435434179,9903.346352933897,9976.1695921126,10119.208755406757,9822.928578776362,9822.928578776362,10000.0,10000.0
2026-01-06 16:30:00+00:00,9884.283559103385,9865.939180388019,9929.759099124458,10002.58233830316,10148.964159549889,9852.683982919494,9852.683982919494,10000.0,10000.0
2026-01-06 17:30:00+00:00,9853.38913033411,9829.090997574855,9892.410030956478,9965.23327013518,10102.932079068667,9806.651902438272,9806.651902438272,10000.0,10000.0
2026-01-06 18:30:00+00:00,9889.114120661377,9867.734099547197,9930.72472882694,10003.547968005641,10146.349304953515,9850.06912832312,9850.06912832312,10000.0,10000.0
2026-01-06 19:30:00+00:00,9889.490636072718,9867.701170704178,9930.587355505151,10003.410594683854,10145.717592253943,9849.437415623548,9849.437415623548,10000.0,10000.0
2026-01-06 20:30:00+00:00,9924.747877810925,9908.686619964117,9971.899917933159,10044.723157111861,10195.612154738748,9899.331978108354,9899.331978108354,10000.0,10000.0
2026-01-06 21:00:00+00:00,9943.267353582922,9930.090382004495,9993.447030396164,10066.270269574867,10221.51197832772,9925.231801697326,9925.231801697326,10000.0,10000.0
2026-01-07 15:30:00+00:00,9936.736464950274,9916.748383672002,9978.723793852101,10051.547033030804,10198.047839211695,9901.7676625813,9901.7676625813,10000.0,10000.0
2026-01-07 16:30:00+00:00,9920.75140878163,9898.867888415063,9960.854917975083,10033.678157153785,10177.161647885638,9880.881471255243,9880.881471255243,10000.0,10000.0
2026-01-07 17:30:00+00:00,9908.710925130361,9885.414434721852,9947.413518598716,10020.236757777418,10161.466205943892,9865.186029313498,9865.186029313498,10000.0,10000.0
2026-01-07 18:30:00+00:00,9899.337740195355,9875.347704424232,9937.449042013259,10010.272281191961,10150.253557626616,9853.973380996222,9853.973380996222,10000.0,10000.0
2026-01-07 19:30:00+00:00,9916.352681552396,9892.161311800328,9953.74224702888,10026.565486207583,10166.995496732334,9870.71532010194,9870.71532010194,10000.0,10000.0
2026-01-07 20:30:00+00:00,9913.096222493277,9887.852131453637,9949.282770996511,10022.106010175214,10161.091672238703,9864.811495608308,9864.811495608308,10000.0,10000.0
2026-01-07 21:00:00+00:00,9920.459445472594,9896.90750868967,9958.519740774873,10031.342979953575,10172.738418501234,9876.45824187084,9876.45824187084,10000.0,10000.0
2026-01-08 15:30:00+00:00,9979.437567757117,9949.411789742026,10007.894737642924,10080.717976821627,10216.483079884621,9920.202903254227,9920.202903254227,10000.0,10000.0
2026-01-08 16:30:00+00:00,9975.310163281543,9944.918543422142,10003.432835706693,10076.256074885396,10211.396040282814,9915.11586365242,9915.11586365242,10000.0,10000.0
2026-01-08 17:30:00+00:00,9975.310163281543,9944.918543422142,10003.432835706693,10076.256074885396,10211.396040282814,9915.11586365242,9915.11586365242,10000.0,10000.0
2026-01-08 18:30:00+00:00,9971.407210088875,9941.015590229474,10003.432835706693,10076.256074885396,10211.396040282814,9915.11586365242,9915.11586365242,10000.0,10000.0
2026-01-08 19:30:00+00:00,9947.041326427265,9916.649706567863,10003.432835706693,10076.256074885396,10211.396040282814,9915.11586365242,9915.11586365242,10000.0,10000.0
2026-01-08 20:30:00+00:00,9933.301318749616,9902.909698890215,9986.232303839764,10076.256074885396,10211.396040282814,9915.11586365242,9915.11586365242,10000.0,10000.0
2026-01-08 21:00:00+00:00,9939.968510572477,9909.576890713075,9992.563738720166,10070.039094187054,10211.396040282814,9915.11586365242,9915.11586365242,10000.0,10000.0
2026-01-09 15:30:00+00:00,9932.74595537973,9902.35433552033,9985.921445586795,10063.383099137018,10211.396040282814,9915.11586365242,9915.11586365242,10000.0,10000.0
2026-01-09 16:30:00+00:00,9941.918308133703,9911.526688274302,9994.273466133836,10071.73782996367,10211.396040282814,9915.11586365242,9915.11586365242,10000.0,10000.0
2026-01-09 17:30:00+00:00,9942.567641059512,9912.17602120011,9994.529915115041,10071.914455613247,10211.396040282814,9915.11586365242,9915.11586365242,10000.0,10000.0
2026-01-09 18:30:00+00:00,9953.874709861759,9923.483090002357,10005.428176483363,10082.959217599664,10211.396040282814,9915.11586365242,9915.11586365242,10000.0,10000.0
2026-01-09 19:30:00+00:00,9964.3779393644,9933.986319504998,10015.391295208026,10093.020512578689,10211.396040282814,9915.11586365242,9915.11586365242,10000.0,10000.0
2026-01-09 20:30:00+00:00,9963.938545733305,9933.546925873903,10014.563681777323,10092.091046248543,10211.396040282814,9915.11586365242,9915.11586365242,10000.0,10000.0
2026-01-09 21:00:00+00:00,9975.087849486996,9944.696229627594,10024.935449602175,10102.518034476865,10211.396040282814,9915.11586365242,9915.11586365242,10000.0,10000.0
2026-01-12 15:30:00+00:00,9979.467924552977,9949.076304693575,10028.238233962897,10105.677550769113,10211.396040282814,9915.11586365242,9915.11586365242,10000.0,10000.0
2026-01-12 16:30:00+00:00,9955.017494828846,9924.625874969444,10005.180796901264,10082.425106639728,10211.396040282814,9915.11586365242,9915.11586365242,10000.0,10000.0
2026-01-12 17:30:00+00:00,9930.049263385978,9899.657643526576,9981.50090109392,10058.51353396621,10211.396040282814,9915.11586365242,9915.11586365242,10000.0,10000.0
2026-01-12 18:30:00+00:00,9934.712494073268,9904.320874213867,9986.107018974928,10063.206914454364,10211.396040282814,9915.11586365242,9915.11586365242,10000.0,10000.0
2026-01-12 19:30:00+00:00,9917.504914279387,9887.113294419985,9969.993907823753,10046.983577530387,10211.396040282814,9915.11586365242,9915.11586365242,10000.0,10000.0
2026-01-12 20:30:00+00:00,9951.851797751968,9921.460177892566,10002.56174181095,10079.86885311892,10211.396040282814,9915.11586365242,9915.11586365242,10000.0,10000.0
2026-01-12 21:00:00+00:00,9920.350312706449,9889.958692847047,9972.830585400457,10049.880156891673,10211.396040282814,9915.11586365242,9915.11586365242,10000.0,10000.0
2026-01-13 15:30:00+00:00,9939.84895734862,9909.457337489219,9989.973235083526,10066.88590354378,10211.396040282814,9915.11586365242,9915.11586365242,10000.0,10000.0
2026-01-13 16:30:00+00:00,9941.623288055574,9911.231668196173,9991.824338010165,10068.792965883027,10211.396040282814,9915.11586365242,9915.11586365242,10000.0,10000.0
2026-01-13 17:30:00+00:00,9957.417314692424,9927.025694833022,10006.803119403427,10083.918294706176,10211.396040282814,9915.11586365242,9915.11586365242,10000.0,10000.0
2026-01-13 18:30:00+00:00,9945.487821562865,9915.096201703464,9995.561630913136,10072.583716714798,10211.396040282814,9915.11586365242,9915.11586365242,10000.0,10000.0
2026-01-13 19:30:00+00:00,9967.935655391278,9937.544035531877,10017.037587903042,10094.312866080005,10211.396040282814,9915.11586365242,9915.11586365242,10000.0,10000.0
2026-01-13 20:30:00+00:00,9940.308967353962,9909.91734749456,9990.851802031804,10067.874670796167,10211.396040282814,9915.11586365242,9915.11586365242,10000.0,10000.0
2026-01-13 21:00:00+00:00,9938.015519336224,9907.623899476823,9988.442311220093,10065.387936354095,10211.396040282814,9915.11586365242,9915.11586365242,10000.0,10000.0
2026-01-14 15:30:00+00:00,9962.486188764533,9932.094568905131,10013.034764458103,10090.5434282639,10211.396040282814,9915.11586365242,9915.11586365242,10000.0,10000.0
2026-01-14 16:30:00+00:00,9853.533338763082,9823.14171890368,9910.764096473271,9987.51579267484,10211.396040282814,9915.11586365242,9915.11586365242,10000.0,10000.0
2026-01-14 17:30:00+00:00,9930.262048900566,9899.870429041164,9983.768964194735,10061.288103433571,10277.694810420371,9915.11586365242,9915.11586365242,10000.0,10000.0
2026-01-14 18:30:00+00:00,9899.527272541496,9869.135652682095,9954.84393247075,10032.13132829702,10250.986884917376,9915.11586365242,9915.11586365242,10000.0,10000.0
2026-01-14 19:30:00+00:00,9930.393160604923,9900.001540745521,9983.870453557669,10061.385303184396,10277.711642680391,9915.11586365242,9915.11586365242,10000.0,10000.0
2026-01-14 20:30:00+00:00,9946.378775825851,9915.98715596645,9999.010791549537,10076.669330849372,10292.042500844205,9915.11586365242,9915.11586365242,10000.0,10000.0
2026-01-14 21:00:00+00:00,9986.616766092971,9956.22514623357,10037.084507116206,10115.095328105186,10327.94519463437,9915.11586365242,9915.11586365242,10000.0,10000.0
2026-01-15 15:30:00+00:00,9943.85292878735,9913.461308927948,9996.265030479062,10073.818973478075,10288.195759677421,9915.11586365242,9915.11586365242,10000.0,10000.0
2026-01-15 16:30:00+00:00,9928.021225660803,9897.629605801401,9980.447735701238,10057.664098401048,10270.25790841053,9915.11586365242,9915.11586365242,10000.0,10000.0
2026-01-15 17:30:00+00:00,9931.349288588104,9900.957668728703,9983.860769185403,10061.169577119952,10274.431710515108,9915.11586365242,9915.11586365242,10000.0,10000.0
2026-01-15 18:30:00+00:00,9938.530676837547,9908.139056978145,9990.398620724376,10067.709084455058,10279.668557980345,9915.11586365242,9915.11586365242,10000.0,10000.0
2026-01-15 19:30:00+00:00,9935.313004825355,9904.921384965954,9987.282954221262,10064.548701710748,10276.475541417225,9915.11586365242,9915.11586365242,10000.0,10000.0
2026-01-15 20:30:00+00:00,9958.498962876683,9928.107343017282,10009.01676674349,10086.436546235358,10296.23011966913,9915.11586365242,9915.11586365242,10000.0,10000.0
2026-01-15 21:00:00+00:00,9932.4603489505,9902.0687290911,9984.248184624676,10061.408721948339,10272.403350432149,9915.11586365242,9915.11586365242,10000.0,10000.0
2026-01-16 15:30:00+00:00,9959.17713170494,9928.785511845539,10009.211049188256,10086.535301269814,10294.826994987834,9915.11586365242,9915.11586365242,10000.0,10000.0
2026-01-16 16:30:00+00:00,9985.9481530306,9955.556533171199,10034.710562379745,10112.308691558615,10319.481372688611,9915.11586365242,9915.11586365242,10000.0,10000.0
2026-01-16 17:30:00+00:00,9957.166320976683,9926.774701117281,10007.50151028194,10084.854010446334,10293.915288237513,9915.11586365242,9915.11586365242,10000.0,10000.0
2026-01-16 18:30:00+00:00,9965.635321555694,9935.243701696292,10015.682207093276,10093.148963776226,10302.235100491553,9915.11586365242,9915.11586365242,10000.0,10000.0
2026-01-16 19:30:00+00:00,9976.54353870762,9946.151918848218,10026.01781810447,10103.583751688248,10312.033784975745,9915.11586365242,9915.11586365242,10000.0,10000.0
2026-01-16 20:30:00+00:00,10000.768129877553,9970.376510018152,10049.020106771304,10126.817537617795,10334.016989131303,9915.11586365242,9915.11586365242,10000.0,10000.0
2026-01-16 21:00:00+00:00,10005.988142732218,9975.596522872816,10053.90447356863,10131.734483238895,10338.424442651547,9915.11586365242,9915.11586365242,10000.0,10000.0
2026-01-20 15:30:00+00:00,10005.988142732218,9975.596522872816,10053.90447356863,10131.734483238895,10338.424442651547,9915.11586365242,9915.11586365242,10000.0,10000.0
2026-01-20 16:30:00+00:00,10005.988142732218,9975.596522872816,10053.90447356863,10131.734483238895,10338.424442651547,9915.11586365242,9915.11586365242,10000.0,10000.0
2026-01-20 17:30:00+00:00,10005.988142732218,9975.596522872816,10053.90447356863,10131.734483238895,10338.424442651547,9915.11586365242,9915.11586365242,10000.0,10000.0
2026-01-20 18:30:00+00:00,10005.988142732218,9975.596522872816,10053.90447356863,10131.734483238895,10338.424442651547,9915.11586365242,9915.11586365242,10000.0,10000.0
2026-01-20 19:30:00+00:00,10005.988142732218,9975.596522872816,10053.90447356863,10131.734483238895,10338.424442651547,9915.11586365242,9915.11586365242,10000.0,10000.0
2026-01-20 20:30:00+00:00,10005.988142732218,9975.596522872816,10053.90447356863,10131.734483238895,10338.424442651547,9915.11586365242,9915.11586365242,10000.0,10000.0
2026-01-20 21:00:00+00:00,10005.988142732218,9975.596522872816,10053.90447356863,10131.734483238895,10338.424442651547,9915.11586365242,9915.11586365242,10000.0,10000.0
2026-01-21 15:30:00+00:00,10005.988142732218,9975.596522872816,10053.90447356863,10131.734483238895,10338.424442651547,9915.11586365242,9915.11586365242,10000.0,10000.0
2026-01-21 16:30:00+00:00,10005.988142732218,9975.596522872816,10053.90447356863,10131.734483238895,10338.424442651547,9915.11586365242,9915.11586365242,10000.0,10000.0
2026-01-21 17:30:00+00:00,10061.321313065546,9975.596522872816,10053.90447356863,10131.734483238895,10338.424442651547,9915.11586365242,9915.11586365242,10000.0,10000.0
2026-01-21 18:30:00+00:00,10057.570780432407,9975.596522872816,10053.90447356863,10131.734483238895,10338.424442651547,9915.11586365242,9915.11586365242,10000.0,10000.0
2026-01-21 19:30:00+00:00,10057.570780432407,9975.596522872816,10053.90447356863,10131.734483238895,10338.424442651547,9915.11586365242,9915.11586365242,10000.0,10000.0
2026-01-21 20:30:00+00:00,10057.570780432407,9975.596522872816,10053.90447356863,10131.734483238895,10338.424442651547,9915.11586365242,9915.11586365242,10000.0,10000.0
2026-01-21 21:00:00+00:00,10054.142805321462,9975.596522872816,10053.90447356863,10131.734483238895,10338.424442651547,9915.11586365242,9915.11586365242,10000.0,10000.0
2026-01-22 15:30:00+00:00,10042.812389030938,9975.596522872816,10053.90447356863,10131.734483238895,10338.424442651547,9915.11586365242,9915.11586365242,10000.0,10000.0
2026-01-22 16:30:00+00:00,10051.301550209722,9979.120937955442,10053.90447356863,10131.734483238895,10338.424442651547,9915.11586365242,9915.11586365242,10000.0,10000.0
2026-01-22 17:30:00+00:00,10048.301978358102,9975.938479938597,10053.90447356863,10131.734483238895,10338.424442651547,9915.11586365242,9915.11586365242,10000.0,10000.0
2026-01-22 18:30:00+00:00,10057.980470608267,9985.99983807732,10053.90447356863,10131.734483238895,10338.424442651547,9915.11586365242,9915.11586365242,10000.0,10000.0
2026-01-22 19:30:00+00:00,10063.48848074702,9991.670275602264,10053.90447356863,10131.734483238895,10338.424442651547,9915.11586365242,9915.11586365242,10000.0,10000.0
2026-01-22 20:30:00+00:00,10061.681752946186,9989.851763222592,10053.90447356863,10131.734483238895,10338.424442651547,9915.11586365242,9915.11586365242,10000.0,10000.0
2026-01-22 21:00:00+00:00,10058.935388992235,9987.035924073569,10053.90447356863,10131.734483238895,10338.424442651547,9915.11586365242,9915.11586365242,10000.0,10000.0
2026-01-23 15:30:00+00:00,10016.335970658696,9942.756283561806,10053.90447356863,10131.734483238895,10338.424442651547,9915.11586365242,9915.11586365242,10000.0,10000.0
2026-01-23 16:30:00+00:00,10019.850277477033,9946.469873752789,10051.686987985517,10129.51699765578,10336.206957068434,9912.898378069307,9912.898378069307,10000.0,10000.0
2026-01-23 17:30:00+00:00,9964.430164540629,9889.101701091196,9993.673973422961,10071.503983093226,10278.193942505879,9854.885363506752,9854.885363506752,10000.0,10000.0
2026-01-23 18:30:00+00:00,9975.601255322586,9900.71572149451,10005.557909806394,10083.387919476658,10290.077878889311,9866.769299890184,9866.769299890184,10009.697447306691,10009.697447306691
2026-01-23 19:30:00+00:00,9994.23370672833,9920.027607006085,10025.154120722982,10102.984130393246,10309.6740898059,9886.365510806772,9886.365510806772,10029.966886157123,10029.966886157123
2026-01-23 20:30:00+00:00,9994.214950164815,9919.885375952432,10024.66483461498,10102.494844285244,10309.184803697897,9885.87622469877,9885.87622469877,10028.710830543298,10028.710830543298
2026-01-23 21:00:00+00:00,9977.808022440166,9902.830669212108,10007.218981639284,10085.048991309548,10291.738950722201,9868.430371723074,9868.430371723074,10010.361144852339,10010.361144852339
2026-01-26 15:30:00+00:00,9956.451779825986,9880.593072450514,9984.298783454435,10062.128793124699,10268.818752537352,9845.510173538225,9845.510173538225,9985.88263260265,9985.88263260265
2026-01-26 16:30:00+00:00,9963.049073803293,9887.353578492797,9990.941420948293,10068.771430618557,10275.46139003121,9852.152811032083,9852.152811032083,9992.28075739823,9992.28075739823
2026-01-26 17:30:00+00:00,9968.758100343828,9893.240263882375,9996.82875585746,10074.658765527724,10281.348724940377,9858.04014594125,9858.04014594125,9998.183580945106,9998.183580945106
2026-01-26 18:30:00+00:00,9941.383091632155,9864.94598412755,9968.336639583416,10046.16664925368,10252.856608666334,9829.548029667207,9829.548029667207,9969.188254241948,9969.188254241948
2026-01-26 19:30:00+00:00,9936.974579973026,9860.31311875198,9963.45631051212,10041.286320182384,10247.976279595037,9824.66770059591,9824.66770059591,9963.750742722958,9963.750742722958
2026-01-26 20:30:00+00:00,9940.070504704992,9863.647512883708,9967.190573101385,10045.020582771649,10251.710542184303,9828.401963185175,9828.401963185175,9968.375738833463,9968.375738833463
2026-01-26 21:00:00+00:00,9956.505480439311,9880.667401615563,9984.421121951225,10062.25113162149,10268.941091034143,9845.632512035016,9845.632512035016,9986.111451004306,9986.111451004306
2026-01-27 15:30:00+00:00,9857.913818162713,9778.716549290712,9881.605245061672,9959.435254731936,10166.12521414459,9742.816635145462,9742.816635145462,9881.144959009123,9881.144959009123
2026-01-27 16:30:00+00:00,9862.014326984909,9783.312989073,9887.238489054824,9965.068498725088,10171.758458137741,9748.449879138614,9748.449879138614,9889.07816632716,9889.07816632716
2026-01-27 17:30:00+00:00,9869.666452641552,9791.17034173322,9895.003976425569,9972.833986095833,10179.523945508487,9756.21536650936,9756.21536650936,9896.65894320627,9896.65894320627
2026-01-27 18:30:00+00:00,9839.334600832657,9759.670146430966,9862.862994625119,9940.693004295383,10147.382963708036,9724.074384708909,9724.074384708909,9863.029100661863,9863.029100661863
2026-01-27 19:30:00+00:00,9850.16343555926,9771.067255832828,9874.912971654274,9952.742981324538,10159.432940737192,9736.124361738064,9736.124361738064,9876.547341509851,9876.547341509851
2026-01-27 20:30:00+00:00,9877.157827528414,9799.192891474266,9903.864223261,9981.694232931264,10188.384192343918,9765.07561334479,9765.07561334479,9907.387387168808,9907.387387168808
2026-01-27 21:00:00+00:00,9918.775646316542,9842.299680336255,9947.526548573538,10025.356558243802,10232.046517656456,9808.737938657328,9808.737938657328,9952.37680173251,9952.37680173251
2026-01-28 15:30:00+00:00,9887.342950436649,9809.269078125391,9912.72570752017,9990.555717190435,10197.245676603088,9773.93709760396,9773.93709760396,9913.591539743484,9913.591539743484
2026-01-28 16:30:00+00:00,9901.159733119313,9823.522466354676,9927.000427854668,10004.830437524932,10211.520396937585,9788.211817938458,9788.211817938458,9927.946882122207,9927.946882122207
2026-01-28 17:30:00+00:00,9914.492293148283,9837.37663753004,9941.15753649933,10018.987546169596,10225.677505582247,9802.36892658312,9802.36892658312,9942.805499775353,9942.805499775353
2026-01-28 18:30:00+00:00,9920.621126824472,9843.670184302524,9947.37846827952,10025.208477949784,10231.898437362437,9808.58985836331,9808.58985836331,9948.880895482143,9948.880895482143
2026-01-28 19:30:00+00:00,9895.003679851976,9817.153145561462,9920.565581420016,9998.39559109028,10205.085550502934,9781.776971503807,9781.776971503807,9921.352684008134,9921.352684008134
2026-01-28 20:30:00+00:00,9885.675174238913,9807.54386440626,9910.979389246895,9988.80939891716,10195.499358329813,9772.190779330685,9772.190779330685,9911.794579938507,9911.794579938507
2026-01-28 21:00:00+00:00,9903.99156818789,9826.42204228142,9929.838813470027,10007.668823140291,10214.358782552945,9791.050203553817,9791.050203553817,9930.656997737573,9930.656997737573
2026-01-29 15:30:00+00:00,9882.446646541746,9803.471101905592,9904.793485497177,9982.623495167441,10189.313454580095,9766.004875580968,9766.004875580968,9900.93420954617,9900.93420954617
2026-01-29 16:30:00+00:00,9879.882771122804,9800.892138594209,9902.395610371217,9980.225620041481,10186.915579454135,9763.607000455007,9763.607000455007,9898.93099995987,9898.93099995987
2026-01-29 17:30:00+00:00,9841.69049833451,9761.437742387408,9862.722517288894,9940.552526959158,10147.242486371812,9723.933907372684,9723.933907372684,9858.681773118618,9858.681773118618
2026-01-29 18:30:00+00:00,9875.548597291927,9796.416775697344,9897.898938916614,9975.728948586879,10182.418907999532,9759.110329000405,9759.110329000405,9894.376280047789,9894.376280047789
2026-01-29 19:30:00+00:00,9902.609325758436,9824.274841974391,9925.637241109815,10003.467250780079,10210.157210192732,9786.848631193605,9786.848631193605,9921.9158000393,9921.9158000393
2026-01-29 20:30:00+00:00,9898.507011608652,9820.028381732012,9921.342357861027,9999.172367531291,10205.862326943945,9782.553747944818,9782.553747944818,9917.504128105296,9917.504128105296
2026-01-29 21:00:00+00:00,9869.256529986847,9789.680592560126,9890.459747021603,9968.289756691867,10174.97971610452,9751.671137105393,9751.671137105393,9885.369249300658,9885.369249300658
2026-01-30 15:30:00+00:00,9935.881580467409,9858.452601503952,9959.439115644143,10037.269125314408,10243.959084727061,9820.650505727934,9820.650505727934,9954.969836110758,9954.969836110758
2026-01-30 16:30:00+00:00,9930.381939692814,9852.813031603508,9953.885155613694,10031.715165283958,10238.405124696612,9815.096545697485,9815.096545697485,9949.591927902056,9949.591927902056
2026-02-02 19:30:00+00:00,10117.407428894807,10045.795019055275,10147.22630935035,10225.056319020614,10431.746278433267,10008.43769943414,10008.43769943414,10144.182466823371,10144.182466823371
2026-02-02 20:30:00+00:00,10114.123634489566,10042.40415433102,10143.82083004914,10221.650839719407,10428.340799132058,10005.03222013293,10005.03222013293,10140.736739152993,10140.736739152993
2026-02-02 21:00:00+00:00,10136.299577032065,10042.40415433102,10143.82083004914,10221.650839719407,10428.340799132058,10005.03222013293,10005.03222013293,10140.736739152993,10140.736739152993
2026-02-03 15:30:00+00:00,10119.44907097585,10042.40415433102,10143.82083004914,10221.650839719407,10428.340799132058,10005.03222013293,10005.03222013293,10140.736739152993,10140.736739152993
2026-02-03 16:30:00+00:00,10134.243882525721,10042.40415433102,10143.82083004914,10221.650839719407,10428.340799132058,10005.03222013293,10005.03222013293,10140.736739152993,10140.736739152993
2026-02-03 17:30:00+00:00,10129.463949504214,10042.40415433102,10143.82083004914,10221.650839719407,10428.340799132058,10005.03222013293,10005.03222013293,10140.736739152993,10140.736739152993
2026-02-03 18:30:00+00:00,10130.48403852102,10042.40415433102,10143.82083004914,10221.650839719407,10428.340799132058,10005.03222013293,10005.03222013293,10140.736739152993,10140.736739152993
2026-02-03 19:30:00+00:00,10157.011318113946,10042.40415433102,10143.82083004914,10221.650839719407,10428.340799132058,10005.03222013293,10005.03222013293,10140.736739152993,10140.736739152993
2026-02-03 20:30:00+00:00,10171.63184816909,10042.40415433102,10143.82083004914,10221.650839719407,10428.340799132058,10005.03222013293,10005.03222013293,10140.736739152993,10140.736739152993
2026-02-03 21:00:00+00:00,10175.078739971417,10042.40415433102,10143.82083004914,10221.650839719407,10428.340799132058,10005.03222013293,10005.03222013293,10140.736739152993,10140.736739152993
2026-02-04 15:30:00+00:00,10126.664963110386,10042.40415433102,10143.82083004914,10221.650839719407,10428.340799132058,10005.03222013293,10005.03222013293,10140.736739152993,10140.736739152993
2026-02-04 16:30:00+00:00,10092.922422845073,10042.40415433102,10143.82083004914,10221.650839719407,10428.340799132058,10005.03222013293,10005.03222013293,10140.736739152993,10140.736739152993
2026-02-04 17:30:00+00:00,10071.72162757638,10016.339233371238,10143.82083004914,10221.650839719407,10428.340799132058,10005.03222013293,10005.03222013293,10140.736739152993,10140.736739152993
2026-02-04 18:30:00+00:00,10082.940208835413,10028.738972070218,10152.496401299975,10221.650839719407,10428.340799132058,10005.03222013293,10005.03222013293,10140.736739152993,10140.736739152993
2026-02-04 19:30:00+00:00,10077.352646359044,10022.804113743134,10146.632859499277,10221.650839719407,10428.340799132058,10005.03222013293,10005.03222013293,10140.736739152993,10140.736739152993
2026-02-04 20:30:00+00:00,10085.279016786522,10031.37855679949,10155.283458727665,10221.650839719407,10428.340799132058,10005.03222013293,10005.03222013293,10140.736739152993,10140.736739152993
2026-02-04 21:00:00+00:00,10079.339052667821,10024.835514436101,10148.546165640551,10221.650839719407,10428.340799132058,10005.03222013293,10005.03222013293,10140.736739152993,10140.736739152993
2026-02-05 15:30:00+00:00,9968.32716210465,9901.94536558233,10021.310085622914,10221.650839719407,10428.340799132058,10005.03222013293,10005.03222013293,10140.736739152993,10140.736739152993
2026-02-05 16:30:00+00:00,9987.401731451424,9923.203719258294,10043.477332588136,10243.515577711476,10450.205537124128,10026.896958125,10026.896958125,10140.736739152993,10140.736739152993
2026-02-05 17:30:00+00:00,9967.058363646349,9900.588320660907,10019.956309164134,10215.532559553416,10422.222518966068,9998.91393996694,9998.91393996694,10140.736739152993,10140.736739152993
2026-02-05 18:30:00+00:00,9943.67193866319,9874.59224266815,9992.922564312381,10183.389271670188,10390.07923108284,9966.770652083713,9966.770652083713,10140.736739152993,10140.736739152993
2026-02-05 19:30:00+00:00,9925.561891879714,9854.602563865825,9972.293020477828,10159.809527819489,10366.49948723214,9943.190908233013,9943.190908233013,10140.736739152993,10140.736739152993
2026-02-05 20:30:00+00:00,9953.689553821094,9884.86766501116,10002.64346138271,10189.150724091482,10395.840683504133,9972.532104505006,9972.532104505006,10140.736739152993,10140.736739152993
2026-02-05 21:00:00+00:00,10039.922323943663,9978.810173219203,10098.191670067372,10289.87428216011,10496.564241572762,10073.255662573634,10073.255662573634,10140.736739152993,10140.736739152993
2026-02-06 15:30:00+00:00,10038.77736700038,9979.409455394125,10100.88987221278,10305.540653442236,10512.230612854888,10088.92203385576,10088.92203385576,10140.736739152993,10140.736739152993
2026-02-06 16:30:00+00:00,10031.727709909874,9972.271506590232,10094.247513900178,10302.331824610386,10509.021784023038,10085.71320502391,10085.71320502391,10140.736739152993,10140.736739152993
2026-02-06 17:30:00+00:00,10043.69942043899,9985.753897071976,10108.46246877773,10320.39988903942,10527.089848452071,10103.781269452944,10103.781269452944,10140.736739152993,10140.736739152993
2026-02-06 18:30:00+00:00,10022.61303961147,9961.99220316912,10083.391058203502,10288.42055960581,10495.11051901846,10071.801940019333,10071.801940019333,10140.736739152993,10140.736739152993
2026-02-06 19:30:00+00:00,9963.629257002349,9898.234851215067,10019.113820687346,10224.160694253882,10430.850653666534,10007.542074667406,10007.542074667406,10140.736739152993,10140.736739152993
2026-02-06 20:30:00+00:00,10001.709863009639,9939.484571544057,10060.79875235378,10266.445877123238,10473.13583653589,10049.827257536763,10049.827257536763,10140.736739152993,10140.736739152993
2026-02-06 21:00:00+00:00,10042.872096024854,9983.930890376678,10105.552099279601,10310.8430592474,10517.533018660051,10094.224439660924,10094.224439660924,10140.736739152993,10140.736739152993
2026-02-09 15:30:00+00:00,10054.116927790532,9995.63680172119,10116.771335957737,10318.41478289693,10525.104742309582,10101.796163310455,10101.796163310455,10140.736739152993,10140.736739152993
2026-02-09 16:30:00+00:00,10064.521696654556,10007.187462017197,10128.76371670918,10332.558629065288,10539.24858847794,10115.940009478812,10115.940009478812,10140.736739152993,10140.736739152993
2026-02-09 17:30:00+00:00,10059.6625977305,10002.144318772765,10123.91959578275,10329.202833122976,10535.892792535627,10112.5842135365,10112.5842135365,10140.736739152993,10140.736739152993
2026-02-09 18:30:00+00:00,10065.602660154005,10008.518291927692,10130.290467324814,10335.23030276528,10541.920262177931,10118.611683178804,10118.611683178804,10140.736739152993,10140.736739152993
2026-02-09 19:30:00+00:00,10054.269557307502,9996.284194264257,10117.974015727168,10323.025413163257,10529.715372575909,10106.406793576782,10106.406793576782,10140.736739152993,10140.736739152993
2026-02-09 20:30:00+00:00,10060.848464492572,10003.318911798833,10124.97670290732,10329.47189307141,10536.161852484061,10112.853273484934,10112.853273484934,10140.736739152993,10140.736739152993
2026-02-09 21:00:00+00:00,10042.938486900952,9983.952109343127,10105.443252272275,10309.889633695067,10516.57959310772,10093.271014108592,10093.271014108592,10140.736739152993,10140.736739152993
2026-02-10 15:30:00+00:00,10078.694467522722,10022.28734010586,10143.711096532094,10345.780579042796,10552.470538455447,10129.16195945632,10129.16195945632,10140.736739152993,10140.736739152993
2026-02-10 16:30:00+00:00,10076.318072606975,10019.684891195617,10141.04775837958,10342.871438800767,10549.561398213418,10126.25281921429,10126.25281921429,10140.736739152993,10140.736739152993
2026-02-10 17:30:00+00:00,10093.518676716156,10038.322902394424,10159.889085112456,10362.024305204148,10568.7142646168,10145.405685617672,10145.405685617672,10140.736739152993,10140.736739152993
2026-02-10 18:30:00+00:00,10105.328502501803,10050.866501931216,10172.278561960458,10372.8204479771,10579.510407389751,10156.201828390624,10156.201828390624,10140.736739152993,10140.736739152993
2026-02-10 19:30:00+00:00,10078.264064172095,10021.570001279133,10142.694799967589,10342.944278199771,10549.634237612423,10126.325658613296,10126.325658613296,10140.736739152993,10140.736739152993
2026-02-10 20:30:00+00:00,10100.36308958561,10045.443696014056,10166.745711152736,10366.88017531089,10573.57013472354,10150.261555724413,10150.261555724413,10140.736739152993,10140.736739152993
2026-02-10 21:00:00+00:00,10103.530217082689,10048.896363793003,10170.259932829249,10370.599513791296,10577.289473203948,10153.98089420482,10153.98089420482,10140.736739152993,10140.736739152993
2026-02-11 15:30:00+00:00,10121.774557750914,10068.166798516959,10189.150704954896,10386.148322865372,10592.838282278024,10169.529703278897,10169.529703278897,10140.736739152993,10140.736739152993
2026-02-11 16:30:00+00:00,10129.480975465473,10076.853351530452,10198.317724691839,10397.84956737824,10604.539526790892,10181.230947791764,10181.230947791764,10140.736739152993,10140.736739152993
2026-02-11 17:30:00+00:00,10139.409592049344,10087.859571049332,10209.727474224086,10411.200888674135,10617.890848086787,10194.58226908766,10194.58226908766,10140.736739152993,10140.736739152993
2026-02-11 18:30:00+00:00,10159.05201924086,10109.674924880237,10232.390473334928,10438.0075500902,10644.697509502852,10221.388930503725,10221.388930503725,10140.736739152993,10140.736739152993
2026-02-11 19:30:00+00:00,10155.774419599657,10106.090552294872,10228.729144011482,10434.051494259196,10640.741453671848,10217.43287467272,10217.43287467272,10140.736739152993,10140.736739152993
2026-02-11 20:30:00+00:00,10155.774419599657,10106.090552294872,10228.729144011482,10434.051494259196,10640.741453671848,10217.43287467272,10217.43287467272,10140.736739152993,10140.736739152993
2026-02-11 21:00:00+00:00,10155.774419599657,10106.090552294872,10228.729144011482,10434.051494259196,10640.741453671848,10217.43287467272,10217.43287467272,10140.736739152993,10140.736739152993
2026-02-12 15:30:00+00:00,10155.774419599657,10106.090552294872,10228.729144011482,10434.051494259196,10640.741453671848,10217.43287467272,10217.43287467272,10140.736739152993,10140.736739152993
2026-02-12 16:30:00+00:00,10155.774419599657,10106.090552294872,10228.729144011482,10434.051494259196,10640.741453671848,10217.43287467272,10217.43287467272,10140.736739152993,10140.736739152993
2026-02-12 17:30:00+00:00,10155.774419599657,10106.090552294872,10228.729144011482,10434.051494259196,10640.741453671848,10217.43287467272,10217.43287467272,10140.736739152993,10140.736739152993
2026-02-12 18:30:00+00:00,10155.774419599657,10106.090552294872,10228.729144011482,10434.051494259196,10640.741453671848,10217.43287467272,10217.43287467272,10140.736739152993,10140.736739152993
2026-02-12 19:30:00+00:00,10155.774419599657,10106.090552294872,10228.729144011482,10434.051494259196,10640.741453671848,10217.43287467272,10217.43287467272,10140.736739152993,10140.736739152993
2026-02-12 20:30:00+00:00,10155.774419599657,10106.090552294872,10228.729144011482,10434.051494259196,10640.741453671848,10217.43287467272,10217.43287467272,10140.736739152993,10140.736739152993
2026-02-12 21:00:00+00:00,10155.774419599657,10106.090552294872,10228.729144011482,10434.051494259196,10640.741453671848,10217.43287467272,10217.43287467272,10140.736739152993,10140.736739152993
2026-02-13 15:30:00+00:00,10155.774419599657,10106.090552294872,10228.729144011482,10434.051494259196,10640.741453671848,10217.43287467272,10217.43287467272,10140.736739152993,10140.736739152993
2026-02-13 16:30:00+00:00,10155.774419599657,10106.090552294872,10228.729144011482,10434.051494259196,10640.741453671848,10217.43287467272,10217.43287467272,10140.736739152993,10140.736739152993
2026-02-13 17:30:00+00:00,10155.774419599657,10106.090552294872,10228.729144011482,10434.051494259196,10640.741453671848,10217.43287467272,10217.43287467272,10140.736739152993,10140.736739152993
2026-02-13 18:30:00+00:00,10155.774419599657,10106.090552294872,10228.729144011482,10434.051494259196,10640.741453671848,10217.43287467272,10217.43287467272,10140.736739152993,10140.736739152993
2026-02-13 19:30:00+00:00,10155.774419599657,10106.090552294872,10228.729144011482,10434.051494259196,10640.741453671848,10217.43287467272,10217.43287467272,10140.736739152993,10140.736739152993
2026-02-13 20:30:00+00:00,10155.774419599657,10106.090552294872,10228.729144011482,10434.051494259196,10640.741453671848,10217.43287467272,10217.43287467272,10140.736739152993,10140.736739152993
2026-02-13 21:00:00+00:00,10155.774419599657,10106.090552294872,10228.729144011482,10434.051494259196,10640.741453671848,10217.43287467272,10217.43287467272,10140.736739152993,10140.736739152993
2026-02-17 15:30:00+00:00,10155.774419599657,10106.090552294872,10228.729144011482,10434.051494259196,10640.741453671848,10217.43287467272,10217.43287467272,10140.736739152993,10140.736739152993
2026-02-17 16:30:00+00:00,10216.988150578805,10167.304283274021,10289.942874990633,10495.265225238345,10640.741453671848,10217.43287467272,10217.43287467272,10140.736739152993,10140.736739152993
2026-02-17 17:30:00+00:00,10183.924283603952,10134.240416299168,10256.87900801578,10462.201358263492,10640.741453671848,10217.43287467272,10217.43287467272,10140.736739152993,10140.736739152993
2026-02-17 18:30:00+00:00,10201.945710834192,10152.261843529408,10274.90043524602,10480.222785493732,10640.741453671848,10217.43287467272,10217.43287467272,10140.736739152993,10140.736739152993
2026-02-17 19:30:00+00:00,10234.47262833552,10184.788761030735,10307.427352747347,10512.74970299506,10640.741453671848,10217.43287467272,10217.43287467272,10140.736739152993,10140.736739152993
2026-02-17 20:30:00+00:00,10254.953834843782,10205.269967538998,10327.90855925561,10533.230909503322,10640.741453671848,10217.43287467272,10217.43287467272,10140.736739152993,10140.736739152993
2026-02-17 21:00:00+00:00,10228.303150578411,10178.619283273627,10301.257874990239,10506.58022523795,10640.741453671848,10217.43287467272,10217.43287467272,10140.736739152993,10140.736739152993
2026-02-18 15:30:00+00:00,10233.50336063313,10183.819493328347,10306.458085044958,10511.78043529267,10640.741453671848,10217.43287467272,10217.43287467272,10140.736739152993,10140.736739152993
2026-02-18 16:30:00+00:00,10259.173196042315,10209.48932873753,10332.127920454142,10537.450270701855,10640.741453671848,10217.43287467272,10217.43287467272,10140.736739152993,10140.736739152993
2026-02-18 17:30:00+00:00,10188.62100435576,10138.937137050976,10261.575728767588,10466.8980790153,10640.741453671848,10217.43287467272,10217.43287467272,10140.736739152993,10140.736739152993
2026-02-18 18:30:00+00:00,10161.456274583947,10111.772407279163,10234.410998995774,10439.733349243486,10640.741453671848,10217.43287467272,10217.43287467272,10140.736739152993,10140.736739152993
2026-02-18 19:30:00+00:00,10113.042023256385,10063.3581559516,10185.996747668212,10391.319097915924,10640.741453671848,10217.43287467272,10217.43287467272,10140.736739152993,10140.736739152993
2026-02-18 20:30:00+00:00,10120.586005952788,10070.902138648004,10193.540730364615,10398.863080612327,10649.098256132309,10225.789677133182,10217.43287467272,10140.736739152993,10140.736739152993
2026-02-18 21:00:00+00:00,10152.747203308298,10103.063336003514,10225.701927720125,10431.024277967837,10683.795369162526,10260.486790163399,10217.43287467272,10140.736739152993,10140.736739152993
2026-02-19 15:30:00+00:00,10195.404822471412,10145.720955166627,10268.35954688324,10473.681897130951,10728.03036959835,10304.721790599222,10217.43287467272,10140.736739152993,10140.736739152993
2026-02-19 16:30:00+00:00,10183.721130211045,10134.03726290626,10256.675854622872,10461.998204870584,10715.388432322012,10292.079853322884,10217.43287467272,10140.736739152993,10140.736739152993
2026-02-19 17:30:00+00:00,10210.513270730251,10160.829403425467,10283.467995142079,10488.79034538979,10744.24255140367,10320.933972404542,10217.43287467272,10140.736739152993,10140.736739152993
2026-02-19 18:30:00+00:00,10188.46890300205,10138.785035697267,10261.423627413878,10466.74597766159,10720.808652267755,10297.500073268628,10217.43287467272,10140.736739152993,10140.736739152993
2026-02-19 19:30:00+00:00,10216.503757468916,10166.819890164132,10289.458481880743,10494.780832128456,10751.169610251463,10327.861031252336,10217.43287467272,10140.736739152993,10140.736739152993
2026-02-19 20:30:00+00:00,10249.375395499865,10199.69152819508,10322.330119911692,10527.652470159404,10786.955790338228,10363.647211339101,10217.43287467272,10140.736739152993,10140.736739152993
2026-02-19 21:00:00+00:00,10231.024573414246,10181.340706109462,10303.979297826074,10509.301648073786,10767.488233089594,10344.179654090467,10217.43287467272,10140.736739152993,10140.736739152993
2026-02-20 15:30:00+00:00,10192.829430059408,10143.145562754624,10265.784154471236,10471.106504718948,10725.681323198587,10302.37274419946,10217.43287467272,10140.736739152993,10140.736739152993
2026-02-20 16:30:00+00:00,10198.991850872042,10149.307983567258,10271.94657528387,10477.268925531582,10732.020521287335,10308.711942288208,10217.43287467272,10140.736739152993,10140.736739152993
2026-02-20 17:30:00+00:00,10212.340865791739,10162.656998486955,10285.295590203566,10490.617940451279,10745.670276072726,10322.361697073598,10217.43287467272,10140.736739152993,10140.736739152993
2026-02-20 18:30:00+00:00,10213.647894190877,10163.964026886093,10286.602618602705,10491.924968850417,10747.434287216467,10324.12570821734,10217.43287467272,10140.736739152993,10140.736739152993
2026-02-20 19:30:00+00:00,10215.0380325513,10165.354165246516,10287.992756963127,10493.31510721084,10748.754815467002,10325.446236467875,10217.43287467272,10140.736739152993,10140.736739152993
2026-02-20 20:30:00+00:00,10200.364810112034,10150.68094280725,10273.319534523862,10478.641884771574,10733.067269362113,10309.758690362985,10217.43287467272,10140.736739152993,10140.736739152993
2026-02-20 21:00:00+00:00,10224.619209364739,10174.935342059955,10297.573933776566,10502.896284024278,10759.375616342724,10336.067037343597,10217.43287467272,10140.736739152993,10140.736739152993
2026-02-23 15:30:00+00:00,10244.876867123177,10195.192999818393,10317.831591535005,10523.153941782717,10779.044535088004,10355.735956088876,10217.43287467272,10140.736739152993,10140.736739152993
2026-02-23 16:30:00+00:00,10251.470017832824,10201.78615052804,10324.424742244651,10529.747092492364,10785.715214321168,10362.40663532204,10217.43287467272,10140.736739152993,10140.736739152993
2026-02-23 17:30:00+00:00,10247.521723645123,10197.837856340338,10320.476448056948,10525.798798304662,10781.532073958027,10358.2234949589,10217.43287467272,10140.736739152993,10140.736739152993
2026-02-23 18:30:00+00:00,10247.521723645123,10197.837856340338,10320.476448056948,10525.798798304662,10781.532073958027,10358.2234949589,10217.43287467272,10140.736739152993,10140.736739152993
2026-02-23 19:30:00+00:00,10247.521723645123,10197.837856340338,10320.476448056948,10525.798798304662,10781.532073958027,10358.2234949589,10217.43287467272,10140.736739152993,10140.736739152993
2026-02-23 20:30:00+00:00,10247.521723645123,10197.837856340338,10320.476448056948,10525.798798304662,10781.532073958027,10358.2234949589,10217.43287467272,10140.736739152993,10140.736739152993
2026-02-23 21:00:00+00:00,10262.563415263021,10197.837856340338,10320.476448056948,10525.798798304662,10781.532073958027,10358.2234949589,10217.43287467272,10140.736739152993,10140.736739152993
2026-02-24 15:30:00+00:00,10295.91962883172,10197.837856340338,10320.476448056948,10525.798798304662,10781.532073958027,10358.2234949589,10217.43287467272,10140.736739152993,10140.736739152993
2026-02-24 16:30:00+00:00,10311.506280268235,10197.837856340338,10320.476448056948,10525.798798304662,10781.532073958027,10358.2234949589,10217.43287467272,10140.736739152993,10140.736739152993
2026-02-24 17:30:00+00:00,10331.705462570744,10197.837856340338,10320.476448056948,10525.798798304662,10781.532073958027,10358.2234949589,10217.43287467272,10140.736739152993,10140.736739152993
2026-02-24 18:30:00+00:00,10329.284455031573,10197.837856340338,10320.476448056948,10525.798798304662,10781.532073958027,10358.2234949589,10217.43287467272,10140.736739152993,10140.736739152993
2026-02-24 19:30:00+00:00,10329.284455031573,10197.837856340338,10320.476448056948,10525.798798304662,10781.532073958027,10358.2234949589,10217.43287467272,10140.736739152993,10140.736739152993
2026-02-24 20:30:00+00:00,10329.284455031573,10197.837856340338,10320.476448056948,10525.798798304662,10781.532073958027,10358.2234949589,10217.43287467272,10140.736739152993,10140.736739152993
2026-02-24 21:00:00+00:00,10329.284455031573,10197.837856340338,10320.476448056948,10525.798798304662,10781.532073958027,10358.2234949589,10217.43287467272,10140.736739152993,10140.736739152993
2026-02-25 15:30:00+00:00,10329.284455031573,10197.837856340338,10320.476448056948,10525.798798304662,10781.532073958027,10358.2234949589,10217.43287467272,10140.736739152993,10140.736739152993
2026-02-25 16:30:00+00:00,10329.284455031573,10197.837856340338,10320.476448056948,10525.798798304662,10781.532073958027,10358.2234949589,10217.43287467272,10140.736739152993,10140.736739152993
2026-02-25 17:30:00+00:00,10329.284455031573,10197.837856340338,10320.476448056948,10525.798798304662,10781.532073958027,10358.2234949589,10217.43287467272,10140.736739152993,10140.736739152993
2026-02-25 18:30:00+00:00,10324.03337505611,10192.586776364875,10315.225368081485,10525.798798304662,10781.532073958027,10358.2234949589,10217.43287467272,10140.736739152993,10140.736739152993
2026-02-25 19:30:00+00:00,10312.6193270339,10181.172728342666,10303.811320059276,10525.798798304662,10781.532073958027,10358.2234949589,10217.43287467272,10140.736739152993,10140.736739152993
2026-02-25 20:30:00+00:00,10334.369042047874,10202.92244335664,10325.56103507325,10543.888573219956,10781.532073958027,10358.2234949589,10217.43287467272,10140.736739152993,10140.736739152993
2026-02-25 21:00:00+00:00,10352.317561976382,10220.870963285148,10343.509555001758,10561.448317816908,10781.532073958027,10358.2234949589,10217.43287467272,10140.736739152993,10140.736739152993
2026-02-26 15:30:00+00:00,10329.493844153929,10198.047245462694,10320.685837179304,10538.255438481996,10781.532073958027,10358.2234949589,10217.43287467272,10140.736739152993,10140.736739152993
2026-02-26 16:30:00+00:00,10353.226630746049,10221.780032054814,10344.418623771424,10561.611250749766,10781.532073958027,10358.2234949589,10217.43287467272,10140.736739152993,10140.736739152993
2026-02-26 17:30:00+00:00,10356.412779133625,10224.96618044239,10347.604772159,10564.541600212619,10781.532073958027,10358.2234949589,10217.43287467272,10140.736739152993,10140.736739152993
2026-02-26 18:30:00+00:00,10331.513806536172,10200.067207844937,10322.705799561547,10540.079842851988,10781.532073958027,10358.2234949589,10217.43287467272,10140.736739152993,10140.736739152993
2026-02-26 19:30:00+00:00,10331.62628336648,10200.179684675246,10322.818276391856,10540.335812982048,10781.532073958027,10358.2234949589,10217.43287467272,10140.736739152993,10140.736739152993
2026-02-26 20:30:00+00:00,10306.763469718666,10175.316871027431,10297.955462744041,10515.952845577101,10781.532073958027,10358.2234949589,10217.43287467272,10140.736739152993,10140.736739152993
2026-02-26 21:00:00+00:00,10265.437777293326,10133.991178602091,10256.629770318701,10475.403764234852,10781.532073958027,10358.2234949589,10217.43287467272,10140.736739152993,10140.736739152993
2026-02-27 15:30:00+00:00,10287.007403173235,10155.560804482,10278.19939619861,10495.795599128316,10805.890675143375,10382.582096144248,10217.43287467272,10140.736739152993,10140.736739152993
2026-02-27 16:30:00+00:00,10303.570547688249,10172.123948997014,10294.762540713624,10512.00269885887,10823.111165609504,10399.802586610376,10217.43287467272,10140.736739152993,10140.736739152993
2026-02-27 17:30:00+00:00,10286.18502912664,10154.738430435405,10277.377022152015,10494.846758014899,10804.20539028296,10380.896811283832,10217.43287467272,10140.736739152993,10140.736739152993
2026-02-27 18:30:00+00:00,10308.375379471023,10176.928780779788,10299.567372496398,10516.557195034251,10827.257668899958,10403.94908990083,10217.43287467272,10140.736739152993,10140.736739152993
2026-02-27 19:30:00+00:00,10283.863050724965,10152.41645203373,10275.05504375034,10492.320910816747,10800.326126650838,10377.01754765171,10217.43287467272,10140.736739152993,10140.736739152993
2026-02-27 20:30:00+00:00,10261.88861077204,10130.442012080804,10253.080603797414,10470.829383553819,10777.544653112433,10354.236074113305,10217.43287467272,10140.736739152993,10140.736739152993
2026-02-27 21:00:00+00:00,10287.405075519135,10155.9584768279,10278.59706854451,10495.86807025315,10804.48027539416,10381.171696395033,10217.43287467272,10140.736739152993,10140.736739152993
2026-03-02 15:30:00+00:00,10323.579290876669,10192.132692185434,10314.771283902044,10531.648071062345,10844.432154042335,10421.123575043208,10217.43287467272,10140.736739152993,10140.736739152993
2026-03-02 16:30:00+00:00,10296.127821026403,10164.681222335168,10287.319814051778,10504.804681026193,10816.005507871152,10392.696928872025,10217.43287467272,10140.736739152993,10140.736739152993
2026-03-02 17:30:00+00:00,10263.981161006326,10132.534562315092,10255.173154031701,10473.162028934388,10781.505783484348,10358.197204485221,10217.43287467272,10140.736739152993,10140.736739152993
2026-03-02 18:30:00+00:00,10264.54866307777,10133.102064386536,10255.740656103146,10473.65249488734,10781.719897104113,10358.411318104985,10217.43287467272,10140.736739152993,10140.736739152993
2026-03-02 19:30:00+00:00,10264.33565884914,10132.889060157906,10255.527651874516,10473.367099843825,10781.056617142964,10357.748038143836,10217.43287467272,10140.736739152993,10140.736739152993
2026-03-02 20:30:00+00:00,10261.299818742456,10129.853220051222,10252.491811767832,10470.387097188783,10777.845600811963,10354.537021812836,10217.43287467272,10140.736739152993,10140.736739152993
2026-03-02 21:00:00+00:00,10254.311584936839,10122.864986245604,10245.503577962214,10463.575433726028,10770.737133596536,10347.428554597409,10217.43287467272,10140.736739152993,10140.736739152993
2026-03-03 15:30:00+00:00,10269.761402062784,10138.31480337155,10260.95339508816,10478.439869419972,10785.380799028864,10362.072220029737,10217.43287467272,10140.736739152993,10140.736739152993
2026-03-03 16:30:00+00:00,10337.095241180541,10205.648642489306,10328.287234205916,10544.929672701131,10858.866407812724,10435.557828813597,10217.43287467272,10140.736739152993,10140.736739152993
2026-03-03 17:30:00+00:00,10308.668100202352,10177.221501511118,10299.860093227728,10516.799339808085,10827.496497931566,10404.187918932439,10217.43287467272,10140.736739152993,10140.736739152993
2026-03-03 18:30:00+00:00,10298.653654260595,10167.20705556936,10289.84564728597,10507.076215622405,10817.5281895535,10394.219610554374,10217.43287467272,10140.736739152993,10140.736739152993
2026-03-03 19:30:00+00:00,10309.675376865163,10178.228778173929,10300.867369890539,10517.87324643272,10829.055280880886,10405.746701881759,10217.43287467272,10140.736739152993,10140.736739152993
2026-03-03 20:30:00+00:00,10314.622866146656,10183.176267455421,10305.814859172031,10522.701467599447,10834.125019336321,10410.816440337194,10217.43287467272,10140.736739152993,10140.736739152993
2026-03-03 21:00:00+00:00,10300.213591555705,10168.76699286447,10291.40558458108,10508.518057984153,10818.661444055757,10395.35286505663,10217.43287467272,10140.736739152993,10140.736739152993
2026-03-04 15:30:00+00:00,10320.309069393456,10188.86247070222,10311.50106241883,10529.369458473164,10846.454232998387,10423.14565399926,10217.43287467272,10140.736739152993,10140.736739152993
2026-03-04 16:30:00+00:00,10289.285556246967,10157.838957555732,10280.477549272342,10498.820371299067,10813.092629860344,10389.784050861217,10217.43287467272,10140.736739152993,10140.736739152993
2026-03-04 17:30:00+00:00,10278.304896450958,10146.858297759723,10269.496889476333,10487.944592455759,10800.920939066464,10377.612360067336,10217.43287467272,10140.736739152993,10140.736739152993
2026-03-04 18:30:00+00:00,10298.202287599086,10166.755688907851,10289.394280624461,10507.720359527631,10823.377755279587,10400.06917628046,10217.43287467272,10140.736739152993,10140.736739152993
2026-03-04 19:30:00+00:00,10228.625880794867,10097.179282103632,10219.817873820242,10439.831843069067,10752.164735529632,10328.856156530504,10217.43287467272,10140.736739152993,10140.736739152993
2026-03-04 20:30:00+00:00,10276.222223952118,10144.775625260883,10267.414216977493,10486.666318396801,10803.152664824105,10379.844085824978,10217.43287467272,10140.736739152993,10140.736739152993
2026-03-04 21:00:00+00:00,10251.465286012133,10120.018687320899,10242.657279037508,10462.199831717891,10776.01964365306,10352.711064653933,10217.43287467272,10140.736739152993,10140.736739152993
2026-03-05 15:30:00+00:00,10308.764530267112,10177.317931575877,10299.956523292487,10517.616030340381,10831.856906298837,10408.54832729971,10217.43287467272,10140.736739152993,10140.736739152993
2026-03-05 16:30:00+00:00,10311.063303117502,10179.616704426267,10302.255296142877,10519.725651144252,10833.442944060997,10410.13436506187,10217.43287467272,10140.736739152993,10140.736739152993
2026-03-05 17:30:00+00:00,10318.050969043357,10186.604370352123,10309.242962068733,10526.571014016045,10840.75499783126,10417.446418832133,10217.43287467272,10140.736739152993,10140.736739152993
2026-03-05 18:30:00+00:00,10332.383279932548,10200.936681241314,10323.575272957924,10540.622401389353,10855.81160756991,10432.503028570783,10217.43287467272,10140.736739152993,10140.736739152993
2026-03-05 19:30:00+00:00,10328.73606415494,10197.289465463704,10319.928057180316,10537.024023270602,10851.849225121789,10428.540646122661,10217.43287467272,10140.736739152993,10140.736739152993
2026-03-05 20:30:00+00:00,10328.73606415494,10197.289465463704,10319.928057180316,10537.024023270602,10851.849225121789,10428.540646122661,10217.43287467272,10140.736739152993,10140.736739152993
2026-03-05 21:00:00+00:00,10328.73606415494,10197.289465463704,10319.928057180316,10537.024023270602,10851.849225121789,10428.540646122661,10217.43287467272,10140.736739152993,10140.736739152993
2026-03-06 15:30:00+00:00,10328.73606415494,10197.289465463704,10319.928057180316,10537.024023270602,10851.849225121789,10428.540646122661,10217.43287467272,10140.736739152993,10140.736739152993
2026-03-06 16:30:00+00:00,10328.73606415494,10197.289465463704,10319.928057180316,10537.024023270602,10851.849225121789,10428.540646122661,10217.43287467272,10140.736739152993,10140.736739152993
2026-03-06 17:30:00+00:00,10323.721836309247,10192.27523761801,10314.913829334622,10537.024023270602,10851.849225121789,10428.540646122661,10217.43287467272,10140.736739152993,10140.736739152993
2026-03-06 18:30:00+00:00,10359.300185126014,10227.853586434778,10350.49217815139,10569.404738229907,10851.849225121789,10428.540646122661,10217.43287467272,10140.736739152993,10140.736739152993
2026-03-06 19:30:00+00:00,10328.531722403151,10197.085123711915,10319.723715428527,10537.966247987162,10851.849225121789,10428.540646122661,10217.43287467272,10140.736739152993,10140.736739152993
2026-03-06 20:30:00+00:00,10306.229287361075,10174.782688669839,10297.42128038645,10515.16227568712,10851.849225121789,10428.540646122661,10217.43287467272,10140.736739152993,10140.736739152993
2026-03-06 21:00:00+00:00,10289.029921750021,10157.583323058785,10280.221914775397,10497.586516067964,10832.458970323185,10428.540646122661,10217.43287467272,10140.736739152993,10140.736739152993
2026-03-09 14:30:00+00:00,10302.823887338982,10171.377288647745,10294.015880364357,10511.707280305722,10846.665741592915,10424.898799146373,10217.43287467272,10140.736739152993,10140.736739152993
2026-03-09 15:30:00+00:00,10320.810699302683,10189.364100611447,10312.002692328058,10530.108249186964,10865.331134188806,10443.448494167771,10217.43287467272,10140.736739152993,10140.736739152993
2026-03-09 16:30:00+00:00,10294.735428723308,10163.288830032072,10285.927421748684,10503.451489368928,10838.595599117225,10416.889162521735,10217.43287467272,10140.736739152993,10140.736739152993
2026-03-09 17:30:00+00:00,10346.607649474365,10215.161050783128,10337.79964249974,10556.474037600372,10891.648695073003,10469.587706636321,10217.43287467272,10140.736739152993,10140.736739152993
2026-03-09 18:30:00+00:00,10315.925289250463,10184.478690559226,10307.117282275838,10525.109810971835,10860.236318244579,10438.384089817773,10217.43287467272,10140.736739152993,10140.736739152993
2026-03-09 19:30:00+00:00,10319.118084118538,10187.671485427301,10310.310077143913,10528.395933632348,10863.900214020625,10442.036942443476,10217.43287467272,10140.736739152993,10140.736739152993
2026-03-09 20:00:00+00:00,10327.924539467564,10196.477940776327,10319.116532492939,10537.377492624744,10872.537143546253,10450.60330408453,10217.43287467272,10140.736739152993,10140.736739152993
2026-03-10 14:30:00+00:00,10268.604359734403,10137.157761043167,10259.796352759779,10476.779899713712,10812.460032662175,10390.946053593749,10217.43287467272,10140.736739152993,10140.736739152993
2026-03-10 15:30:00+00:00,10305.665384553567,10174.218785862331,10296.857377578943,10514.685076015803,10850.758012471742,10429.001293684392,10217.43287467272,10140.736739152993,10140.736739152993
2026-03-10 16:30:00+00:00,10298.866530018873,10167.419931327637,10290.058523044248,10507.74571534106,10843.984687704853,10422.279314711648,10217.43287467272,10140.736739152993,10140.736739152993
2026-03-10 17:30:00+00:00,10358.807726435776,10227.36112774454,10349.999719461151,10569.002401190744,10905.043965204535,10482.92214954547,10217.43287467272,10140.736739152993,10140.736739152993
2026-03-10 18:30:00+00:00,10345.26164048238,10213.815041791144,10336.453633507756,10555.149186583612,10891.064260066532,10469.03152357409,10217.43287467272,10140.736739152993,10140.736739152993
2026-03-10 19:30:00+00:00,10334.712464775683,10203.265866084446,10325.904457801058,10544.364055962338,10880.2395694489,10458.278062398713,10217.43287467272,10140.736739152993,10140.736739152993
2026-03-10 20:00:00+00:00,10332.70862579933,10201.262027108094,10323.900618824706,10542.323780846837,10878.332560401532,10456.388646042114,10217.43287467272,10140.736739152993,10140.736739152993
2026-03-11 14:30:00+00:00,10404.33664590463,10272.890047213394,10395.528638930005,10615.508139982378,10950.94465819394,10528.4920751151,10217.43287467272,10140.736739152993,10140.736739152993
2026-03-11 15:30:00+00:00,10408.336426021197,10276.88982732996,10399.52841904657,10619.599533798772,10955.087863096214,10532.609374494989,10217.43287467272,10140.736739152993,10140.736739152993
2026-03-11 16:30:00+00:00,10408.336426021197,10276.88982732996,10399.52841904657,10619.599533798772,10955.087863096214,10532.609374494989,10217.43287467272,10140.736739152993,10140.736739152993
2026-03-11 17:30:00+00:00,10408.336426021197,10276.88982732996,10399.52841904657,10619.599533798772,10955.087863096214,10532.609374494989,10217.43287467272,10140.736739152993,10140.736739152993
2026-03-11 18:30:00+00:00,10408.336426021197,10276.88982732996,10399.52841904657,10619.599533798772,10955.087863096214,10532.609374494989,10217.43287467272,10140.736739152993,10140.736739152993
2026-03-11 19:30:00+00:00,10408.336426021197,10276.88982732996,10399.52841904657,10619.599533798772,10955.087863096214,10532.609374494989,10217.43287467272,10140.736739152993,10140.736739152993
2026-03-11 20:00:00+00:00,10408.336426021197,10276.88982732996,10399.52841904657,10619.599533798772,10955.087863096214,10532.609374494989,10217.43287467272,10140.736739152993,10140.736739152993
2026-03-12 14:30:00+00:00,10408.336426021197,10276.88982732996,10399.52841904657,10619.599533798772,10955.087863096214,10532.609374494989,10217.43287467272,10140.736739152993,10140.736739152993
2026-03-12 15:30:00+00:00,10408.336426021197,10276.88982732996,10399.52841904657,10619.599533798772,10955.087863096214,10532.609374494989,10217.43287467272,10140.736739152993,10140.736739152993
2026-03-12 16:30:00+00:00,10408.336426021197,10276.88982732996,10399.52841904657,10619.599533798772,10955.087863096214,10532.609374494989,10217.43287467272,10140.736739152993,10140.736739152993
2026-03-12 17:30:00+00:00,10408.336426021197,10276.88982732996,10399.52841904657,10619.599533798772,10955.087863096214,10532.609374494989,10217.43287467272,10140.736739152993,10140.736739152993
2026-03-12 18:30:00+00:00,10408.336426021197,10276.88982732996,10399.52841904657,10619.599533798772,10955.087863096214,10532.609374494989,10217.43287467272,10140.736739152993,10140.736739152993
2026-03-12 19:30:00+00:00,10443.340242029175,10311.89364333794,10399.52841904657,10619.599533798772,10955.087863096214,10532.609374494989,10217.43287467272,10140.736739152993,10140.736739152993
2026-03-12 20:00:00+00:00,10417.235552412043,10285.788953720808,10399.52841904657,10619.599533798772,10955.087863096214,10532.609374494989,10217.43287467272,10140.736739152993,10140.736739152993
2026-03-13 14:30:00+00:00,10404.974234624027,10273.527635932793,10399.52841904657,10619.599533798772,10955.087863096214,10532.609374494989,10217.43287467272,10140.736739152993,10140.736739152993
2026-03-13 15:30:00+00:00,10406.677729930423,10275.231131239188,10399.52841904657,10619.599533798772,10955.087863096214,10532.609374494989,10217.43287467272,10140.736739152993,10140.736739152993
2026-03-13 16:30:00+00:00,10430.348040677334,10298.9014419861,10399.52841904657,10619.599533798772,10955.087863096214,10532.609374494989,10217.43287467272,10140.736739152993,10140.736739152993
2026-03-13 17:30:00+00:00,10444.271697567834,10312.8250988766,10399.52841904657,10619.599533798772,10955.087863096214,10532.609374494989,10217.43287467272,10140.736739152993,10140.736739152993
2026-03-13 18:30:00+00:00,10452.633140122076,10321.186541430841,10399.52841904657,10619.599533798772,10955.087863096214,10532.609374494989,10217.43287467272,10140.736739152993,10140.736739152993
2026-03-13 19:30:00+00:00,10459.727762012106,10328.281163320871,10399.52841904657,10619.599533798772,10955.087863096214,10532.609374494989,10217.43287467272,10140.736739152993,10140.736739152993
2026-03-13 20:00:00+00:00,10472.998011389545,10341.55141269831,10399.52841904657,10619.599533798772,10955.087863096214,10532.609374494989,10217.43287467272,10140.736739152993,10140.736739152993
2026-03-16 14:30:00+00:00,10476.388707684066,10344.942108992831,10399.52841904657,10619.599533798772,10955.087863096214,10532.609374494989,10217.43287467272,10140.736739152993,10140.736739152993
2026-03-16 15:30:00+00:00,10487.567164458476,10356.120565767242,10399.52841904657,10619.599533798772,10955.087863096214,10532.609374494989,10217.43287467272,10140.736739152993,10140.736739152993
2026-03-16 16:30:00+00:00,10483.284062108285,10351.83746341705,10399.52841904657,10619.599533798772,10955.087863096214,10532.609374494989,10217.43287467272,10140.736739152993,10140.736739152993
2026-03-16 17:30:00+00:00,10483.284062108285,10351.83746341705,10399.52841904657,10619.599533798772,10955.087863096214,10532.609374494989,10217.43287467272,10140.736739152993,10140.736739152993
2026-03-16 18:30:00+00:00,10483.284062108285,10351.83746341705,10399.52841904657,10619.599533798772,10955.087863096214,10532.609374494989,10217.43287467272,10140.736739152993,10140.736739152993
2026-03-16 19:30:00+00:00,10483.284062108285,10351.83746341705,10399.52841904657,10619.599533798772,10955.087863096214,10532.609374494989,10217.43287467272,10140.736739152993,10140.736739152993
2026-03-16 20:00:00+00:00,10483.284062108285,10351.83746341705,10399.52841904657,10619.599533798772,10955.087863096214,10532.609374494989,10217.43287467272,10140.736739152993,10140.736739152993
2026-03-17 14:30:00+00:00,10483.284062108285,10351.83746341705,10399.52841904657,10619.599533798772,10955.087863096214,10532.609374494989,10217.43287467272,10140.736739152993,10140.736739152993
2026-03-17 15:30:00+00:00,10483.284062108285,10351.83746341705,10399.52841904657,10619.599533798772,10955.087863096214,10532.609374494989,10217.43287467272,10140.736739152993,10140.736739152993
2026-03-17 16:30:00+00:00,10483.284062108285,10351.83746341705,10399.52841904657,10619.599533798772,10955.087863096214,10532.609374494989,10217.43287467272,10140.736739152993,10140.736739152993
2026-03-17 17:30:00+00:00,10497.781923727141,10366.335325035907,10414.026280665426,10634.097395417628,10955.087863096214,10532.609374494989,10217.43287467272,10140.736739152993,10140.736739152993
2026-03-17 18:30:00+00:00,10535.258595923995,10403.81199723276,10451.50295286228,10671.574067614481,10955.087863096214,10532.609374494989,10217.43287467272,10140.736739152993,10140.736739152993
2026-03-17 19:30:00+00:00,10499.836083151862,10368.389484460628,10416.080440090147,10636.151554842349,10955.087863096214,10532.609374494989,10217.43287467272,10140.736739152993,10140.736739152993
2026-03-17 20:00:00+00:00,10502.599007713554,10371.15240902232,10418.843364651839,10638.91447940404,10955.087863096214,10532.609374494989,10217.43287467272,10140.736739152993,10140.736739152993
2026-03-18 14:30:00+00:00,10546.005422314282,10414.558823623047,10462.249779252566,10682.320894004768,10955.087863096214,10532.609374494989,10217.43287467272,10140.736739152993,10140.736739152993
2026-03-18 15:30:00+00:00,10536.105575653088,10404.658976961853,10452.349932591373,10672.421047343574,10955.087863096214,10532.609374494989,10217.43287467272,10140.736739152993,10140.736739152993
2026-03-18 16:30:00+00:00,10529.424774011359,10397.978175320124,10445.669130949644,10665.740245701845,10955.087863096214,10532.609374494989,10217.43287467272,10140.736739152993,10140.736739152993
2026-03-18 17:30:00+00:00,10510.535442239232,10379.088843547997,10426.779799177517,10646.850913929718,10955.087863096214,10532.609374494989,10217.43287467272,10140.736739152993,10140.736739152993
2026-03-18 18:30:00+00:00,10534.979006456178,10403.532407764944,10451.223363394463,10671.294478146665,10955.087863096214,10532.609374494989,10217.43287467272,10140.736739152993,10140.736739152993
2026-03-18 19:30:00+00:00,10527.826956059114,10396.38035736788,10444.0713129974,10664.1424277496,10955.087863096214,10532.609374494989,10217.43287467272,10140.736739152993,10140.736739152993
2026-03-18 20:00:00+00:00,10508.154447554822,10376.707848863587,10424.398804493107,10644.469919245308,10955.087863096214,10532.609374494989,10217.43287467272,10140.736739152993,10140.736739152993
2026-03-19 14:30:00+00:00,10502.315832283133,10370.869233591899,10418.560189221418,10638.63130397362,10955.087863096214,10532.609374494989,10217.43287467272,10140.736739152993,10140.736739152993
2026-03-19 15:30:00+00:00,10492.754776347205,10361.30817765597,10408.99913328549,10629.070248037691,10955.087863096214,10532.609374494989,10217.43287467272,10140.736739152993,10140.736739152993
2026-03-19 16:30:00+00:00,10496.101986024336,10364.655387333101,10412.34634296262,10632.417457714822,10955.087863096214,10532.609374494989,10217.43287467272,10140.736739152993,10140.736739152993
2026-03-19 17:30:00+00:00,10471.56131668777,10340.114717996536,10387.805673626055,10607.876788378257,10955.087863096214,10532.609374494989,10217.43287467272,10140.736739152993,10140.736739152993
2026-03-19 18:30:00+00:00,10448.784373561703,10317.337774870468,10365.028730499987,10585.099845252189,10955.087863096214,10532.609374494989,10217.43287467272,10140.736739152993,10140.736739152993
2026-03-19 19:30:00+00:00,10478.512261279588,10347.065662588353,10394.756618217873,10614.827732970074,10975.014486642654,10532.609374494989,10217.43287467272,10140.736739152993,10140.736739152993
2026-03-19 20:00:00+00:00,10476.051968033877,10344.605369342642,10392.296324972162,10612.367439724363,10972.083262951426,10532.609374494989,10217.43287467272,10140.736739152993,10140.736739152993
2026-03-20 14:30:00+00:00,10406.648287050295,10275.20168835906,10322.89264398858,10542.963758740781,10892.634007791376,10532.609374494989,10217.43287467272,10140.736739152993,10140.736739152993
2026-03-20 15:30:00+00:00,10478.680295918082,10347.233697226848,10394.924652856367,10614.995767608569,10974.766779338377,10610.555026900935,10295.378527078667,10140.736739152993,10140.736739152993
2026-03-20 16:30:00+00:00,10477.707773163496,10346.261174472262,10393.952130101781,10614.023244853983,10974.537595718415,10612.556408414213,10297.379908591945,10140.736739152993,10140.736739152993
2026-03-20 17:30:00+00:00,10463.639454326172,10332.192855634938,10379.883811264457,10599.954926016659,10957.895616780215,10595.362593279418,10280.18609345715,10140.736739152993,10140.736739152993
2026-03-20 18:30:00+00:00,10483.812017073342,10352.365418382107,10400.056374011627,10620.127488763828,10980.519997866006,10615.711679621458,10300.53517979919,10140.736739152993,10140.736739152993
2026-03-20 19:30:00+00:00,10484.08615312783,10352.639554436595,10400.330510066115,10620.401624818316,10980.842174199952,10616.034329889924,10300.857830067656,10140.736739152993,10140.736739152993
2026-03-20 20:00:00+00:00,10483.991015681842,10352.544416990608,10400.235372620127,10620.306487372329,10980.97864506672,10616.779414332552,10301.602914510284,10140.736739152993,10140.736739152993
2026-03-23 14:30:00+00:00,10428.731483215055,10297.28488452382,10344.97584015334,10565.046954905541,10917.816068870598,10556.599096491844,10241.422596669576,10140.736739152993,10140.736739152993
2026-03-23 15:30:00+00:00,10422.53324331513,10291.086644623896,10338.777600253416,10558.848715005617,10910.489580359612,10549.041437810765,10233.864937988497,10140.736739152993,10140.736739152993
2026-03-23 16:30:00+00:00,10422.099351073366,10290.652752382131,10338.343708011651,10558.414822763852,10909.870973745683,10548.139596991703,10232.963097169435,10140.736739152993,10140.736739152993
2026-03-23 17:30:00+00:00,10439.87123729419,10308.424638602955,10356.115594232475,10576.186708984676,10930.084087697596,10567.041589301658,10251.86508947939,10140.736739152993,10140.736739152993
2026-03-23 18:30:00+00:00,10435.156031944156,10303.709433252921,10351.40038888244,10571.471503634642,10925.031129757594,10563.09619856922,10247.919698746951,10140.736739152993,10140.736739152993
2026-03-23 19:30:00+00:00,10444.88414939719,10313.437550705956,10361.128506335475,10581.199621087677,10936.12520589487,10573.544272081248,10258.36777225898,10140.736739152993,10140.736739152993
2026-03-23 20:00:00+00:00,10437.04184909219,10305.595250400955,10353.286206030474,10573.357320782676,10927.07233694494,10564.73612356905,10249.559623746782,10140.736739152993,10140.736739152993
2026-03-24 14:30:00+00:00,10424.470207948987,10293.023609257752,10340.714564887272,10560.785679639474,10912.442505184426,10550.124590949372,10234.948091127104,10140.736739152993,10140.736739152993
2026-03-24 15:30:00+00:00,10405.813181371866,10274.366582680632,10322.057538310151,10542.128653062353,10891.147060043535,10530.0104334571,10214.833933634833,10140.736739152993,10140.736739152993
2026-03-24 16:30:00+00:00,10420.237317430137,10288.790718738903,10336.481674368422,10556.552789120624,10907.672053166165,10545.764437748347,10230.587937926079,10140.736739152993,10140.736739152993
2026-03-24 17:30:00+00:00,10423.06072321555,10291.614124524316,10339.305080153836,10559.376194906037,10910.695296486534,10548.111503524753,10232.935003702485,10140.736739152993,10140.736739152993
2026-03-24 18:30:00+00:00,10438.674422684671,10307.227823993437,10354.918779622956,10574.989894375158,10928.616876482862,10565.282549328465,10250.106049506197,10140.736739152993,10140.736739152993
2026-03-24 19:30:00+00:00,10403.988203479797,10272.541604788563,10320.232560418082,10540.303675170284,10889.1582533233,10528.350946483994,10213.174446661726,10140.736739152993,10140.736739152993
2026-03-24 20:00:00+00:00,10412.00570014153,10280.559101450295,10328.250057079815,10548.321171832016,10898.270383276089,10536.854620695534,10221.678120873266,10140.736739152993,10140.736739152993
2026-03-25 14:30:00+00:00,10425.105978639229,10293.659379947994,10341.350335577514,10561.421450329715,10914.306098428675,10554.64272039114,10239.466220568873,10140.736739152993,10140.736739152993
2026-03-25 15:30:00+00:00,10431.2726870108,10299.826088319565,10347.517043949085,10567.588158701286,10921.184792672573,10560.730225529323,10245.553725707055,10140.736739152993,10140.736739152993
2026-03-25 16:30:00+00:00,10440.887930876734,10309.441332185499,10357.132287815019,10577.20340256722,10932.425267873297,10572.009810769945,10256.833310947677,10140.736739152993,10140.736739152993
2026-03-25 17:30:00+00:00,10429.425826255543,10297.979227564309,10345.670183193828,10565.74129794603,10919.232535597319,10559.270155212791,10244.093655390523,10140.736739152993,10140.736739152993
2026-03-25 18:30:00+00:00,10435.76853865636,10304.321939965126,10352.012895594646,10572.084010346847,10926.471972769294,10566.101473060939,10250.92497323867,10140.736739152993,10140.736739152993
2026-03-25 19:30:00+00:00,10425.055197433929,10293.608598742694,10341.299554372214,10561.370669124415,10914.047720322551,10553.869314009447,10238.69281418718,10140.736739152993,10140.736739152993
2026-03-25 20:00:00+00:00,10422.780282774795,10291.33368408356,10339.02463971308,10559.095754465281,10911.472316571007,10551.48844409906,10236.311944276793,10140.736739152993,10140.736739152993
2026-03-26 14:30:00+00:00,10419.146193606888,10287.699594915654,10335.390550545173,10555.461665297375,10906.367865431886,10544.167414451802,10228.990914629534,10140.736739152993,10140.736739152993
2026-03-26 15:30:00+00:00,10436.816620625494,10305.370021934259,10353.060977563779,10573.13209231598,10926.267643443005,10562.274824013326,10247.098324191058,10140.736739152993,10140.736739152993
2026-03-26 16:30:00+00:00,10436.067800740595,10304.62120204936,10352.31215767888,10572.383272431081,10925.298279938917,10561.065124199245,10245.888624376978,10140.736739152993,10140.736739152993
2026-03-26 17:30:00+00:00,10444.211447349213,10312.764848657978,10360.455804287498,10580.5269190397,10934.699180576945,10570.20409856754,10255.027598745271,10140.736739152993,10140.736739152993
2026-03-26 18:30:00+00:00,10445.289813581492,10313.843214890258,10361.534170519777,10581.605285271979,10935.709099781454,10570.595062080118,10255.41856225785,10140.736739152993,10140.736739152993
2026-03-26 19:30:00+00:00,10453.528423429101,10322.081824737867,10369.772780367386,10589.843895119588,10945.183328119287,10579.71547757444,10264.538977752172,10140.736739152993,10140.736739152993
2026-03-26 20:00:00+00:00,10433.577808375088,10302.131209683854,10349.822165313373,10569.893280065575,10922.47558689411,10558.431003415744,10243.254503593476,10140.736739152993,10140.736739152993
2026-03-27 14:30:00+00:00,10477.98338213582,10346.536783444586,10394.227739074106,10614.298853826307,10972.53669225338,10604.043009606403,10288.866509784135,10140.736739152993,10140.736739152993
2026-03-27 15:30:00+00:00,10490.525316992042,10359.078718300807,10406.769673930326,10626.840788682528,10987.125787654106,10618.505966190765,10303.329466368497,10140.736739152993,10140.736739152993
2026-03-27 16:30:00+00:00,10487.32705886884,10355.880460177603,10403.571415807124,10623.642530559326,10983.436074133817,10614.922802972651,10299.746303150383,10140.736739152993,10140.736739152993
2026-03-27 17:30:00+00:00,10487.32705886884,10355.880460177603,10403.571415807124,10623.642530559326,10983.436074133817,10614.922802972651,10299.746303150383,10140.736739152993,10140.736739152993
2026-03-27 18:30:00+00:00,10487.32705886884,10355.880460177603,10403.571415807124,10623.642530559326,10983.436074133817,10614.922802972651,10299.746303150383,10140.736739152993,10140.736739152993
2026-03-27 19:30:00+00:00,10487.32705886884,10355.880460177603,10403.571415807124,10623.642530559326,10983.436074133817,10614.922802972651,10299.746303150383,10140.736739152993,10140.736739152993
2026-03-27 20:00:00+00:00,10487.32705886884,10355.880460177603,10403.571415807124,10623.642530559326,10983.436074133817,10614.922802972651,10299.746303150383,10140.736739152993,10140.736739152993
2026-03-30 14:30:00+00:00,10487.32705886884,10355.880460177603,10403.571415807124,10623.642530559326,10983.436074133817,10614.922802972651,10299.746303150383,10140.736739152993,10140.736739152993
2026-03-30 15:30:00+00:00,10487.32705886884,10355.880460177603,10403.571415807124,10623.642530559326,10983.436074133817,10614.922802972651,10299.746303150383,10140.736739152993,10140.736739152993
2026-03-30 16:30:00+00:00,10487.32705886884,10355.880460177603,10403.571415807124,10623.642530559326,10983.436074133817,10614.922802972651,10299.746303150383,10140.736739152993,10140.736739152993
2026-03-30 17:30:00+00:00,10482.503447277533,10355.880460177603,10403.571415807124,10623.642530559326,10983.436074133817,10614.922802972651,10299.746303150383,10140.736739152993,10140.736739152993
2026-03-30 18:30:00+00:00,10484.126123277943,10355.880460177603,10403.571415807124,10623.642530559326,10983.436074133817,10614.922802972651,10299.746303150383,10140.736739152993,10140.736739152993
2026-03-30 19:30:00+00:00,10466.498155110641,10355.880460177603,10403.571415807124,10623.642530559326,10983.436074133817,10614.922802972651,10299.746303150383,10140.736739152993,10140.736739152993
2026-03-30 20:00:00+00:00,10458.37554696275,10341.829624137968,10389.52057976749,10623.642530559326,10983.436074133817,10614.922802972651,10299.746303150383,10140.736739152993,10140.736739152993
2026-03-31 14:30:00+00:00,10540.63941087285,10427.627611825072,10475.318567454593,10690.033307772863,10983.436074133817,10614.922802972651,10299.746303150383,10140.736739152993,10140.736739152993
2026-03-31 15:30:00+00:00,10550.503101780534,10437.344565598467,10485.035521227988,10698.61058475641,10983.436074133817,10614.922802972651,10299.746303150383,10140.736739152993,10140.736739152993
2026-03-31 16:30:00+00:00,10567.185212196659,10454.464818350165,10502.155773979686,10713.849105617448,10983.436074133817,10614.922802972651,10299.746303150383,10140.736739152993,10140.736739152993
2026-03-31 17:30:00+00:00,10591.91682525585,10480.1953924578,10527.88634808732,10736.813263785338,10983.436074133817,10614.922802972651,10299.746303150383,10140.736739152993,10140.736739152993
2026-03-31 18:30:00+00:00,10578.865447111326,10466.889878916376,10514.580834545895,10724.98449783988,10983.436074133817,10614.922802972651,10299.746303150383,10140.736739152993,10140.736739152993
2026-03-31 19:30:00+00:00,10578.865447111326,10466.889878916376,10514.580834545895,10724.98449783988,10983.436074133817,10614.922802972651,10299.746303150383,10140.736739152993,10140.736739152993
2026-03-31 20:00:00+00:00,10578.865447111326,10466.889878916376,10514.580834545895,10724.98449783988,10983.436074133817,10614.922802972651,10299.746303150383,10140.736739152993,10140.736739152993
2026-04-01 14:30:00+00:00,10578.865447111326,10466.889878916376,10514.580834545895,10724.98449783988,10983.436074133817,10614.922802972651,10299.746303150383,10140.736739152993,10140.736739152993
2026-04-01 15:30:00+00:00,10578.865447111326,10466.889878916376,10514.580834545895,10724.98449783988,10983.436074133817,10614.922802972651,10299.746303150383,10140.736739152993,10140.736739152993
2026-04-01 16:30:00+00:00,10578.865447111326,10466.889878916376,10514.580834545895,10724.98449783988,10983.436074133817,10614.922802972651,10299.746303150383,10140.736739152993,10140.736739152993
2026-04-01 17:30:00+00:00,10578.865447111326,10466.889878916376,10514.580834545895,10724.98449783988,10983.436074133817,10614.922802972651,10299.746303150383,10140.736739152993,10140.736739152993
2026-04-01 18:30:00+00:00,10578.865447111326,10466.889878916376,10514.580834545895,10724.98449783988,10983.436074133817,10614.922802972651,10299.746303150383,10140.736739152993,10140.736739152993
2026-04-01 19:30:00+00:00,10578.865447111326,10466.889878916376,10514.580834545895,10724.98449783988,10983.436074133817,10614.922802972651,10299.746303150383,10140.736739152993,10140.736739152993
2026-04-01 20:00:00+00:00,10578.865447111326,10466.889878916376,10514.580834545895,10724.98449783988,10983.436074133817,10614.922802972651,10299.746303150383,10140.736739152993,10140.736739152993
2026-04-02 14:30:00+00:00,10578.865447111326,10466.889878916376,10514.580834545895,10724.98449783988,10983.436074133817,10614.922802972651,10299.746303150383,10140.736739152993,10140.736739152993
2026-04-02 15:30:00+00:00,10574.112771348045,10466.889878916376,10514.580834545895,10724.98449783988,10983.436074133817,10614.922802972651,10299.746303150383,10140.736739152993,10140.736739152993
2026-04-02 16:30:00+00:00,10574.192570863785,10466.889878916376,10514.580834545895,10724.98449783988,10983.436074133817,10614.922802972651,10299.746303150383,10140.736739152993,10140.736739152993
2026-04-02 17:30:00+00:00,10597.6081766707,10466.889878916376,10514.580834545895,10724.98449783988,10983.436074133817,10614.922802972651,10299.746303150383,10140.736739152993,10140.736739152993
2026-04-02 18:30:00+00:00,10585.038596915596,10466.889878916376,10514.580834545895,10724.98449783988,10983.436074133817,10614.922802972651,10299.746303150383,10140.736739152993,10140.736739152993
2026-04-02 19:30:00+00:00,10574.565128763137,10466.889878916376,10514.580834545895,10724.98449783988,10983.436074133817,10614.922802972651,10299.746303150383,10140.736739152993,10140.736739152993
2026-04-02 20:00:00+00:00,10610.512860098417,10466.889878916376,10514.580834545895,10724.98449783988,10983.436074133817,10614.922802972651,10299.746303150383,10140.736739152993,10140.736739152993
2026-04-06 14:30:00+00:00,10657.227673713598,10466.889878916376,10514.580834545895,10724.98449783988,10983.436074133817,10614.922802972651,10299.746303150383,10140.736739152993,10140.736739152993
2026-04-06 15:30:00+00:00,10653.074778945727,10466.889878916376,10514.580834545895,10724.98449783988,10983.436074133817,10614.922802972651,10299.746303150383,10140.736739152993,10140.736739152993
2026-04-06 16:30:00+00:00,10666.467930234288,10480.283030204939,10527.973985834458,10724.98449783988,10983.436074133817,10614.922802972651,10299.746303150383,10140.736739152993,10140.736739152993
2026-04-06 17:30:00+00:00,10645.36883508095,10459.1839350516,10506.87489068112,10724.98449783988,10983.436074133817,10614.922802972651,10299.746303150383,10140.736739152993,10140.736739152993
2026-04-06 18:30:00+00:00,10647.003195843019,10460.81829581367,10508.509251443189,10724.98449783988,10983.436074133817,10614.922802972651,10299.746303150383,10140.736739152993,10140.736739152993
2026-04-06 19:30:00+00:00,10657.154575429457,10470.969675400107,10518.660631029627,10724.98449783988,10983.436074133817,10614.922802972651,10299.746303150383,10140.736739152993,10140.736739152993
2026-04-06 20:00:00+00:00,10687.732383566397,10501.547483537048,10549.238439166567,10724.98449783988,10983.436074133817,10614.922802972651,10299.746303150383,10140.736739152993,10140.736739152993
2026-04-07 14:30:00+00:00,10587.57242214561,10401.38752211626,10449.07847774578,10724.98449783988,10983.436074133817,10614.922802972651,10299.746303150383,10140.736739152993,10140.736739152993
2026-04-07 15:30:00+00:00,10532.895504723274,10346.710604693924,10394.401560323444,10658.311150153233,10916.76272644717,10548.249455286004,10233.072955463736,10140.736739152993,10140.736739152993
2026-04-07 16:30:00+00:00,10546.301048573316,10360.116148543966,10407.807104173486,10671.232487387293,10929.68406368123,10561.170792520064,10245.994292697796,10147.332715552859,10147.332715552859
2026-04-07 17:30:00+00:00,10531.766103532977,10345.581203503627,10393.272159133146,10656.786690870917,10915.238267164854,10546.724996003688,10231.54849618142,10132.407323292768,10132.407323292768
2026-04-07 18:30:00+00:00,10560.036776550774,10373.851876521425,10421.542832150944,10685.066387880364,10943.517964174302,10575.004693013136,10259.828193190868,10161.84423590656,10161.84423590656
2026-04-07 19:30:00+00:00,10567.610069616183,10381.425169586833,10429.116125216353,10692.660723388786,10951.112299682723,10582.599028521558,10267.42252869929,10169.771676635008,10169.771676635008
2026-04-07 20:00:00+00:00,10561.974794016283,10375.789893986934,10423.480849616453,10687.613195198559,10946.064771492496,10577.55150033133,10262.375000509062,10165.214558578846,10165.214558578846
2026-04-08 14:30:00+00:00,10450.644574626636,10264.459674597287,10312.150630226806,10587.526880404086,10845.978456698023,10477.465185536857,10162.28868571459,10074.371049016856,10074.371049016856
2026-04-08 15:30:00+00:00,10474.400274320838,10288.215374291489,10335.906329921008,10609.742931679872,10868.194507973809,10499.681236812643,10184.504736990375,10095.668040948165,10095.668040948165
2026-04-08 16:30:00+00:00,10461.643578664469,10275.45867863512,10323.149634264639,10597.66300465612,10856.114580950058,10487.601309788892,10172.424809966624,10083.898951938025,10083.898951938025
2026-04-08 17:30:00+00:00,10453.303480013503,10267.118579984153,10314.809535613673,10589.189484095261,10847.641060389198,10479.127789228032,10163.951289405764,10074.924776812231,10074.924776812231
2026-04-08 18:30:00+00:00,10453.650825345741,10267.465925316392,10315.156880945911,10589.916839379059,10848.368415672996,10479.85514451183,10164.678644689562,10076.131238759133,10076.131238759133
2026-04-08 19:30:00+00:00,10444.551478767335,10258.366578737985,10306.057534367505,10579.800684657752,10838.25226095169,10469.738989790523,10154.562489968255,10064.403686214604,10064.403686214604
2026-04-08 20:00:00+00:00,10458.895702311487,10272.710802282138,10320.401757911657,10594.087967643813,10852.53954393775,10484.026272776584,10168.849772954316,10079.202925729764,10079.202925729764
2026-04-09 14:30:00+00:00,10451.682319761558,10265.497419732208,10313.188375361728,10584.09543579854,10842.547012092477,10474.03374093131,10158.857241109043,10065.52904455298,10065.52904455298
2026-04-09 15:30:00+00:00,10465.939873860154,10279.754973830804,10327.445929460324,10599.744038298972,10858.195614592909,10489.682343431743,10174.505843609475,10083.456508908275,10083.456508908275
2026-04-09 16:30:00+00:00,10472.358557011401,10286.173656982051,10333.864612611571,10608.652830080888,10867.104406374825,10498.591135213659,10183.414635391391,10095.670131296365,10095.670131296365
2026-04-09 17:30:00+00:00,10503.496535047809,10317.31163501846,10365.002590647979,10639.950700645259,10898.402276939196,10529.88900577803,10214.712505955762,10128.42585353888,10128.42585353888
2026-04-09 18:30:00+00:00,10484.98273307022,10298.79783304087,10346.48878867039,10626.408103646583,10884.85967994052,10516.346408779355,10201.169908957087,10120.21085096965,10120.21085096965
2026-04-09 19:30:00+00:00,10556.551507996057,10370.366607966707,10418.057563596227,10698.695152511946,10957.146728805883,10588.633457644717,10273.45695782245,10196.276895014997,10196.276895014997
2026-04-09 20:00:00+00:00,10515.976898601315,10329.791998571965,10377.482954201485,10659.607848788322,10918.05942508226,10549.546153921094,10234.369654098826,10157.363744408225,10157.363744408225
2026-04-10 14:30:00+00:00,10598.727303894957,10412.542403865607,10460.233359495127,10743.598795155609,11002.050371449546,10633.53710028838,10318.360600466112,10246.23344791633,10246.23344791633
2026-04-10 15:30:00+00:00,10556.801371417292,10370.616471387943,10418.307427017462,10702.992468601748,10961.444044895685,10592.930773734519,10277.754273912251,10205.541725539113,10205.541725539113
2026-04-10 16:30:00+00:00,10678.504902267863,10492.320002238514,10540.010957868033,10823.930069052012,11082.38164534595,10713.868374184784,10398.691874362516,10330.47564008698,10330.47564008698
2026-04-10 17:30:00+00:00,10672.586989122978,10486.402089093626,10534.093044723148,10818.145269715185,11076.596846009123,10708.083574847957,10392.907075025689,10324.61374324378,10324.61374324378
2026-04-10 18:30:00+00:00,10672.586989122978,10486.402089093626,10534.093044723148,10818.145269715185,11076.596846009123,10708.083574847957,10392.907075025689,10324.61374324378,10324.61374324378
2026-04-10 19:30:00+00:00,10672.586989122978,10486.402089093626,10534.093044723148,10818.145269715185,11076.596846009123,10708.083574847957,10392.907075025689,10324.61374324378,10324.61374324378
2026-04-10 20:00:00+00:00,10672.586989122978,10486.402089093626,10534.093044723148,10818.145269715185,11076.596846009123,10708.083574847957,10392.907075025689,10324.61374324378,10324.61374324378
2026-04-13 14:30:00+00:00,10672.586989122978,10486.402089093626,10534.093044723148,10818.145269715185,11076.596846009123,10708.083574847957,10392.907075025689,10324.61374324378,10324.61374324378
2026-04-13 15:30:00+00:00,10672.586989122978,10486.402089093626,10534.093044723148,10818.145269715185,11076.596846009123,10708.083574847957,10392.907075025689,10324.61374324378,10324.61374324378
2026-04-13 16:30:00+00:00,10672.586989122978,10486.402089093626,10534.093044723148,10818.145269715185,11076.596846009123,10708.083574847957,10392.907075025689,10324.61374324378,10324.61374324378
2026-04-13 17:30:00+00:00,10672.586989122978,10486.402089093626,10534.093044723148,10818.145269715185,11076.596846009123,10708.083574847957,10392.907075025689,10324.61374324378,10324.61374324378
2026-04-13 18:30:00+00:00,10672.586989122978,10486.402089093626,10534.093044723148,10818.145269715185,11076.596846009123,10708.083574847957,10392.907075025689,10324.61374324378,10324.61374324378
2026-04-13 19:30:00+00:00,10672.586989122978,10486.402089093626,10534.093044723148,10818.145269715185,11076.596846009123,10708.083574847957,10392.907075025689,10324.61374324378,10324.61374324378
2026-04-13 20:00:00+00:00,10672.586989122978,10486.402089093626,10534.093044723148,10818.145269715185,11076.596846009123,10708.083574847957,10392.907075025689,10324.61374324378,10324.61374324378
2026-04-14 14:30:00+00:00,10672.586989122978,10486.402089093626,10534.093044723148,10818.145269715185,11076.596846009123,10708.083574847957,10392.907075025689,10324.61374324378,10324.61374324378
2026-04-14 15:30:00+00:00,10672.586989122978,10486.402089093626,10534.093044723148,10818.145269715185,11076.596846009123,10708.083574847957,10392.907075025689,10324.61374324378,10324.61374324378
2026-04-14 16:30:00+00:00,10672.586989122978,10486.402089093626,10534.093044723148,10818.145269715185,11076.596846009123,10708.083574847957,10392.907075025689,10324.61374324378,10324.61374324378
2026-04-14 17:30:00+00:00,10672.586989122978,10486.402089093626,10534.093044723148,10818.145269715185,11076.596846009123,10708.083574847957,10392.907075025689,10324.61374324378,10324.61374324378
2026-04-14 18:30:00+00:00,10672.586989122978,10486.402089093626,10534.093044723148,10818.145269715185,11076.596846009123,10708.083574847957,10392.907075025689,10324.61374324378,10324.61374324378
2026-04-14 19:30:00+00:00,10672.586989122978,10486.402089093626,10534.093044723148,10818.145269715185,11076.596846009123,10708.083574847957,10392.907075025689,10324.61374324378,10324.61374324378
2026-04-14 20:00:00+00:00,10672.586989122978,10486.402089093626,10534.093044723148,10818.145269715185,11076.596846009123,10708.083574847957,10392.907075025689,10324.61374324378,10324.61374324378
2026-04-15 14:30:00+00:00,10672.586989122978,10486.402089093626,10534.093044723148,10818.145269715185,11076.596846009123,10708.083574847957,10392.907075025689,10324.61374324378,10324.61374324378
2026-04-15 15:30:00+00:00,10696.305228933023,10486.402089093626,10534.093044723148,10818.145269715185,11076.596846009123,10708.083574847957,10392.907075025689,10324.61374324378,10324.61374324378
2026-04-15 16:30:00+00:00,10654.658937947324,10486.402089093626,10534.093044723148,10818.145269715185,11076.596846009123,10708.083574847957,10392.907075025689,10324.61374324378,10324.61374324378
2026-04-15 17:30:00+00:00,10632.84699615856,10486.402089093626,10534.093044723148,10818.145269715185,11076.596846009123,10708.083574847957,10392.907075025689,10324.61374324378,10324.61374324378
2026-04-15 18:30:00+00:00,10650.109121099791,10485.603008566131,10534.093044723148,10818.145269715185,11076.596846009123,10708.083574847957,10392.907075025689,10324.61374324378,10324.61374324378
2026-04-15 19:30:00+00:00,10638.289731920127,10473.523821560757,10534.093044723148,10818.145269715185,11076.596846009123,10708.083574847957,10392.907075025689,10324.61374324378,10324.61374324378
2026-04-15 20:00:00+00:00,10642.226677296616,10477.696052254936,10534.093044723148,10818.145269715185,11076.596846009123,10708.083574847957,10392.907075025689,10324.61374324378,10324.61374324378
2026-04-16 14:30:00+00:00,10618.796937423429,10452.503216673465,10534.093044723148,10818.145269715185,11076.596846009123,10708.083574847957,10392.907075025689,10324.61374324378,10324.61374324378
2026-04-16 15:30:00+00:00,10645.622522755039,10479.847694557155,10534.093044723148,10818.145269715185,11076.596846009123,10708.083574847957,10392.907075025689,10324.61374324378,10324.61374324378
2026-04-16 16:30:00+00:00,10656.467625911248,10491.045292596065,10534.093044723148,10818.145269715185,11076.596846009123,10708.083574847957,10392.907075025689,10324.61374324378,10324.61374324378
2026-04-16 17:30:00+00:00,10678.340497222283,10513.649429367835,10534.093044723148,10818.145269715185,11076.596846009123,10708.083574847957,10392.907075025689,10324.61374324378,10324.61374324378
2026-04-16 18:30:00+00:00,10682.471510178893,10517.812759336693,10534.093044723148,10818.145269715185,11076.596846009123,10708.083574847957,10392.907075025689,10324.61374324378,10324.61374324378
2026-04-16 19:30:00+00:00,10680.444823721045,10516.0580505026,10534.093044723148,10818.145269715185,11076.596846009123,10708.083574847957,10392.907075025689,10324.61374324378,10324.61374324378
2026-04-16 20:00:00+00:00,10682.471705253332,10518.349867500974,10534.093044723148,10818.145269715185,11076.596846009123,10708.083574847957,10392.907075025689,10324.61374324378,10324.61374324378
2026-04-17 14:30:00+00:00,10707.045444044525,10544.117195859506,10534.093044723148,10818.145269715185,11076.596846009123,10708.083574847957,10392.907075025689,10324.61374324378,10324.61374324378
2026-04-17 15:30:00+00:00,10702.616078712803,10538.903676529011,10534.093044723148,10818.145269715185,11076.596846009123,10708.083574847957,10392.907075025689,10324.61374324378,10324.61374324378
2026-04-17 16:30:00+00:00,10695.035209110767,10531.142145180964,10534.093044723148,10818.145269715185,11076.596846009123,10708.083574847957,10392.907075025689,10324.61374324378,10324.61374324378
2026-04-17 17:30:00+00:00,10689.025254391081,10524.53373059085,10534.093044723148,10818.145269715185,11076.596846009123,10708.083574847957,10392.907075025689,10324.61374324378,10324.61374324378
2026-04-17 18:30:00+00:00,10694.547249718278,10529.930256773838,10534.093044723148,10818.145269715185,11076.596846009123,10708.083574847957,10392.907075025689,10324.61374324378,10324.61374324378
2026-04-17 19:30:00+00:00,10690.252579637965,10525.47978192925,10534.093044723148,10818.145269715185,11076.596846009123,10708.083574847957,10392.907075025689,10324.61374324378,10324.61374324378
2026-04-17 20:00:00+00:00,10691.875452443384,10527.139139885841,10534.093044723148,10818.145269715185,11076.596846009123,10708.083574847957,10392.907075025689,10324.61374324378,10324.61374324378
2026-04-20 14:30:00+00:00,10696.40295276181,10530.502965828467,10534.093044723148,10818.145269715185,11076.596846009123,10708.083574847957,10392.907075025689,10324.61374324378,10324.61374324378
2026-04-20 15:30:00+00:00,10696.989592626303,10531.145416657044,10534.093044723148,10818.145269715185,11076.596846009123,10708.083574847957,10392.907075025689,10324.61374324378,10324.61374324378
2026-04-20 16:30:00+00:00,10696.989592626303,10531.145416657044,10534.093044723148,10818.145269715185,11076.596846009123,10708.083574847957,10392.907075025689,10324.61374324378,10324.61374324378
2026-04-20 17:30:00+00:00,10696.989592626303,10531.145416657044,10534.093044723148,10818.145269715185,11076.596846009123,10708.083574847957,10392.907075025689,10324.61374324378,10324.61374324378
2026-04-20 18:30:00+00:00,10696.989592626303,10531.145416657044,10534.093044723148,10818.145269715185,11076.596846009123,10708.083574847957,10392.907075025689,10324.61374324378,10324.61374324378
2026-04-20 19:30:00+00:00,10696.989592626303,10531.145416657044,10534.093044723148,10818.145269715185,11076.596846009123,10708.083574847957,10392.907075025689,10324.61374324378,10324.61374324378
2026-04-20 20:00:00+00:00,10696.989592626303,10531.145416657044,10534.093044723148,10818.145269715185,11076.596846009123,10708.083574847957,10392.907075025689,10324.61374324378,10324.61374324378
2026-04-21 14:30:00+00:00,10696.989592626303,10531.145416657044,10534.093044723148,10818.145269715185,11076.596846009123,10708.083574847957,10392.907075025689,10324.61374324378,10324.61374324378
2026-04-21 15:30:00+00:00,10696.989592626303,10531.145416657044,10534.093044723148,10818.145269715185,11076.596846009123,10708.083574847957,10392.907075025689,10324.61374324378,10324.61374324378
2026-04-21 16:30:00+00:00,10696.989592626303,10531.145416657044,10534.093044723148,10818.145269715185,11076.596846009123,10708.083574847957,10392.907075025689,10324.61374324378,10324.61374324378
2026-04-21 17:30:00+00:00,10696.989592626303,10531.145416657044,10534.093044723148,10818.145269715185,11076.596846009123,10708.083574847957,10392.907075025689,10324.61374324378,10324.61374324378
2026-04-21 18:30:00+00:00,10696.989592626303,10531.145416657044,10534.093044723148,10818.145269715185,11076.596846009123,10708.083574847957,10392.907075025689,10324.61374324378,10324.61374324378
2026-04-21 19:30:00+00:00,10696.989592626303,10531.145416657044,10534.093044723148,10818.145269715185,11076.596846009123,10708.083574847957,10392.907075025689,10324.61374324378,10324.61374324378
2026-04-21 20:00:00+00:00,10696.989592626303,10531.145416657044,10534.093044723148,10818.145269715185,11076.596846009123,10708.083574847957,10392.907075025689,10324.61374324378,10324.61374324378
2026-04-22 14:30:00+00:00,10696.989592626303,10531.145416657044,10534.093044723148,10818.145269715185,11076.596846009123,10708.083574847957,10392.907075025689,10324.61374324378,10324.61374324378
2026-04-22 15:30:00+00:00,10696.989592626303,10531.145416657044,10534.093044723148,10818.145269715185,11076.596846009123,10708.083574847957,10392.907075025689,10324.61374324378,10324.61374324378
2026-04-22 16:30:00+00:00,10696.989592626303,10531.145416657044,10534.093044723148,10818.145269715185,11076.596846009123,10708.083574847957,10392.907075025689,10324.61374324378,10324.61374324378
2026-04-22 17:30:00+00:00,10696.989592626303,10531.145416657044,10534.093044723148,10818.145269715185,11076.596846009123,10708.083574847957,10392.907075025689,10324.61374324378,10324.61374324378
2026-04-22 18:30:00+00:00,10696.989592626303,10531.145416657044,10534.093044723148,10818.145269715185,11076.596846009123,10708.083574847957,10392.907075025689,10324.61374324378,10324.61374324378
2026-04-22 19:30:00+00:00,10696.989592626303,10531.145416657044,10534.093044723148,10818.145269715185,11076.596846009123,10708.083574847957,10392.907075025689,10324.61374324378,10324.61374324378
2026-04-22 20:00:00+00:00,10696.989592626303,10531.145416657044,10534.093044723148,10818.145269715185,11076.596846009123,10708.083574847957,10392.907075025689,10324.61374324378,10324.61374324378
2026-04-23 14:30:00+00:00,10696.989592626303,10531.145416657044,10534.093044723148,10818.145269715185,11076.596846009123,10708.083574847957,10392.907075025689,10324.61374324378,10324.61374324378
2026-04-23 15:30:00+00:00,10696.989592626303,10531.145416657044,10534.093044723148,10818.145269715185,11076.596846009123,10708.083574847957,10392.907075025689,10324.61374324378,10324.61374324378
2026-04-23 16:30:00+00:00,10696.989592626303,10531.145416657044,10534.093044723148,10818.145269715185,11076.596846009123,10708.083574847957,10392.907075025689,10324.61374324378,10324.61374324378
2026-04-23 17:30:00+00:00,10696.989592626303,10531.145416657044,10534.093044723148,10818.145269715185,11076.596846009123,10708.083574847957,10392.907075025689,10324.61374324378,10324.61374324378
2026-04-23 18:30:00+00:00,10696.989592626303,10531.145416657044,10534.093044723148,10818.145269715185,11076.596846009123,10708.083574847957,10392.907075025689,10324.61374324378,10324.61374324378
2026-04-23 19:30:00+00:00,10696.989592626303,10531.145416657044,10534.093044723148,10818.145269715185,11076.596846009123,10708.083574847957,10392.907075025689,10324.61374324378,10324.61374324378
2026-04-23 20:00:00+00:00,10696.989592626303,10531.145416657044,10534.093044723148,10818.145269715185,11076.596846009123,10708.083574847957,10392.907075025689,10324.61374324378,10324.61374324378
2026-04-24 14:30:00+00:00,10696.989592626303,10531.145416657044,10534.093044723148,10818.145269715185,11076.596846009123,10708.083574847957,10392.907075025689,10324.61374324378,10324.61374324378
2026-04-24 15:30:00+00:00,10696.989592626303,10531.145416657044,10534.093044723148,10818.145269715185,11076.596846009123,10708.083574847957,10392.907075025689,10324.61374324378,10324.61374324378
2026-04-24 16:30:00+00:00,10696.989592626303,10531.145416657044,10534.093044723148,10818.145269715185,11076.596846009123,10708.083574847957,10392.907075025689,10324.61374324378,10324.61374324378
2026-04-24 17:30:00+00:00,10696.989592626303,10531.145416657044,10534.093044723148,10818.145269715185,11076.596846009123,10708.083574847957,10392.907075025689,10324.61374324378,10324.61374324378
2026-04-24 18:30:00+00:00,10696.989592626303,10531.145416657044,10534.093044723148,10818.145269715185,11076.596846009123,10708.083574847957,10392.907075025689,10324.61374324378,10324.61374324378
2026-04-24 19:30:00+00:00,10696.989592626303,10531.145416657044,10534.093044723148,10818.145269715185,11076.596846009123,10708.083574847957,10392.907075025689,10324.61374324378,10324.61374324378
2026-04-24 20:00:00+00:00,10675.744378979633,10509.900203010373,10512.847831076475,10818.145269715185,11076.596846009123,10708.083574847957,10392.907075025689,10324.61374324378,10324.61374324378
2026-04-27 14:30:00+00:00,10695.639557810084,10529.795381840824,10532.743009906926,10808.838310429526,11076.596846009123,10708.083574847957,10392.907075025689,10324.61374324378,10324.61374324378
2026-04-27 15:30:00+00:00,10736.710650529129,10570.866474559869,10573.814102625971,10850.976218434245,11076.596846009123,10708.083574847957,10392.907075025689,10324.61374324378,10324.61374324378
2026-04-27 16:30:00+00:00,10734.658875748908,10568.814699779648,10571.762327845752,10848.892319490322,11076.596846009123,10708.083574847957,10392.907075025689,10324.61374324378,10324.61374324378
2026-04-27 17:30:00+00:00,10734.658875748908,10568.814699779648,10571.762327845752,10848.892319490322,11076.596846009123,10708.083574847957,10392.907075025689,10324.61374324378,10324.61374324378
2026-04-27 18:30:00+00:00,10734.658875748908,10568.814699779648,10571.762327845752,10848.892319490322,11076.596846009123,10708.083574847957,10392.907075025689,10324.61374324378,10324.61374324378
2026-04-27 19:30:00+00:00,10734.658875748908,10568.814699779648,10571.762327845752,10848.892319490322,11076.596846009123,10708.083574847957,10392.907075025689,10324.61374324378,10324.61374324378
2026-04-27 20:00:00+00:00,10734.658875748908,10568.814699779648,10571.762327845752,10848.892319490322,11076.596846009123,10708.083574847957,10392.907075025689,10324.61374324378,10324.61374324378
2026-04-28 14:30:00+00:00,10734.658875748908,10568.814699779648,10571.762327845752,10848.892319490322,11076.596846009123,10708.083574847957,10392.907075025689,10324.61374324378,10324.61374324378
2026-04-28 15:30:00+00:00,10734.658875748908,10568.814699779648,10571.762327845752,10848.892319490322,11076.596846009123,10708.083574847957,10392.907075025689,10324.61374324378,10324.61374324378
2026-04-28 16:30:00+00:00,10734.658875748908,10568.814699779648,10571.762327845752,10848.892319490322,11076.596846009123,10708.083574847957,10392.907075025689,10324.61374324378,10324.61374324378
2026-04-28 17:30:00+00:00,10734.658875748908,10568.814699779648,10571.762327845752,10848.892319490322,11076.596846009123,10708.083574847957,10392.907075025689,10324.61374324378,10324.61374324378
2026-04-28 18:30:00+00:00,10734.658875748908,10568.814699779648,10571.762327845752,10848.892319490322,11076.596846009123,10708.083574847957,10392.907075025689,10324.61374324378,10324.61374324378
2026-04-28 19:30:00+00:00,10734.658875748908,10568.814699779648,10571.762327845752,10848.892319490322,11076.596846009123,10708.083574847957,10392.907075025689,10324.61374324378,10324.61374324378
2026-04-28 20:00:00+00:00,10734.658875748908,10568.814699779648,10571.762327845752,10848.892319490322,11076.596846009123,10708.083574847957,10392.907075025689,10324.61374324378,10324.61374324378
2026-04-29 14:30:00+00:00,10734.658875748908,10568.814699779648,10571.762327845752,10848.892319490322,11076.596846009123,10708.083574847957,10392.907075025689,10324.61374324378,10324.61374324378
2026-04-29 15:30:00+00:00,10734.658875748908,10568.814699779648,10571.762327845752,10848.892319490322,11076.596846009123,10708.083574847957,10392.907075025689,10324.61374324378,10324.61374324378
2026-04-29 16:30:00+00:00,10734.658875748908,10568.814699779648,10571.762327845752,10848.892319490322,11076.596846009123,10708.083574847957,10392.907075025689,10324.61374324378,10324.61374324378
2026-04-29 17:30:00+00:00,10734.658875748908,10568.814699779648,10571.762327845752,10848.892319490322,11076.596846009123,10708.083574847957,10392.907075025689,10324.61374324378,10324.61374324378
2026-04-29 18:30:00+00:00,10734.658875748908,10568.814699779648,10571.762327845752,10848.892319490322,11076.596846009123,10708.083574847957,10392.907075025689,10324.61374324378,10324.61374324378
2026-04-29 19:30:00+00:00,10734.658875748908,10568.814699779648,10571.762327845752,10848.892319490322,11076.596846009123,10708.083574847957,10392.907075025689,10324.61374324378,10324.61374324378
2026-04-29 20:00:00+00:00,10734.658875748908,10568.814699779648,10571.762327845752,10848.892319490322,11076.596846009123,10708.083574847957,10392.907075025689,10324.61374324378,10324.61374324378
2026-04-30 14:30:00+00:00,10734.658875748908,10568.814699779648,10571.762327845752,10848.892319490322,11076.596846009123,10708.083574847957,10392.907075025689,10324.61374324378,10324.61374324378
2026-04-30 15:30:00+00:00,10734.658875748908,10568.814699779648,10571.762327845752,10848.892319490322,11076.596846009123,10708.083574847957,10392.907075025689,10324.61374324378,10324.61374324378
2026-04-30 16:30:00+00:00,10734.658875748908,10568.814699779648,10571.762327845752,10848.892319490322,11076.596846009123,10708.083574847957,10392.907075025689,10324.61374324378,10324.61374324378
2026-04-30 17:30:00+00:00,10734.658875748908,10568.814699779648,10571.762327845752,10848.892319490322,11076.596846009123,10708.083574847957,10392.907075025689,10324.61374324378,10324.61374324378
2026-04-30 18:30:00+00:00,10734.658875748908,10568.814699779648,10571.762327845752,10848.892319490322,11076.596846009123,10708.083574847957,10392.907075025689,10324.61374324378,10324.61374324378
2026-04-30 19:30:00+00:00,10754.476821672746,10568.814699779648,10571.762327845752,10848.892319490322,11076.596846009123,10708.083574847957,10392.907075025689,10324.61374324378,10324.61374324378
2026-04-30 20:00:00+00:00,10750.358263231345,10568.814699779648,10571.762327845752,10848.892319490322,11076.596846009123,10708.083574847957,10392.907075025689,10324.61374324378,10324.61374324378
2026-05-01 14:30:00+00:00,10698.84183148496,10517.298268033264,10571.762327845752,10848.892319490322,11076.596846009123,10708.083574847957,10392.907075025689,10324.61374324378,10324.61374324378
2026-05-01 15:30:00+00:00,10712.28957755313,10530.746014101434,10576.573629500199,10853.703621144768,11081.40814766357,10712.894876502403,10397.718376680135,10329.425044898227,10329.425044898227
2026-05-01 16:30:00+00:00,10672.102596335768,10490.559032884072,10536.189122043568,10813.319113688138,11041.023640206939,10672.510369045773,10357.333869223505,10289.040537441597,10289.040537441597
2026-05-01 17:30:00+00:00,10691.520334640985,10509.97677118929,10558.074537819837,10835.204529464407,11062.909055983208,10694.395784822042,10379.219284999774,10310.925953217866,10310.925953217866
2026-05-01 18:30:00+00:00,10685.600811528535,10504.057248076839,10553.313280599574,10830.443272244143,11058.147798762944,10689.634527601778,10374.45802777951,10306.164695997602,10306.164695997602
2026-05-01 19:30:00+00:00,10702.99599101377,10521.452427562073,10570.761636591486,10847.891628236055,11075.596154754856,10707.08288359369,10391.906383771422,10323.613051989514,10323.613051989514
2026-05-01 20:00:00+00:00,10739.445976501482,10557.902413049786,10608.77633114813,10885.9063227927,11113.6108493115,10745.097578150335,10429.921078328067,10361.627746546159,10361.627746546159
2026-05-04 14:30:00+00:00,10679.151597430277,10497.60803397858,10549.36626115153,10826.4962527961,11054.2007793149,10685.687508153735,10370.511008331467,10302.217676549559,10302.217676549559
2026-05-04 15:30:00+00:00,10677.990255062366,10496.44669161067,10547.99619638823,10825.1261880328,11052.830714551601,10684.317443390435,10369.140943568167,10300.84761178626,10300.84761178626
2026-05-04 16:30:00+00:00,10645.45750228143,10463.913938829734,10514.518190004756,10791.648181649325,11019.352708168126,10650.83943700696,10335.662937184692,10267.369605402784,10267.369605402784
2026-05-04 17:30:00+00:00,10666.233392453978,10484.689829002282,10535.95760197153,10813.0875936161,11040.7921201349,10672.278848973734,10357.102349151466,10288.809017369558,10288.809017369558
2026-05-04 18:30:00+00:00,10662.56516847114,10481.021605019443,10531.989334239062,10809.119325883632,11036.823852402433,10668.310581241267,10353.134081418999,10284.840749637091,10284.840749637091
2026-05-04 19:30:00+00:00,10666.081027785674,10484.537464333978,10535.890186241479,10813.020177886048,11040.724704404849,10672.211433243683,10357.034933421415,10288.741601639507,10288.741601639507
2026-05-04 20:00:00+00:00,10670.743698826574,10489.200135374878,10540.47974427363,10817.6097359182,11045.314262437001,10676.800991275835,10361.624491453567,10293.33115967166,10293.33115967166
2026-05-05 14:30:00+00:00,10683.88362292715,10502.340059475453,10556.80355781609,10833.93354946066,11061.638075979461,10693.124804818295,10377.948304996027,10309.65497321412,10309.65497321412
2026-05-05 15:30:00+00:00,10683.503572886793,10501.960009435097,10556.313635954308,10833.443627598877,11061.148154117678,10692.634882956512,10377.458383134244,10309.165051352336,10309.165051352336
2026-05-05 16:30:00+00:00,10653.92193692462,10472.378373472924,10525.43855542415,10802.56854706872,11030.273073587521,10661.759802426355,10346.583302604087,10278.28997082218,10278.28997082218
2026-05-05 17:30:00+00:00,10620.600613204664,10439.057049752968,10490.708769205952,10767.838760850522,10995.543287369323,10627.030016208157,10311.853516385889,10243.56018460398,10243.56018460398
2026-05-05 18:30:00+00:00,10626.98564026663,10445.442076814934,10497.154253377279,10774.284245021849,11001.98877154065,10633.475500379483,10318.299000557216,10250.005668775308,10250.005668775308
2026-05-05 19:30:00+00:00,10630.392684752505,10448.84912130081,10502.485296290812,10779.615287935381,11007.319814454182,10638.806543293016,10323.630043470748,10255.33671168884,10255.33671168884
2026-05-05 20:00:00+00:00,10641.929315013187,10460.38575156149,10515.03761292485,10792.16760456942,11019.872131088221,10651.358859927055,10336.182360104787,10267.88902832288,10267.88902832288
2026-05-06 14:30:00+00:00,10377.199929548664,10195.656366096968,10252.847387039532,10529.977378684101,10757.681905202902,10389.168634041736,10073.992134219468,10005.69880243756,10005.69880243756
2026-05-06 15:30:00+00:00,10410.15411873669,10228.610555284993,10289.270502199372,10566.400493843941,10794.105020362742,10425.591749201576,10110.415249379308,10042.1219175974,10042.1219175974
2026-05-06 16:30:00+00:00,10419.854609987085,10238.31104653539,10297.579692905161,10574.70968454973,10802.414211068532,10433.900939907366,10118.724440085098,10050.43110830319,10050.43110830319
2026-05-06 17:30:00+00:00,10373.671164859832,10192.127601408136,10248.716800470347,10525.846792114917,10753.551318633718,10385.038047472552,10069.861547650284,10001.568215868376,10001.568215868376
2026-05-06 18:30:00+00:00,10327.287273856977,10145.74371040528,10201.432594745072,10478.562586389642,10706.267112908443,10337.753841747277,10022.577341925009,9954.284010143101,9954.284010143101
2026-05-06 19:30:00+00:00,10378.537715441313,10196.994151989617,10252.55831953878,10529.68831118335,10757.392837702151,10388.879566540985,10073.703066718717,10005.40973493681,10005.40973493681
2026-05-06 20:00:00+00:00,10408.567018598878,10227.023455147182,10284.104919611123,10561.234911255693,10788.939437774494,10420.426166613328,10105.24966679106,10036.956335009152,10036.956335009152
2026-05-07 14:30:00+00:00,10337.049613372086,10155.50604992039,10210.883959048117,10488.013950692686,10715.718477211487,10347.205206050321,10032.028706228053,9963.735374446145,9963.735374446145
2026-05-07 15:30:00+00:00,10340.014115201813,10158.470551750117,10213.3283653923,10490.45835703687,10718.162883555671,10349.649612394505,10034.473112572237,9966.17978079033,9966.17978079033
2026-05-07 16:30:00+00:00,10314.454670787574,10132.911107335878,10186.370853610619,10463.500845255188,10691.20537177399,10322.692100612823,10007.515600790555,9939.222269008647,9939.222269008647
2026-05-07 17:30:00+00:00,10294.78368235302,10113.240118901324,10166.690343445176,10443.820335089746,10671.524861608546,10303.01159044738,9987.835090625113,9919.541758843205,9919.541758843205
2026-05-07 18:30:00+00:00,10313.591315705393,10132.047752253697,10186.308651947256,10463.438643591826,10691.143170110627,10322.62989894946,10007.453399127193,9939.160067345285,9939.160067345285
2026-05-07 19:30:00+00:00,10314.14219090556,10132.598627453865,10186.38875746636,10463.518749110928,10691.22327562973,10322.710004468565,10007.533504646297,9939.240172864389,9939.240172864389
2026-05-07 20:00:00+00:00,10320.685531001842,10139.141967550146,10193.004826786728,10470.134818431297,10697.839344950098,10329.326073788932,10014.149573966664,9945.856242184756,9945.856242184756
2026-05-08 14:30:00+00:00,10374.997681594637,10193.454118142941,10251.788072417954,10528.918064062524,10756.622590581324,10388.109319420158,10072.93281959789,10004.639487815983,10004.639487815983
2026-05-08 15:30:00+00:00,10363.873016631745,10182.32945318005,10240.329962860584,10517.459954505153,10745.164481023954,10376.651209862788,10061.47471004052,9993.181378258612,9993.181378258612
2026-05-08 16:30:00+00:00,10401.299707701028,10219.756144249332,10279.589930855247,10556.719922499817,10784.424449018617,10415.911177857452,10100.734678035184,10032.441346253276,10032.441346253276
2026-05-08 17:30:00+00:00,10395.637996519743,10214.094433068047,10274.669567433848,10551.799559078418,10779.504085597218,10410.990814436052,10095.814314613785,10027.520982831877,10027.520982831877
2026-05-08 18:30:00+00:00,10439.68524341505,10258.141679963353,10319.040731842431,10596.170723487001,10823.875250005802,10455.361978844636,10140.185479022368,10071.89214724046,10071.89214724046
2026-05-08 19:30:00+00:00,10413.077386767995,10231.533823316298,10291.404686251986,10568.534677896556,10796.239204415357,10427.72593325419,10112.549433431923,10044.256101650015,10044.256101650015
2026-05-08 20:00:00+00:00,10428.25613098884,10246.712567537144,10306.591830444097,10583.721822088666,10811.426348607467,10442.913077446301,10127.736577624033,10059.443245842125,10059.443245842125
2026-05-11 14:30:00+00:00,10403.236542830038,10221.692979378342,10278.403794606009,10555.533786250578,10783.23831276938,10414.725041608213,10099.548541785945,10031.255210004038,10031.255210004038
2026-05-11 15:30:00+00:00,10453.474730628357,10271.93116717666,10331.100094259484,10608.230085904053,10835.934612422854,10467.421341261688,10152.24484143942,10083.951509657512,10083.951509657512
2026-05-11 16:30:00+00:00,10421.521067707527,10239.97750425583,10297.825644302522,10574.955635947092,10802.660162465892,10434.146891304727,10118.970391482459,10050.67705970055,10050.67705970055
2026-05-11 17:30:00+00:00,10422.733708872916,10241.19014542122,10299.538661801473,10576.668653446042,10804.373179964843,10435.859908803677,10120.68340898141,10052.390077199501,10052.390077199501
2026-05-11 18:30:00+00:00,10409.65028459118,10228.106721139484,10286.201184502981,10563.331176147549,10791.035702666351,10422.522431505186,10107.345931682918,10039.05259990101,10039.05259990101
2026-05-11 19:30:00+00:00,10363.301086835632,10181.757523383934,10237.393932695,10514.52392433957,10742.22845085837,10373.715179697205,10058.538679874937,9990.245348093029,9990.245348093029
2026-05-11 20:00:00+00:00,10384.162743540353,10202.619180088657,10258.83264832025,10535.96263996482,10763.667166483621,10395.153895322455,10079.977395500187,10011.68406371828,10011.68406371828
2026-05-12 14:30:00+00:00,10366.312608895205,10184.769045443509,10239.911987686424,10517.041979330994,10744.746505849795,10376.233234688629,10061.05673486636,9992.763403084453,9992.763403084453
2026-05-12 15:30:00+00:00,10342.486925444216,10160.94336199252,10214.281736587507,10491.411728232077,10719.116254750877,10350.602983589712,10035.426483767444,9967.133151985536,9967.133151985536
2026-05-12 16:30:00+00:00,10331.803689599476,10150.26012614778,10203.076463129759,10480.206454774328,10707.91098129313,10339.397710131963,10024.221210309695,9955.927878527787,9955.927878527787
2026-05-12 17:30:00+00:00,10345.200377551164,10163.656814099468,10217.269017611194,10494.399009255763,10722.103535774564,10353.590264613398,10038.41376479113,9970.120433009222,9970.120433009222
2026-05-12 18:30:00+00:00,10338.812308959572,10157.268745507876,10210.850846131823,10487.980837776393,10715.685364295194,10347.172093134028,10031.99559331176,9963.702261529852,9963.702261529852
2026-05-12 19:30:00+00:00,10331.914043442534,10150.370479990837,10203.657181645147,10480.787173289718,10708.491699808517,10339.978428647351,10024.801928825083,9956.508597043176,9956.508597043176
2026-05-12 20:00:00+00:00,10343.734261123984,10162.190697672288,10216.444148245468,10493.574139890037,10721.278666408838,10352.765395247672,10037.588895425404,9969.295563643496,9969.295563643496
2026-05-13 14:30:00+00:00,10380.205645459138,10198.662082007442,10253.083427540787,10530.213419185357,10757.917945704157,10389.404674542991,10074.228174720723,10005.934842938816,10005.934842938816
2026-05-13 15:30:00+00:00,10383.629891747296,10202.086328295598,10255.560524904056,10532.690516548626,10760.395043067427,10391.88177190626,10076.705272083993,10008.411940302085,10008.411940302085
2026-05-13 16:30:00+00:00,10363.389254889795,10181.845691438099,10235.008839743095,10512.138831387665,10739.843357906466,10371.3300867453,10056.153586923032,9987.860255141124,9987.860255141124
2026-05-13 17:30:00+00:00,10371.803722425786,10190.26015897409,10243.700666827372,10520.830658471941,10748.535184990742,10380.021913829576,10064.845414007308,9996.5520822254,9996.5520822254
2026-05-13 18:30:00+00:00,10403.799067545162,10222.255504093466,10277.718405775426,10554.848397419995,10782.552923938796,10414.03965277763,10098.863152955362,10030.569821173454,10030.569821173454
2026-05-13 19:30:00+00:00,10400.384593944254,10218.841030492558,10273.301409646981,10550.431401291551,10778.135927810352,10409.622656649186,10094.446156826918,10026.15282504501,10026.15282504501
2026-05-13 20:00:00+00:00,10397.545560384171,10216.001996932475,10269.405795351362,10546.535786995932,10774.240313514732,10405.727042353567,10090.550542531299,10022.25721074939,10022.25721074939
2026-05-14 14:30:00+00:00,10448.2597817284,10266.716218276704,10323.781917228542,10600.911908873111,10828.616435391912,10460.103164230746,10144.926664408478,10076.63333262657,10076.63333262657
2026-05-14 15:30:00+00:00,10476.00873783114,10294.465174379444,10354.8209000728,10631.95089171737,10859.65541823617,10491.142147075005,10175.965647252737,10107.672315470829,10107.672315470829
2026-05-14 16:30:00+00:00,10519.560363088523,10338.016799636827,10399.223516774999,10676.353508419568,10904.058034938369,10535.544763777203,10220.368263954935,10152.074932173027,10152.074932173027
2026-05-14 17:30:00+00:00,10508.238301377472,10326.694737925776,10387.521877567031,10664.651869211602,10892.356395730401,10523.843124569237,10208.66662474697,10140.37329296506,10140.37329296506
2026-05-14 18:30:00+00:00,10508.238301377472,10326.694737925776,10387.521877567031,10664.651869211602,10892.356395730401,10523.843124569237,10208.66662474697,10140.37329296506,10140.37329296506
2026-05-14 19:30:00+00:00,10508.238301377472,10326.694737925776,10387.521877567031,10664.651869211602,10892.356395730401,10523.843124569237,10208.66662474697,10140.37329296506,10140.37329296506
2026-05-14 20:00:00+00:00,10508.238301377472,10326.694737925776,10387.521877567031,10664.651869211602,10892.356395730401,10523.843124569237,10208.66662474697,10140.37329296506,10140.37329296506
2026-05-15 14:30:00+00:00,10508.238301377472,10326.694737925776,10387.521877567031,10664.651869211602,10892.356395730401,10523.843124569237,10208.66662474697,10140.37329296506,10140.37329296506
2026-05-15 15:30:00+00:00,10508.238301377472,10326.694737925776,10387.521877567031,10664.651869211602,10892.356395730401,10523.843124569237,10208.66662474697,10140.37329296506,10140.37329296506
2026-05-15 16:30:00+00:00,10508.238301377472,10326.694737925776,10387.521877567031,10664.651869211602,10892.356395730401,10523.843124569237,10208.66662474697,10140.37329296506,10140.37329296506
2026-05-15 17:30:00+00:00,10508.238301377472,10326.694737925776,10387.521877567031,10664.651869211602,10892.356395730401,10523.843124569237,10208.66662474697,10140.37329296506,10140.37329296506
2026-05-15 18:30:00+00:00,10508.238301377472,10326.694737925776,10387.521877567031,10664.651869211602,10892.356395730401,10523.843124569237,10208.66662474697,10140.37329296506,10140.37329296506
2026-05-15 19:30:00+00:00,10508.238301377472,10326.694737925776,10387.521877567031,10664.651869211602,10892.356395730401,10523.843124569237,10208.66662474697,10140.37329296506,10140.37329296506
2026-05-15 20:00:00+00:00,10508.238301377472,10326.694737925776,10387.521877567031,10664.651869211602,10892.356395730401,10523.843124569237,10208.66662474697,10140.37329296506,10140.37329296506
2026-05-18 14:30:00+00:00,10508.238301377472,10326.694737925776,10387.521877567031,10664.651869211602,10892.356395730401,10523.843124569237,10208.66662474697,10140.37329296506,10140.37329296506
2026-05-18 15:30:00+00:00,10508.238301377472,10326.694737925776,10387.521877567031,10664.651869211602,10892.356395730401,10523.843124569237,10208.66662474697,10140.37329296506,10140.37329296506
2026-05-18 16:30:00+00:00,10488.92026467637,10326.694737925776,10387.521877567031,10664.651869211602,10892.356395730401,10523.843124569237,10208.66662474697,10140.37329296506,10140.37329296506
2026-05-18 17:30:00+00:00,10484.07196887041,10317.920505473681,10387.521877567031,10664.651869211602,10892.356395730401,10523.843124569237,10208.66662474697,10140.37329296506,10140.37329296506
2026-05-18 18:30:00+00:00,10468.15670585315,10301.809409734278,10387.521877567031,10664.651869211602,10892.356395730401,10523.843124569237,10208.66662474697,10140.37329296506,10140.37329296506
2026-05-18 19:30:00+00:00,10443.696814777604,10277.702918388508,10387.521877567031,10664.651869211602,10892.356395730401,10523.843124569237,10208.66662474697,10140.37329296506,10140.37329296506
2026-05-18 20:00:00+00:00,10477.859096888382,10312.367348079386,10416.473371905384,10693.603363549955,10892.356395730401,10523.843124569237,10208.66662474697,10140.37329296506,10140.37329296506
2026-05-19 14:30:00+00:00,10487.583133996644,10322.228793097282,10426.460989189574,10703.590980834146,10892.356395730401,10523.843124569237,10208.66662474697,10140.37329296506,10140.37329296506
2026-05-19 15:30:00+00:00,10510.908728419274,10345.990306157812,10450.821870132613,10727.951861777185,10892.356395730401,10523.843124569237,10208.66662474697,10140.37329296506,10140.37329296506
2026-05-19 16:30:00+00:00,10491.056165568978,10325.99841811454,10430.937864026168,10708.067855670739,10892.356395730401,10523.843124569237,10208.66662474697,10140.37329296506,10140.37329296506
2026-05-19 17:30:00+00:00,10524.52599460293,10360.07064749654,10465.808837608089,10742.93882925266,10892.356395730401,10523.843124569237,10208.66662474697,10140.37329296506,10140.37329296506
2026-05-19 18:30:00+00:00,10542.098550344706,10377.774090078543,10483.436698142059,10760.56668978663,10892.356395730401,10523.843124569237,10208.66662474697,10140.37329296506,10140.37329296506
2026-05-19 19:30:00+00:00,10494.087460615512,10329.321502067673,10434.965869414642,10712.095861059213,10892.356395730401,10523.843124569237,10208.66662474697,10140.37329296506,10140.37329296506
2026-05-19 20:00:00+00:00,10496.91545323603,10332.133534328737,10437.666793772718,10714.79678541729,10892.356395730401,10523.843124569237,10208.66662474697,10140.37329296506,10140.37329296506
2026-05-20 14:30:00+00:00,10494.776248209811,10331.243500403982,10440.158399179005,10717.288390823576,10892.356395730401,10523.843124569237,10208.66662474697,10140.37329296506,10140.37329296506
2026-05-20 15:30:00+00:00,10512.943849743519,10349.955238320084,10459.884013463176,10737.014005107747,10892.356395730401,10523.843124569237,10208.66662474697,10140.37329296506,10140.37329296506
2026-05-20 16:30:00+00:00,10510.866595636699,10347.804561593362,10457.58734258636,10734.71733423093,10892.356395730401,10523.843124569237,10208.66662474697,10140.37329296506,10140.37329296506
2026-05-20 17:30:00+00:00,10499.467579611706,10336.766949860046,10447.790015552066,10724.920007196637,10892.356395730401,10523.843124569237,10208.66662474697,10140.37329296506,10140.37329296506
2026-05-20 18:30:00+00:00,10515.653278516733,10353.413275503985,10465.274435270938,10742.40442691551,10892.356395730401,10523.843124569237,10208.66662474697,10140.37329296506,10140.37329296506
2026-05-20 19:30:00+00:00,10490.387271491794,10328.565528723328,10442.154233810536,10719.284225455107,10892.356395730401,10523.843124569237,10208.66662474697,10140.37329296506,10140.37329296506
2026-05-20 20:00:00+00:00,10496.436581587628,10334.67247579498,10448.268528586304,10725.398520230876,10892.356395730401,10523.843124569237,10208.66662474697,10140.37329296506,10140.37329296506
2026-05-21 14:30:00+00:00,10498.67805707129,10336.56516029651,10449.170152070335,10726.300143714907,10892.356395730401,10523.843124569237,10208.66662474697,10140.37329296506,10140.37329296506
2026-05-21 15:30:00+00:00,10548.402562138564,10386.729260890039,10499.305329591849,10776.43532123642,10892.356395730401,10523.843124569237,10208.66662474697,10140.37329296506,10140.37329296506
2026-05-21 16:30:00+00:00,10546.26707034985,10384.457650010936,10496.72158244059,10773.851574085162,10892.356395730401,10523.843124569237,10208.66662474697,10140.37329296506,10140.37329296506
2026-05-21 17:30:00+00:00,10522.766053042611,10361.069012290178,10474.201023902902,10751.331015547474,10892.356395730401,10523.843124569237,10208.66662474697,10140.37329296506,10140.37329296506
2026-05-21 18:30:00+00:00,10596.014897673831,10435.130137318398,10548.659909192385,10825.789900836957,10892.356395730401,10523.843124569237,10208.66662474697,10140.37329296506,10140.37329296506
2026-05-21 19:30:00+00:00,10585.771464906082,10424.818729383403,10538.414712165591,10815.544703810163,10892.356395730401,10523.843124569237,10208.66662474697,10140.37329296506,10140.37329296506
2026-05-21 20:00:00+00:00,10585.771464906082,10424.818729383403,10538.414712165591,10815.544703810163,10892.356395730401,10523.843124569237,10208.66662474697,10140.37329296506,10140.37329296506
2026-05-22 14:30:00+00:00,10585.771464906082,10424.818729383403,10538.414712165591,10815.544703810163,10892.356395730401,10523.843124569237,10208.66662474697,10140.37329296506,10140.37329296506
2026-05-22 15:30:00+00:00,10585.771464906082,10424.818729383403,10538.414712165591,10815.544703810163,10892.356395730401,10523.843124569237,10208.66662474697,10140.37329296506,10140.37329296506
2026-05-22 16:30:00+00:00,10585.771464906082,10424.818729383403,10538.414712165591,10815.544703810163,10892.356395730401,10523.843124569237,10208.66662474697,10140.37329296506,10140.37329296506
2026-05-22 17:30:00+00:00,10585.771464906082,10424.818729383403,10538.414712165591,10815.544703810163,10892.356395730401,10523.843124569237,10208.66662474697,10140.37329296506,10140.37329296506
2026-05-22 18:30:00+00:00,10585.771464906082,10424.818729383403,10538.414712165591,10815.544703810163,10892.356395730401,10523.843124569237,10208.66662474697,10140.37329296506,10140.37329296506
2026-05-22 19:30:00+00:00,10585.771464906082,10424.818729383403,10538.414712165591,10815.544703810163,10892.356395730401,10523.843124569237,10208.66662474697,10140.37329296506,10140.37329296506
2026-05-22 20:00:00+00:00,10585.771464906082,10424.818729383403,10538.414712165591,10815.544703810163,10892.356395730401,10523.843124569237,10208.66662474697,10140.37329296506,10140.37329296506
2026-05-26 14:30:00+00:00,10585.771464906082,10424.818729383403,10538.414712165591,10815.544703810163,10892.356395730401,10523.843124569237,10208.66662474697,10140.37329296506,10140.37329296506
2026-05-26 15:30:00+00:00,10620.803409642662,10459.850674119985,10573.446656902172,10850.576648546743,10892.356395730401,10523.843124569237,10208.66662474697,10140.37329296506,10140.37329296506
2026-05-26 16:30:00+00:00,10633.463723858478,10472.510988335802,10586.106971117988,10863.23696276256,10892.356395730401,10523.843124569237,10208.66662474697,10140.37329296506,10140.37329296506
2026-05-26 17:30:00+00:00,10621.206213740108,10460.253478217432,10573.849460999618,10850.97945264419,10892.356395730401,10523.843124569237,10208.66662474697,10140.37329296506,10140.37329296506
2026-05-26 18:30:00+00:00,10632.064971575643,10471.112236052966,10584.708218835152,10861.838210479724,10892.356395730401,10523.843124569237,10208.66662474697,10140.37329296506,10140.37329296506
2026-05-26 19:30:00+00:00,10621.672850298162,10460.720114775486,10574.316097557672,10851.446089202243,10892.356395730401,10523.843124569237,10208.66662474697,10140.37329296506,10140.37329296506
2026-05-26 20:00:00+00:00,10659.716995981536,10498.76426045886,10612.360243241046,10889.490234885618,10892.356395730401,10523.843124569237,10208.66662474697,10140.37329296506,10140.37329296506
2026-05-27 14:30:00+00:00,10690.920324651303,10529.967589128626,10643.563571910812,10920.693563555384,10892.356395730401,10523.843124569237,10208.66662474697,10140.37329296506,10140.37329296506
2026-05-27 15:30:00+00:00,10687.471886235833,10526.519150713157,10640.115133495345,10917.245125139914,10892.356395730401,10523.843124569237,10208.66662474697,10140.37329296506,10140.37329296506
2026-05-27 16:30:00+00:00,10687.471886235833,10526.519150713157,10640.115133495345,10917.245125139914,10892.356395730401,10523.843124569237,10208.66662474697,10140.37329296506,10140.37329296506
2026-05-27 17:30:00+00:00,10687.471886235833,10526.519150713157,10640.115133495345,10917.245125139914,10892.356395730401,10523.843124569237,10208.66662474697,10140.37329296506,10140.37329296506
2026-05-27 18:30:00+00:00,10687.471886235833,10526.519150713157,10640.115133495345,10917.245125139914,10892.356395730401,10523.843124569237,10208.66662474697,10140.37329296506,10140.37329296506
2026-05-27 19:30:00+00:00,10687.471886235833,10526.519150713157,10640.115133495345,10917.245125139914,10892.356395730401,10523.843124569237,10208.66662474697,10140.37329296506,10140.37329296506
2026-05-27 20:00:00+00:00,10687.471886235833,10526.519150713157,10640.115133495345,10917.245125139914,10892.356395730401,10523.843124569237,10208.66662474697,10140.37329296506,10140.37329296506
2026-05-28 14:30:00+00:00,10687.471886235833,10526.519150713157,10640.115133495345,10917.245125139914,10892.356395730401,10523.843124569237,10208.66662474697,10140.37329296506,10140.37329296506
2026-05-28 15:30:00+00:00,10687.471886235833,10526.519150713157,10640.115133495345,10917.245125139914,10892.356395730401,10523.843124569237,10208.66662474697,10140.37329296506,10140.37329296506
2026-05-28 16:30:00+00:00,10695.606780109152,10534.654044586474,10640.115133495345,10917.245125139914,10892.356395730401,10523.843124569237,10208.66662474697,10140.37329296506,10140.37329296506
2026-05-28 17:30:00+00:00,10719.024079372535,10558.071343849857,10640.115133495345,10917.245125139914,10892.356395730401,10523.843124569237,10208.66662474697,10140.37329296506,10140.37329296506
2026-05-28 18:30:00+00:00,10724.563654332127,10563.610918809449,10640.115133495345,10917.245125139914,10892.356395730401,10523.843124569237,10208.66662474697,10140.37329296506,10140.37329296506
2026-05-28 19:30:00+00:00,10739.21797118863,10578.265235665951,10640.115133495345,10917.245125139914,10892.356395730401,10523.843124569237,10208.66662474697,10140.37329296506,10140.37329296506
2026-05-28 20:00:00+00:00,10745.486145433175,10584.533409910497,10640.115133495345,10917.245125139914,10892.356395730401,10523.843124569237,10208.66662474697,10140.37329296506,10140.37329296506
2026-05-29 14:30:00+00:00,10758.243404530158,10597.29066900748,10640.115133495345,10917.245125139914,10892.356395730401,10523.843124569237,10208.66662474697,10140.37329296506,10140.37329296506
2026-05-29 15:30:00+00:00,10758.673707646596,10597.72097212392,10640.115133495345,10917.245125139914,10892.356395730401,10523.843124569237,10208.66662474697,10140.37329296506,10140.37329296506
2026-05-29 16:30:00+00:00,10758.673707646596,10597.72097212392,10640.115133495345,10917.245125139914,10892.356395730401,10523.843124569237,10208.66662474697,10140.37329296506,10140.37329296506
2026-05-29 17:30:00+00:00,10765.92705091547,10597.72097212392,10640.115133495345,10917.245125139914,10892.356395730401,10523.843124569237,10208.66662474697,10140.37329296506,10140.37329296506
2026-05-29 18:30:00+00:00,10760.382337428153,10597.72097212392,10640.115133495345,10917.245125139914,10892.356395730401,10523.843124569237,10208.66662474697,10140.37329296506,10140.37329296506
2026-05-29 19:30:00+00:00,10787.134252914791,10597.72097212392,10640.115133495345,10917.245125139914,10892.356395730401,10523.843124569237,10208.66662474697,10140.37329296506,10140.37329296506
2026-05-29 20:00:00+00:00,10749.193714327634,10597.72097212392,10640.115133495345,10917.245125139914,10892.356395730401,10523.843124569237,10208.66662474697,10140.37329296506,10140.37329296506
2026-06-01 14:30:00+00:00,10792.149031773355,10587.568533204627,10640.115133495345,10917.245125139914,10892.356395730401,10523.843124569237,10208.66662474697,10140.37329296506,10140.37329296506
2026-06-01 15:30:00+00:00,10822.200082922102,10619.346177822754,10640.115133495345,10917.245125139914,10892.356395730401,10523.843124569237,10208.66662474697,10140.37329296506,10140.37329296506
2026-06-01 16:30:00+00:00,10813.944674737168,10610.847793608606,10640.115133495345,10917.245125139914,10892.356395730401,10523.843124569237,10208.66662474697,10140.37329296506,10140.37329296506
2026-06-01 17:30:00+00:00,10813.944674737168,10610.847793608606,10640.115133495345,10917.245125139914,10892.356395730401,10523.843124569237,10208.66662474697,10140.37329296506,10140.37329296506
2026-06-01 18:30:00+00:00,10813.944674737168,10610.847793608606,10640.115133495345,10917.245125139914,10892.356395730401,10523.843124569237,10208.66662474697,10140.37329296506,10140.37329296506
2026-06-01 19:30:00+00:00,10813.944674737168,10610.847793608606,10640.115133495345,10917.245125139914,10892.356395730401,10523.843124569237,10208.66662474697,10140.37329296506,10140.37329296506
2026-06-01 20:00:00+00:00,10816.487395343358,10610.847793608606,10640.115133495345,10917.245125139914,10892.356395730401,10523.843124569237,10208.66662474697,10140.37329296506,10140.37329296506
2026-06-02 14:30:00+00:00,10818.361494558925,10610.847793608606,10640.115133495345,10917.245125139914,10892.356395730401,10523.843124569237,10208.66662474697,10140.37329296506,10140.37329296506
2026-06-02 15:30:00+00:00,10857.824029055353,10610.847793608606,10640.115133495345,10917.245125139914,10892.356395730401,10523.843124569237,10208.66662474697,10140.37329296506,10140.37329296506
2026-06-02 16:30:00+00:00,10878.305150486507,10610.847793608606,10640.115133495345,10917.245125139914,10892.356395730401,10523.843124569237,10208.66662474697,10140.37329296506,10140.37329296506
2026-06-02 17:30:00+00:00,10868.682341680387,10610.847793608606,10640.115133495345,10917.245125139914,10892.356395730401,10523.843124569237,10208.66662474697,10140.37329296506,10140.37329296506
2026-06-02 18:30:00+00:00,10868.682341680387,10610.847793608606,10640.115133495345,10917.245125139914,10892.356395730401,10523.843124569237,10208.66662474697,10140.37329296506,10140.37329296506
2026-06-02 19:30:00+00:00,10868.682341680387,10610.847793608606,10640.115133495345,10917.245125139914,10892.356395730401,10523.843124569237,10208.66662474697,10140.37329296506,10140.37329296506
2026-06-02 20:00:00+00:00,10868.682341680387,10610.847793608606,10640.115133495345,10917.245125139914,10892.356395730401,10523.843124569237,10208.66662474697,10140.37329296506,10140.37329296506
2026-06-03 14:30:00+00:00,10868.682341680387,10610.847793608606,10640.115133495345,10917.245125139914,10892.356395730401,10523.843124569237,10208.66662474697,10140.37329296506,10140.37329296506
2026-06-03 15:30:00+00:00,10868.682341680387,10610.847793608606,10640.115133495345,10917.245125139914,10892.356395730401,10523.843124569237,10208.66662474697,10140.37329296506,10140.37329296506
2026-06-03 16:30:00+00:00,10868.682341680387,10610.847793608606,10640.115133495345,10917.245125139914,10892.356395730401,10523.843124569237,10208.66662474697,10140.37329296506,10140.37329296506
2026-06-03 17:30:00+00:00,10868.682341680387,10610.847793608606,10640.115133495345,10917.245125139914,10892.356395730401,10523.843124569237,10208.66662474697,10140.37329296506,10140.37329296506
2026-06-03 18:30:00+00:00,10868.682341680387,10610.847793608606,10640.115133495345,10917.245125139914,10892.356395730401,10523.843124569237,10208.66662474697,10140.37329296506,10140.37329296506
2026-06-03 19:30:00+00:00,10868.682341680387,10610.847793608606,10640.115133495345,10917.245125139914,10892.356395730401,10523.843124569237,10208.66662474697,10140.37329296506,10140.37329296506
2026-06-03 20:00:00+00:00,10868.682341680387,10610.847793608606,10640.115133495345,10917.245125139914,10892.356395730401,10523.843124569237,10208.66662474697,10140.37329296506,10140.37329296506
2026-06-04 14:30:00+00:00,10868.682341680387,10610.847793608606,10640.115133495345,10917.245125139914,10892.356395730401,10523.843124569237,10208.66662474697,10140.37329296506,10140.37329296506
2026-06-04 15:30:00+00:00,10868.682341680387,10610.847793608606,10640.115133495345,10917.245125139914,10892.356395730401,10523.843124569237,10208.66662474697,10140.37329296506,10140.37329296506
2026-06-04 16:30:00+00:00,10868.682341680387,10610.847793608606,10640.115133495345,10917.245125139914,10892.356395730401,10523.843124569237,10208.66662474697,10140.37329296506,10140.37329296506
2026-06-04 17:30:00+00:00,10868.682341680387,10610.847793608606,10640.115133495345,10917.245125139914,10892.356395730401,10523.843124569237,10208.66662474697,10140.37329296506,10140.37329296506
2026-06-04 18:30:00+00:00,10868.682341680387,10610.847793608606,10640.115133495345,10917.245125139914,10892.356395730401,10523.843124569237,10208.66662474697,10140.37329296506,10140.37329296506
2026-06-04 19:30:00+00:00,10868.682341680387,10610.847793608606,10640.115133495345,10917.245125139914,10892.356395730401,10523.843124569237,10208.66662474697,10140.37329296506,10140.37329296506
2026-06-04 20:00:00+00:00,10858.064436694438,10600.229888622656,10629.497228509395,10917.245125139914,10892.356395730401,10523.843124569237,10208.66662474697,10140.37329296506,10140.37329296506
2026-06-05 14:30:00+00:00,10855.85368134788,10598.019133276099,10627.286473162838,11000.14885604936,10892.356395730401,10523.843124569237,10208.66662474697,10140.37329296506,10140.37329296506
2026-06-05 15:30:00+00:00,10843.51630900374,10585.681760931959,10614.949100818698,10977.698238031906,10862.342483222557,10523.843124569237,10208.66662474697,10140.37329296506,10140.37329296506
2026-06-05 16:30:00+00:00,10898.071353424551,10640.23680535277,10669.504145239509,11080.93054263455,10951.966004867732,10604.41213726796,10289.235637445692,10140.37329296506,10140.37329296506
2026-06-05 17:30:00+00:00,10891.800419352276,10633.965871280494,10663.233211167233,11069.685465859979,10941.723681196198,10594.133356476636,10278.956856654368,10140.37329296506,10140.37329296506
2026-06-05 18:30:00+00:00,10895.548026763487,10637.713478691705,10666.980818578444,11072.867484693168,10947.554746336016,10599.294584997164,10284.118085174896,10140.37329296506,10140.37329296506
2026-06-05 19:30:00+00:00,10812.125660101095,10554.291112029314,10583.558451916053,10915.760850457638,10810.586198899873,10460.399970196853,10145.223470374585,10140.37329296506,10140.37329296506
2026-06-05 20:00:00+00:00,10747.865439742896,10490.030891671115,10519.298231557854,10800.055396072728,10705.527888350316,10354.892856467872,10039.716356645604,10009.150266683488,10009.150266683488
2026-06-08 14:30:00+00:00,10710.207846678246,10452.373298606464,10481.640638493203,10760.13876317955,10646.753436051571,10301.171695774789,9985.99519595252,9965.512965909631,9965.512965909631
2026-06-08 15:30:00+00:00,10709.128205980514,10451.293657908733,10480.560997795472,10761.7315704298,10645.294043258102,10300.391415587532,9985.214915765264,9966.385818774748,9966.385818774748
2026-06-08 16:30:00+00:00,10787.128918786811,10529.29437071503,10558.561710601769,10908.874962966487,10773.394479955754,10430.337593103308,10115.16109328104,10107.00168928933,10107.00168928933
2026-06-08 17:30:00+00:00,10795.156278348411,10537.32173027663,10566.589070163369,10924.09511067369,10786.58992010239,10443.736384636306,10128.559884814038,10121.53401309186,10121.53401309186
2026-06-08 18:30:00+00:00,10765.458138193544,10507.623590121762,10536.890930008502,10867.902229147949,10737.811464870081,10394.219941906633,10079.043442084365,10067.866077355613,10067.866077355613
2026-06-08 19:30:00+00:00,10773.098158484232,10515.26361041245,10544.53095029919,10884.287165780219,10750.531422210346,10407.503054878172,10092.326555055904,10083.17173622741,10083.17173622741
2026-06-08 20:00:00+00:00,10733.728907737226,10475.894359665444,10505.161699552184,10811.227658606384,10685.984333419474,10342.257859857744,10027.081360035476,10013.138015629222,10013.138015629222
2026-06-09 14:30:00+00:00,10682.725681420103,10424.891133348321,10454.15847323506,10717.098277213085,10602.524407536224,10257.965013677464,9942.788513855196,9922.835608395622,9922.835608395622
2026-06-09 15:30:00+00:00,10680.339461764956,10422.504913693174,10451.772253579913,10707.44063749413,10598.175314521002,10252.553997130912,9937.377497308644,9914.532055180482,9914.532055180482
2026-06-09 16:30:00+00:00,10699.251216711933,10441.416668640151,10470.68400852689,10739.62367652835,10628.942793415395,10283.087713902896,9967.911214080628,9945.914522576071,9945.914522576071
2026-06-09 17:30:00+00:00,10684.433435571234,10426.598887499453,10455.866227386192,10719.03728002533,10605.238746704403,10260.464722966111,9945.288223143843,9924.92242449398,9924.92242449398
2026-06-09 18:30:00+00:00,10719.315198134873,10461.480650063091,10490.74798994983,10781.265641792277,10662.226186324411,10317.581085967171,10002.404586144903,9985.03160742583,9985.03160742583
2026-06-09 19:30:00+00:00,10727.942287075884,10470.107739004103,10499.375078890842,10796.450847538512,10676.308077727375,10331.653634994931,10016.477135172663,9999.739592851403,9999.739592851403
2026-06-09 20:00:00+00:00,10706.378621894997,10448.544073823216,10477.811413709955,10756.35053425035,10640.947883966222,10295.894323084485,9980.717823262217,9961.315571337931,9961.315571337931
2026-06-10 14:30:00+00:00,10753.38446816172,10495.549920089938,10524.817259976677,10842.38696883339,10718.038826645108,10373.55412426225,10058.377624439981,10044.031401057786,10044.031401057786
2026-06-10 15:30:00+00:00,10710.960788759132,10453.12624068735,10482.39358057409,10763.330907064937,10648.458752612778,10303.156979435456,9987.980479613188,9968.309904477896,9968.309904477896
2026-06-10 16:30:00+00:00,10736.40834368044,10478.573795608658,10507.841135495397,10807.484189696119,10689.928853932634,10344.478162276311,10029.301662454043,10011.195867688779,10011.195867688779
2026-06-10 17:30:00+00:00,10729.743252506843,10471.908704435062,10501.1760443218,10792.664509149155,10678.799554169378,10332.75204041445,10017.575540592183,9997.43772636236,9997.43772636236
2026-06-10 18:30:00+00:00,10714.085406928894,10456.250858857113,10485.518198743852,10765.863972269486,10653.324453139452,10307.437196064466,9992.260696242198,9971.337033172793,9971.337033172793
2026-06-10 19:30:00+00:00,10726.396800831213,10468.562252759431,10497.82959264617,10786.747796815162,10673.35020696989,10327.2970579229,10012.120558100632,9991.715150206663,9991.715150206663
2026-06-10 20:00:00+00:00,10729.369364920114,10471.534816848332,10500.802156735072,10792.049038121711,10678.208812044038,10332.165498717588,10016.98899889532,9996.83674008656,9996.83674008656
2026-06-11 14:30:00+00:00,10733.449057622149,10475.614509550367,10504.881849437106,10799.970760986635,10685.046833110344,10339.112425206384,10023.935925384116,10004.39072525757,10004.39072525757
2026-06-11 15:30:00+00:00,10736.381567582956,10478.547019511174,10507.814359397913,10805.85093409847,10689.897730655868,10344.098549353668,10028.9220495314,10009.948907686969,10009.948907686969
2026-06-11 16:30:00+00:00,10734.01037538796,10476.175827316178,10505.443167202917,10800.013829493542,10685.894925816394,10339.77246991859,10024.595970096321,10004.616600816818,10004.616600816818
2026-06-11 17:30:00+00:00,10721.939832114012,10464.10528404223,10493.37262392897,10779.39232282117,10666.260982845355,10320.269207468686,10005.092707646418,9984.52620870699,9984.52620870699
2026-06-11 18:30:00+00:00,10728.037567394282,10470.2030193225,10499.47035920924,10793.617180807043,10676.513590884784,10331.194973502854,10016.018473680586,9997.633265609218,9997.633265609218
2026-06-11 19:30:00+00:00,10727.650663938972,10469.81611586719,10499.08345575393,10794.03139826899,10675.981977557673,10330.875327604805,10015.698827782537,9997.825321754532,9997.825321754532
2026-06-11 20:00:00+00:00,10722.908501192187,10465.073953120405,10494.341293007144,10784.331853675521,10668.134173020191,10322.767793274728,10007.59129345246,9988.69190700537,9988.69190700537
2026-06-12 14:30:00+00:00,10718.984079321226,10461.149531249444,10490.416871136184,10774.970426451022,10661.642776993867,10315.770642629677,10000.59414280741,9980.121073106908,9980.121073106908
2026-06-12 15:30:00+00:00,10745.94960346658,10488.1150553948,10517.382395281538,10824.419006501344,10705.81257513474,10360.30112460135,10045.124624779082,10027.631460778515,10027.631460778515
2026-06-12 16:30:00+00:00,10730.284979989097,10472.450431917316,10501.717771804055,10792.446350116677,10679.889167724452,10333.533484439087,10018.35698461682,9997.512966850423,9997.512966850423
2026-06-12 17:30:00+00:00,10744.854719447349,10487.020171375567,10516.287511262306,10820.559478385678,10703.875541645417,10357.985542727307,10042.809042905039,10024.26739361873,10024.26739361873
2026-06-12 18:30:00+00:00,10744.15613806195,10486.321589990168,10515.588929876907,10817.744765843692,10702.608052928983,10356.408455059925,10041.231955237658,10021.847198174568,10021.847198174568
2026-06-12 19:30:00+00:00,10732.382252134641,10474.54770406286,10503.815043949598,10796.78356753306,10683.385160641765,10337.14823354352,10021.971733721251,10001.593390684502,10001.593390684502
2026-06-12 20:00:00+00:00,10735.687110480843,10477.852562409062,10507.1199022958,10802.239283082334,10688.74949992473,10342.438346175715,10027.261846353447,10006.947274676395,10006.947274676395
2026-06-15 14:30:00+00:00,10647.219872607997,10389.385324536215,10418.652664422954,10672.144832190672,10547.015496664942,10205.65830269728,9890.481802875012,9876.11677669668,9876.11677669668
2026-06-15 15:30:00+00:00,10684.445051146477,10426.610503074695,10455.877842961434,10741.491511108232,10608.079610014614,10267.431862888227,9952.255363065959,9942.544883694978,9942.544883694978
2026-06-15 16:30:00+00:00,10685.490787126226,10427.656239054444,10456.923578941183,10745.804776377172,10610.001177080247,10269.831924177899,9954.655424355631,9946.248535258535,9946.248535258535
2026-06-15 17:30:00+00:00,10687.783114445227,10429.948566373445,10459.215906260184,10747.891424321362,10613.582718387826,10273.030529678337,9957.85402985607,9948.645013256546,9948.645013256546
2026-06-15 18:30:00+00:00,10691.515479211419,10433.680931139637,10462.948271026376,10755.80052051051,10619.79204287763,10279.495544351186,9964.319044528918,9956.048854766057,9956.048854766057
2026-06-15 19:30:00+00:00,10675.35096842284,10417.516420351058,10446.783760237797,10722.927543940306,10593.051073903405,10251.906723814123,9936.730223991855,9925.062342738784,9925.062342738784
2026-06-15 20:00:00+00:00,10702.189818745735,10444.355270673954,10473.622610560693,10774.069816271613,10637.17249324197,10296.762588441074,9981.586088618806,9973.844204118463,9973.844204118463
2026-06-16 14:30:00+00:00,10689.712859023444,10431.878310951663,10461.145650838402,10740.22165347902,10615.929063680633,10273.185134495026,9958.008634672758,9943.370394311818,9943.370394311818
2026-06-16 15:30:00+00:00,10682.719053145107,10424.884505073325,10454.151844960064,10729.074559712344,10604.624087891803,10262.11131553153,9946.934815709263,9932.352396322078,9932.352396322078
2026-06-16 16:30:00+00:00,10691.526409615215,10433.691861543433,10462.959201430172,10747.483693501128,10619.246432963579,10277.289986058568,9962.1134862363,9949.624318058162,9949.624318058162
2026-06-16 17:30:00+00:00,10675.81990613876,10417.985358066979,10447.252697953718,10718.284293592244,10593.49566423327,10251.249127276678,9936.07262745441,9921.644758092534,9921.644758092534
2026-06-16 18:30:00+00:00,10693.547887899676,10435.713339827895,10464.980679714634,10752.150090151688,10622.651063354446,10280.905041272792,9965.728541450524,9953.933381503184,9953.933381503184
2026-06-16 19:30:00+00:00,10700.29566255742,10442.461114485639,10471.728454372378,10763.705371512016,10633.639367868958,10291.822942175824,9976.646442353556,9965.187694008428,9965.187694008428
2026-06-16 20:00:00+00:00,10707.625066552311,10449.79051848053,10479.057858367269,10776.027396943435,10645.55145903657,10303.614879899951,9988.438380077683,9977.23331583615,9977.23331583615
2026-06-17 14:30:00+00:00,10718.406786150466,10460.572238078685,10489.839577965424,10792.793082880054,10663.073881574142,10320.665472025075,10005.488972202807,9993.919831410209,9993.919831410209
2026-06-17 15:30:00+00:00,10725.484601240581,10467.6500531688,10496.917393055539,10807.183684555206,10674.79121727592,10332.750795783095,10017.574295960827,10007.487032237026,10007.487032237026
2026-06-17 16:30:00+00:00,10720.17507717761,10462.340529105828,10491.607868992567,10801.03160982989,10666.405714571423,10324.990011262584,10009.813511440316,10000.916599041475,10000.916599041475
2026-06-17 17:30:00+00:00,10724.393643557407,10466.559095485625,10495.826435372364,10808.247275099207,10673.277084897572,10331.81508562456,10016.638585802291,10007.946485145289,10007.946485145289
2026-06-17 18:30:00+00:00,10721.14275889211,10463.308210820329,10492.575550707068,10801.026525655672,10667.852924331202,10326.100481416406,10010.923981594138,10001.242483279822,10001.242483279822
2026-06-17 19:30:00+00:00,10724.046201565967,10466.211653494185,10495.478993380924,10804.759130386123,10672.4776064679,10330.451926906553,10015.275427084285,10005.12354305883,10005.12354305883
2026-06-17 20:00:00+00:00,10728.756635520214,10470.922087448433,10500.189427335172,10812.530579678321,10680.120287215765,10337.987800578496,10022.811300756228,10012.750636936391,10012.750636936391
2026-06-18 14:30:00+00:00,10744.234415512046,10486.399867440265,10515.667207327004,10840.013130894864,10705.51106759055,10363.379314361033,10048.202814538765,10039.34546729996,10039.34546729996
2026-06-18 15:30:00+00:00,10736.827779893008,10478.993231821227,10508.260571707966,10826.407727090012,10693.378861921492,10351.14307742862,10035.966577606352,10026.278001997018,10026.278001997018
2026-06-18 16:30:00+00:00,10736.827779893008,10478.993231821227,10508.260571707966,10826.407727090012,10693.378861921492,10351.14307742862,10035.966577606352,10026.278001997018,10026.278001997018
2026-06-18 17:30:00+00:00,10736.827779893008,10478.993231821227,10508.260571707966,10826.407727090012,10693.378861921492,10351.14307742862,10035.966577606352,10026.278001997018,10026.278001997018
2026-06-18 18:30:00+00:00,10736.827779893008,10478.993231821227,10508.260571707966,10826.407727090012,10693.378861921492,10351.14307742862,10035.966577606352,10026.278001997018,10026.278001997018
2026-06-18 19:30:00+00:00,10736.827779893008,10478.993231821227,10508.260571707966,10826.407727090012,10693.378861921492,10351.14307742862,10035.966577606352,10026.278001997018,10026.278001997018
2026-06-18 20:00:00+00:00,10736.827779893008,10478.993231821227,10508.260571707966,10826.407727090012,10693.378861921492,10351.14307742862,10035.966577606352,10026.278001997018,10026.278001997018
2026-06-22 14:30:00+00:00,10736.827779893008,10478.993231821227,10508.260571707966,10826.407727090012,10693.378861921492,10351.14307742862,10035.966577606352,10026.278001997018,10026.278001997018
2026-06-22 15:30:00+00:00,10736.827779893008,10478.993231821227,10508.260571707966,10826.407727090012,10693.378861921492,10351.14307742862,10035.966577606352,10026.278001997018,10026.278001997018
2026-06-22 16:30:00+00:00,10736.827779893008,10478.993231821227,10508.260571707966,10826.407727090012,10693.378861921492,10351.14307742862,10035.966577606352,10026.278001997018,10026.278001997018
2026-06-22 17:30:00+00:00,10736.827779893008,10478.993231821227,10508.260571707966,10826.407727090012,10693.378861921492,10351.14307742862,10035.966577606352,10026.278001997018,10026.278001997018
2026-06-22 18:30:00+00:00,10736.827779893008,10478.993231821227,10508.260571707966,10826.407727090012,10693.378861921492,10351.14307742862,10035.966577606352,10026.278001997018,10026.278001997018
2026-06-22 19:30:00+00:00,10736.827779893008,10478.993231821227,10508.260571707966,10826.407727090012,10693.378861921492,10351.14307742862,10035.966577606352,10026.278001997018,10026.278001997018
2026-06-22 20:00:00+00:00,10736.827779893008,10478.993231821227,10508.260571707966,10826.407727090012,10693.378861921492,10351.14307742862,10035.966577606352,10026.278001997018,10026.278001997018
2026-06-23 14:30:00+00:00,10736.827779893008,10478.993231821227,10508.260571707966,10826.407727090012,10693.378861921492,10351.14307742862,10035.966577606352,10026.278001997018,10026.278001997018
2026-06-23 15:30:00+00:00,10736.827779893008,10478.993231821227,10508.260571707966,10826.407727090012,10693.378861921492,10351.14307742862,10035.966577606352,10026.278001997018,10026.278001997018
2026-06-23 16:30:00+00:00,10736.827779893008,10478.993231821227,10508.260571707966,10826.407727090012,10693.378861921492,10351.14307742862,10035.966577606352,10026.278001997018,10026.278001997018
2026-06-23 17:30:00+00:00,10736.827779893008,10478.993231821227,10508.260571707966,10826.407727090012,10693.378861921492,10351.14307742862,10035.966577606352,10026.278001997018,10026.278001997018
2026-06-23 18:30:00+00:00,10736.827779893008,10478.993231821227,10508.260571707966,10826.407727090012,10693.378861921492,10351.14307742862,10035.966577606352,10026.278001997018,10026.278001997018
2026-06-23 19:30:00+00:00,10736.827779893008,10478.993231821227,10508.260571707966,10826.407727090012,10693.378861921492,10351.14307742862,10035.966577606352,10026.278001997018,10026.278001997018
2026-06-23 20:00:00+00:00,10736.827779893008,10478.993231821227,10508.260571707966,10826.407727090012,10693.378861921492,10351.14307742862,10035.966577606352,10026.278001997018,10026.278001997018
2026-06-24 14:30:00+00:00,10736.827779893008,10478.993231821227,10508.260571707966,10826.407727090012,10693.378861921492,10351.14307742862,10035.966577606352,10026.278001997018,10026.278001997018
2026-06-24 15:30:00+00:00,10736.827779893008,10478.993231821227,10508.260571707966,10826.407727090012,10693.378861921492,10351.14307742862,10035.966577606352,10026.278001997018,10026.278001997018
2026-06-24 16:30:00+00:00,10736.827779893008,10478.993231821227,10508.260571707966,10826.407727090012,10693.378861921492,10351.14307742862,10035.966577606352,10026.278001997018,10026.278001997018
2026-06-24 17:30:00+00:00,10736.827779893008,10478.993231821227,10508.260571707966,10826.407727090012,10693.378861921492,10351.14307742862,10035.966577606352,10026.278001997018,10026.278001997018
2026-06-24 18:30:00+00:00,10736.827779893008,10478.993231821227,10508.260571707966,10826.407727090012,10693.378861921492,10351.14307742862,10035.966577606352,10026.278001997018,10026.278001997018
2026-06-24 19:30:00+00:00,10726.236715971834,10468.402167900053,10508.260571707966,10826.407727090012,10693.378861921492,10351.14307742862,10035.966577606352,10026.278001997018,10026.278001997018
2026-06-24 20:00:00+00:00,10730.360024077305,10472.525476005523,10504.006641392916,10826.407727090012,10693.378861921492,10351.14307742862,10035.966577606352,10026.278001997018,10026.278001997018
2026-06-25 14:30:00+00:00,10729.04034576656,10471.205797694778,10502.633764487302,10826.407727090012,10693.378861921492,10351.14307742862,10035.966577606352,10026.278001997018,10026.278001997018
2026-06-25 15:30:00+00:00,10724.949791152038,10467.115243080256,10498.528125779023,10826.407727090012,10693.378861921492,10351.14307742862,10035.966577606352,10026.278001997018,10026.278001997018
2026-06-25 16:30:00+00:00,10718.189771767036,10460.355223695255,10491.78552790721,10826.407727090012,10693.378861921492,10351.14307742862,10035.966577606352,10026.278001997018,10026.278001997018
2026-06-25 17:30:00+00:00,10721.908702777118,10464.074154705337,10495.49757139685,10830.282713058643,10693.378861921492,10351.14307742862,10035.966577606352,10026.278001997018,10026.278001997018
2026-06-25 18:30:00+00:00,10722.341252105816,10464.506704034035,10495.923896084001,10830.644960579939,10693.378861921492,10351.14307742862,10035.966577606352,10026.278001997018,10026.278001997018
2026-06-25 19:30:00+00:00,10726.589210781163,10468.754662709382,10500.172968899938,10834.831984761,10693.378861921492,10351.14307742862,10035.966577606352,10026.278001997018,10026.278001997018
2026-06-25 20:00:00+00:00,10724.73820473083,10466.903656659048,10498.322411758481,10833.016474256738,10693.378861921492,10351.14307742862,10035.966577606352,10026.278001997018,10026.278001997018
2026-06-26 14:30:00+00:00,10741.5159797365,10483.681431664718,10515.211809543158,10850.628805959288,10693.378861921492,10351.14307742862,10035.966577606352,10026.278001997018,10026.278001997018
2026-06-26 15:30:00+00:00,10727.80341372087,10469.968865649089,10501.462954431257,10836.7778391423,10693.378861921492,10351.14307742862,10035.966577606352,10026.278001997018,10026.278001997018
2026-06-26 16:30:00+00:00,10746.183009757739,10488.348461685957,10519.932666865872,10855.753170656331,10693.378861921492,10351.14307742862,10035.966577606352,10026.278001997018,10026.278001997018
2026-06-26 17:30:00+00:00,10734.095427207118,10476.260879135336,10507.818991393382,10843.604381622143,10693.378861921492,10351.14307742862,10035.966577606352,10026.278001997018,10026.278001997018
2026-06-26 18:30:00+00:00,10736.113142098618,10478.278594026837,10509.820701524844,10845.427249101009,10693.378861921492,10351.14307742862,10035.966577606352,10026.278001997018,10026.278001997018
2026-06-26 19:30:00+00:00,10730.680403480574,10472.845855408792,10504.382428743595,10840.030150304538,10693.378861921492,10351.14307742862,10035.966577606352,10026.278001997018,10026.278001997018
2026-06-26 20:00:00+00:00,10729.588034871585,10471.753486799804,10503.277328265196,10838.828662618535,10693.378861921492,10351.14307742862,10035.966577606352,10026.278001997018,10026.278001997018
2026-06-29 14:30:00+00:00,10753.057567245542,10495.22301917376,10526.68160445501,10861.250640107037,10693.378861921492,10351.14307742862,10035.966577606352,10026.278001997018,10026.278001997018
2026-06-29 15:30:00+00:00,10743.350971161199,10485.516423089417,10516.9568038217,10851.525971389203,10693.378861921492,10351.14307742862,10035.966577606352,10026.278001997018,10026.278001997018
2026-06-29 16:30:00+00:00,10773.628811464681,10515.7942633929,10547.34312493113,10882.379722365049,10693.378861921492,10351.14307742862,10035.966577606352,10026.278001997018,10026.278001997018
2026-06-29 17:30:00+00:00,10776.987034668953,10519.152486597171,10550.71749057297,10885.842686451073,10693.378861921492,10351.14307742862,10035.966577606352,10026.278001997018,10026.278001997018
2026-06-29 18:30:00+00:00,10776.987034668953,10519.152486597171,10550.71749057297,10885.842686451073,10693.378861921492,10351.14307742862,10035.966577606352,10026.278001997018,10026.278001997018
2026-06-29 19:30:00+00:00,10776.987034668953,10519.152486597171,10550.71749057297,10885.842686451073,10693.378861921492,10351.14307742862,10035.966577606352,10026.278001997018,10026.278001997018
2026-06-29 20:00:00+00:00,10776.987034668953,10519.152486597171,10550.71749057297,10885.842686451073,10693.378861921492,10351.14307742862,10035.966577606352,10026.278001997018,10026.278001997018
2026-06-30 14:30:00+00:00,10776.987034668953,10519.152486597171,10550.71749057297,10885.842686451073,10693.378861921492,10351.14307742862,10035.966577606352,10026.278001997018,10026.278001997018
2026-06-30 15:30:00+00:00,10776.987034668953,10519.152486597171,10550.71749057297,10885.842686451073,10693.378861921492,10351.14307742862,10035.966577606352,10026.278001997018,10026.278001997018
2026-06-30 16:30:00+00:00,10776.987034668953,10519.152486597171,10550.71749057297,10885.842686451073,10693.378861921492,10351.14307742862,10035.966577606352,10026.278001997018,10026.278001997018
2026-06-30 17:30:00+00:00,10776.987034668953,10519.152486597171,10550.71749057297,10885.842686451073,10693.378861921492,10351.14307742862,10035.966577606352,10026.278001997018,10026.278001997018
2026-06-30 18:30:00+00:00,10776.987034668953,10519.152486597171,10550.71749057297,10885.842686451073,10693.378861921492,10351.14307742862,10035.966577606352,10026.278001997018,10026.278001997018
2026-06-30 19:30:00+00:00,10776.987034668953,10519.152486597171,10550.71749057297,10885.842686451073,10693.378861921492,10351.14307742862,10035.966577606352,10026.278001997018,10026.278001997018
2026-06-30 20:00:00+00:00,10776.987034668953,10519.152486597171,10550.71749057297,10885.842686451073,10693.378861921492,10351.14307742862,10035.966577606352,10026.278001997018,10026.278001997018
2026-07-01 14:30:00+00:00,10776.987034668953,10519.152486597171,10550.71749057297,10885.842686451073,10693.378861921492,10351.14307742862,10035.966577606352,10026.278001997018,10026.278001997018
2026-07-01 15:30:00+00:00,10776.987034668953,10519.152486597171,10550.71749057297,10885.842686451073,10693.378861921492,10351.14307742862,10035.966577606352,10026.278001997018,10026.278001997018
2026-07-01 16:30:00+00:00,10791.349827755435,10533.515279683654,10565.080283659452,10900.205479537555,10707.741655007974,10351.14307742862,10035.966577606352,10026.278001997018,10026.278001997018
2026-07-01 17:30:00+00:00,10803.593980921765,10545.759432849984,10577.324436825782,10912.449632703885,10719.985808174304,10351.14307742862,10035.966577606352,10026.278001997018,10026.278001997018
2026-07-01 18:30:00+00:00,10806.569379852213,10548.734831780432,10580.29983575623,10915.425031634333,10722.961207104752,10351.14307742862,10035.966577606352,10026.278001997018,10026.278001997018
2026-07-01 19:30:00+00:00,10814.349633529624,10556.515085457842,10588.08008943364,10923.205285311744,10730.741460782163,10351.14307742862,10035.966577606352,10026.278001997018,10026.278001997018
2026-07-01 20:00:00+00:00,10818.487311253284,10560.652763181502,10592.2177671573,10927.342963035404,10734.879138505823,10351.14307742862,10035.966577606352,10026.278001997018,10026.278001997018
2026-07-02 14:30:00+00:00,10861.193016982837,10603.358468911056,10634.923472886854,10970.048668764957,10777.584844235376,10351.14307742862,10035.966577606352,10026.278001997018,10026.278001997018
2026-07-02 15:30:00+00:00,10851.353124100024,10593.518576028244,10625.083580004042,10960.208775882145,10767.744951352563,10351.14307742862,10035.966577606352,10026.278001997018,10026.278001997018
2026-07-02 16:30:00+00:00,10851.353124100024,10593.518576028244,10625.083580004042,10960.208775882145,10767.744951352563,10351.14307742862,10035.966577606352,10026.278001997018,10026.278001997018
2026-07-02 17:30:00+00:00,10846.59537064034,10593.518576028244,10625.083580004042,10960.208775882145,10767.744951352563,10351.14307742862,10035.966577606352,10026.278001997018,10026.278001997018
2026-07-02 18:30:00+00:00,10845.496157978945,10593.518576028244,10625.083580004042,10960.208775882145,10767.744951352563,10351.14307742862,10035.966577606352,10026.278001997018,10026.278001997018
2026-07-02 19:30:00+00:00,10858.658660460993,10593.518576028244,10625.083580004042,10960.208775882145,10767.744951352563,10351.14307742862,10035.966577606352,10026.278001997018,10026.278001997018
2026-07-02 20:00:00+00:00,10869.624671429454,10593.518576028244,10625.083580004042,10960.208775882145,10767.744951352563,10351.14307742862,10035.966577606352,10026.278001997018,10026.278001997018
2026-07-06 14:30:00+00:00,10834.090519486548,10593.518576028244,10625.083580004042,10960.208775882145,10767.744951352563,10351.14307742862,10035.966577606352,10026.278001997018,10026.278001997018
2026-07-06 15:30:00+00:00,10858.535394791466,10613.548170349264,10645.113174325063,10960.208775882145,10767.744951352563,10351.14307742862,10035.966577606352,10026.278001997018,10026.278001997018
2026-07-06 16:30:00+00:00,10831.501386976199,10587.057701551266,10618.622705527065,10960.208775882145,10767.744951352563,10351.14307742862,10035.966577606352,10026.278001997018,10026.278001997018
2026-07-06 17:30:00+00:00,10825.931806461434,10581.5162361657,10613.081240141499,10960.208775882145,10767.744951352563,10351.14307742862,10035.966577606352,10026.278001997018,10026.278001997018
2026-07-06 18:30:00+00:00,10839.773627516412,10595.082284651824,10626.647288627622,10960.208775882145,10767.744951352563,10351.14307742862,10035.966577606352,10026.278001997018,10026.278001997018
2026-07-06 19:30:00+00:00,10827.562612105718,10583.125414936072,10614.69041891187,10960.208775882145,10767.744951352563,10351.14307742862,10035.966577606352,10026.278001997018,10026.278001997018
2026-07-06 20:00:00+00:00,10835.559546509741,10590.990169189992,10622.55517316579,10960.208775882145,10767.744951352563,10351.14307742862,10035.966577606352,10026.278001997018,10026.278001997018
2026-07-07 14:30:00+00:00,10757.330879774456,10514.352552750892,10545.91755672669,10960.208775882145,10767.744951352563,10351.14307742862,10035.966577606352,10026.278001997018,10026.278001997018
2026-07-07 15:30:00+00:00,10828.718880129116,10584.770927888556,10616.335931864354,11025.155869117438,10832.692044587857,10416.090170663912,10100.913670841644,10091.225095232312,10091.225095232312
2026-07-07 16:30:00+00:00,10845.670511233451,10602.57117018278,10634.136174158579,11050.149109152779,10857.685284623198,10441.083410699253,10125.906910876985,10116.218335267653,10116.218335267653
2026-07-07 17:30:00+00:00,10843.059584393406,10599.829333005371,10631.39433698117,11046.299971944569,10853.836147414988,10437.234273491043,10122.057773668776,10112.369198059443,10112.369198059443
2026-07-07 18:30:00+00:00,10841.382580057845,10598.039166775523,10629.604170751321,11043.629220729128,10851.165396199547,10434.563522275603,10119.387022453335,10109.698446844002,10109.698446844002
2026-07-07 19:30:00+00:00,10808.642753385513,10565.634425681723,10597.199429657521,11008.859993869264,10816.396169339683,10399.794295415739,10084.61779559347,10074.929219984138,10074.929219984138
2026-07-07 20:00:00+00:00,10777.992929174528,10535.590211711049,10567.155215686847,10978.304777637033,10785.840953107452,10369.239079183508,10054.06257936124,10044.374003751907,10044.374003751907
2026-07-08 14:30:00+00:00,10791.829823556314,10548.271710782406,10579.836714758205,10986.097138764397,10793.633314234816,10377.031440310871,10061.854940488603,10052.166364879271,10052.166364879271
2026-07-08 15:30:00+00:00,10798.886917419342,10555.009719594547,10586.574723570346,10991.905815063115,10799.441990533534,10382.84011660959,10067.663616787322,10057.97504117799,10057.97504117799
2026-07-08 16:30:00+00:00,10800.347245545338,10556.529186467358,10588.094190443157,10993.965489864206,10801.501665334625,10384.89979141068,10069.723291588412,10060.03471597908,10060.03471597908
2026-07-08 17:30:00+00:00,10799.056675016549,10555.473913532673,10587.038917508471,10994.112956936231,10801.64913240665,10385.047258482706,10069.870758660438,10060.182183051105,10060.182183051105
2026-07-08 18:30:00+00:00,10806.152133365496,10562.453075298488,10594.018079274287,11001.350885790136,10808.887061260555,10392.28518733661,10077.108687514343,10067.42011190501,10067.42011190501
2026-07-08 19:30:00+00:00,10798.339166058908,10554.842099199372,10586.40710317517,10993.88857010958,10801.42474558,10384.822871656055,10069.646371833787,10059.957796224455,10059.957796224455
2026-07-08 20:00:00+00:00,10785.514183964802,10542.169333373158,10573.734337348957,10980.411537620948,10787.947713091367,10371.345839167423,10056.169339345155,10046.480763735823,10046.480763735823
2026-07-09 14:30:00+00:00,10775.28152364803,10532.01914968266,10563.584153658458,10969.419755461466,10776.955930931885,10360.35405700794,10045.177557185672,10035.48898157634,10035.48898157634
2026-07-09 15:30:00+00:00,10818.973666654238,10575.136602686327,10606.701606662125,11014.953662635597,10822.489838106016,10405.887964182071,10090.711464359803,10081.02288875047,10081.02288875047
2026-07-09 16:30:00+00:00,10820.236577403624,10576.291769570604,10607.856773546402,11015.647172229226,10823.183347699645,10406.581473775701,10091.404973953433,10081.7163983441,10081.7163983441
2026-07-09 17:30:00+00:00,10829.560123746409,10585.613590555116,10617.178594530915,11026.19112783762,10833.727303308038,10417.125429384094,10101.948929561826,10092.260353952493,10092.260353952493
2026-07-09 18:30:00+00:00,10792.519407613981,10549.695392054928,10581.260396030726,10991.935304856204,10799.471480326623,10382.869606402679,10067.693106580411,10058.004530971079,10058.004530971079
2026-07-09 19:30:00+00:00,10776.880985811249,10534.31767341343,10565.882677389229,10976.015985561953,10783.552161032372,10366.950287108428,10051.77378728616,10042.085211676827,10042.085211676827
2026-07-09 20:00:00+00:00,10782.18724359352,10539.374587156679,10570.939591132477,10980.319467246787,10787.855642717206,10371.253768793262,10056.077268970994,10046.388693361661,10046.388693361661
2026-07-10 14:30:00+00:00,10735.992733124333,10494.498164420047,10526.063168395845,10937.065148844744,10744.601324315163,10327.999450391218,10012.82295056895,10003.134374959618,10003.134374959618
2026-07-10 15:30:00+00:00,10776.950727372543,10534.760264324337,10566.325268300136,10978.674381429355,10786.210556899774,10369.60868297583,10054.432183153562,10044.74360754423,10044.74360754423
2026-07-10 16:30:00+00:00,10745.637682630235,10503.923656147968,10535.488660123767,10946.485151782217,10754.021327252636,10337.419453328692,10022.242953506424,10012.554377897091,10012.554377897091
2026-07-10 17:30:00+00:00,10781.844276748516,10539.460971397477,10571.025975373275,10982.898643778759,10790.434819249178,10373.832945325234,10058.656445502966,10048.967869893633,10048.967869893633
2026-07-10 18:30:00+00:00,10779.012755658225,10536.664938652784,10568.229942628583,10979.938172439255,10787.474347909674,10370.87247398573,10055.695974163462,10046.00739855413,10046.00739855413
2026-07-10 19:30:00+00:00,10753.383170886356,10511.517987338624,10543.082991314423,10954.225988474722,10761.76216394514,10345.160290021196,10029.983790198929,10020.295214589596,10020.295214589596
2026-07-10 20:00:00+00:00,10758.801758338437,10516.904723866728,10548.469727842526,10960.142820287914,10767.678995758333,10351.077121834389,10035.900622012121,10026.212046402788,10026.212046402788
2026-07-13 14:30:00+00:00,10742.162023993169,10500.580584921203,10532.145588897001,10943.564914505774,10751.101089976193,10334.499216052249,10019.32271622998,10009.634140620648,10009.634140620648
2026-07-13 15:30:00+00:00,10741.319471805395,10499.883156750067,10531.448160725866,10943.60553795521,10751.14171342563,10334.539839501685,10019.363339679418,10009.674764070085,10009.674764070085
2026-07-13 16:30:00+00:00,10737.21684773681,10495.715862014104,10527.280865989902,10938.520211259762,10746.05638673018,10329.454512806236,10014.278012983968,10004.589437374636,10004.589437374636
2026-07-13 17:30:00+00:00,10715.681424614626,10474.598801244021,10506.16380521982,10917.004522323576,10724.540697793995,10307.93882387005,9992.762324047782,9983.07374843845,9983.07374843845
2026-07-13 18:30:00+00:00,10692.269206906138,10451.667426745673,10483.232430721473,10893.790211860416,10701.326387330835,10284.72451340689,9969.548013584623,9959.85943797529,9959.85943797529
2026-07-13 19:30:00+00:00,10727.126143761156,10485.742436767683,10517.307440743481,10927.905058279784,10735.441233750204,10318.83935982626,10003.662860003991,9993.974284394659,9993.974284394659
2026-07-13 20:00:00+00:00,10742.60011325914,10500.94657363223,10532.51157760803,10943.57847815888,10751.1146536293,10334.512779705356,10019.336279883088,10009.647704273755,10009.647704273755
2026-07-14 14:30:00+00:00,10719.781168569056,10479.17059245273,10510.735596428529,10924.900461878553,10732.436637348972,10315.834763425028,10000.65826360276,9990.969687993427,9990.969687993427
2026-07-14 15:30:00+00:00,10732.388347033853,10491.730587312606,10523.295591288404,10938.851777332213,10746.387952802632,10329.786078878687,10014.60957905642,10004.921003447087,10004.921003447087
2026-07-14 16:30:00+00:00,10724.784023295742,10484.46708239045,10516.03208636625,10932.576699933454,10740.112875403873,10323.511001479928,10008.33450165766,9998.645926048328,9998.645926048328
2026-07-14 17:30:00+00:00,10729.658388513708,10489.364283778794,10520.929287754592,10938.251645377171,10745.78782084759,10329.185946923646,10014.009447101378,10004.320871492046,10004.320871492046
2026-07-14 18:30:00+00:00,10711.80515095668,10471.657847620936,10503.222851596734,10919.047321167049,10726.583496637468,10309.981622713523,9994.805122891255,9985.116547281923,9985.116547281923
2026-07-14 19:30:00+00:00,10716.262013822074,10475.954405675599,10507.519409651397,10922.997856982161,10730.53403245258,10313.932158528636,9998.755658706368,9989.067083097036,9989.067083097036
2026-07-14 20:00:00+00:00,10738.632338952593,10497.958687672814,10529.523691648612,10945.81944183288,10753.3556173033,10336.753743379355,10021.577243557087,10011.888667947755,10011.888667947755
2026-07-15 14:30:00+00:00,10660.448632622898,10422.112611999271,10453.67761597507,10873.318587323176,10680.854762793595,10264.25288886965,9949.076389047383,9939.38781343805,9939.38781343805
2026-07-15 15:30:00+00:00,10699.497167069105,10460.270900472558,10491.835904448357,10911.435548652727,10718.971724123146,10302.369850199202,9987.193350376934,9977.504774767602,9977.504774767602
2026-07-15 16:30:00+00:00,10651.412096638576,10413.03702951789,10444.602033493687,10862.821699364216,10670.357874834635,10253.756000910691,9938.579501088423,9928.89092547909,9928.89092547909
2026-07-15 17:30:00+00:00,10692.957529210073,10453.781479802565,10485.346483778363,10904.375754739338,10711.911930209757,10295.310056285813,9980.133556463545,9970.444980854212,9970.444980854212
2026-07-15 18:30:00+00:00,10688.982811335612,10449.81789165838,10481.382895634179,10899.952416418211,10707.48859188863,10290.886717964686,9975.710218142418,9966.021642533085,9966.021642533085
2026-07-15 19:30:00+00:00,10693.328000208068,10453.909591557405,10485.474595533204,10903.140546021996,10710.676721492415,10294.07484756847,9978.898347746202,9969.20977213687,9969.20977213687
2026-07-15 20:00:00+00:00,10683.006651235217,10443.811704029215,10475.376708005013,10892.985148385782,10700.521323856201,10283.919449932257,9968.742950109989,9959.054374500656,9959.054374500656
2026-07-16 14:30:00+00:00,10651.985121742888,10413.070202038969,10444.635206014767,10859.812056096524,10667.348231566943,10250.746357642998,9935.56985782073,9925.881282211398,9925.881282211398
2026-07-16 15:30:00+00:00,10643.727534687643,10404.99230855656,10436.557312532359,10851.695552791374,10659.231728261793,10242.629854337849,9927.453354515581,9917.764778906248,9917.764778906248
2026-07-16 16:30:00+00:00,10645.052217276614,10406.170927614756,10437.735931590554,10852.198454827572,10659.734630297991,10243.132756374047,9927.956256551779,9918.267680942447,9918.267680942447
2026-07-16 17:30:00+00:00,10655.081305056838,10415.913533248477,10447.478537224275,10861.595792820775,10669.131968291194,10252.53009436725,9937.353594544982,9927.66501893565,9927.66501893565
2026-07-16 18:30:00+00:00,10658.889689066404,10419.5056758704,10451.070679846198,10864.429929806727,10671.966105277146,10255.364231353202,9940.187731530934,9930.499155921601,9930.499155921601
2026-07-16 19:30:00+00:00,10669.729298791732,10430.205706107901,10461.7707100837,10875.747830035467,10683.284005505886,10266.682131581942,9951.505631759674,9941.817056150341,9941.817056150341
2026-07-16 20:00:00+00:00,10674.17763431217,10434.638040590038,10466.203044565837,10880.674559049572,10688.210734519991,10271.608860596047,9956.432360773779,9946.743785164446,9946.743785164446
2026-07-17 14:30:00+00:00,10681.347594828127,10441.544223458992,10473.10922743479,10887.017402251822,10694.553577722241,10277.951703798297,9962.775203976029,9953.086628366696,9953.086628366696
2026-07-17 15:30:00+00:00,10660.867511673281,10421.384798887231,10452.94980286303,10866.027574480215,10673.563749950634,10256.96187602669,9941.785376204421,9932.096800595089,9932.096800595089
2026-07-17 16:30:00+00:00,10682.71942609575,10442.975697695449,10474.540701671247,10888.981458753922,10696.517634224341,10279.915760300397,9964.739260478129,9955.050684868796,9955.050684868796
2026-07-17 17:30:00+00:00,10668.881874950888,10429.60900839297,10461.17401236877,10876.536780676439,10684.072956146858,10267.471082222914,9952.294582400646,9942.606006791313,9942.606006791313
2026-07-17 18:30:00+00:00,10682.098047924497,10442.447081059632,10474.01208503543,10888.914610408714,10696.450785879133,10279.848911955189,9964.67241213292,9954.983836523588,9954.983836523588
2026-07-17 19:30:00+00:00,10674.009237576412,10434.491254529357,10466.056258505156,10880.668469622982,10688.204645093401,10271.602771169457,9956.426271347189,9946.737695737856,9946.737695737856
2026-07-17 20:00:00+00:00,10658.584953723988,10419.288488565293,10450.853492541091,10864.722627087533,10672.258802557952,10255.656928634007,9940.48042881174,9930.791853202407,9930.791853202407
2026-07-20 14:30:00+00:00,10707.658246183186,10467.1631069809,10498.728110956697,10912.180807943672,10719.716983414091,10303.115109490147,9987.938609667879,9978.250034058547,9978.250034058547
2026-07-20 15:30:00+00:00,10686.496906454802,10446.50623127931,10478.071235255109,10891.676809301318,10699.212984771737,10282.611110847793,9967.434611025525,9957.746035416192,9957.746035416192
2026-07-20 16:30:00+00:00,10678.139478583642,10438.645485498226,10470.210489474024,10885.614384343091,10693.15055981351,10276.548685889566,9961.372186067298,9951.683610457965,9951.683610457965
2026-07-20 17:30:00+00:00,10693.188419864064,10453.53708119492,10485.102085170718,10901.5759658596,10709.112141330019,10292.510267406074,9977.333767583807,9967.645191974474,9967.645191974474
2026-07-20 18:30:00+00:00,10682.431166117489,10442.9543198238,10474.519323799599,10890.592080066373,10698.128255536792,10281.526381612848,9966.34988179058,9956.661306181248,9956.661306181248
2026-07-20 19:30:00+00:00,10659.993648635877,10420.71324107606,10452.278245051859,10866.536528058292,10674.072703528711,10257.470829604767,9942.294329782499,9932.605754173166,9932.605754173166
2026-07-20 20:00:00+00:00,10662.17781741731,10422.875870814854,10454.440874790653,10868.862453522692,10676.39862899311,10259.796755069166,9944.620255246899,9934.931679637566,9934.931679637566
2026-07-21 14:30:00+00:00,10725.48469441724,10485.143025991505,10516.708029967303,10933.451085246115,10740.987260716534,10324.38538679259,10009.208886970322,9999.52031136099,9999.52031136099
2026-07-21 15:30:00+00:00,10747.606334281243,10506.94234179373,10538.507345769529,10956.28978081904,10763.825956289458,10347.224082365514,10032.047582543246,10022.359006933913,10022.359006933913
2026-07-21 16:30:00+00:00,10747.606334281243,10506.94234179373,10538.507345769529,10956.28978081904,10763.825956289458,10347.224082365514,10032.047582543246,10022.359006933913,10022.359006933913
2026-07-21 17:30:00+00:00,10747.606334281243,10506.94234179373,10538.507345769529,10956.28978081904,10763.825956289458,10347.224082365514,10032.047582543246,10022.359006933913,10022.359006933913
2026-07-21 18:30:00+00:00,10747.606334281243,10506.94234179373,10538.507345769529,10956.28978081904,10763.825956289458,10347.224082365514,10032.047582543246,10022.359006933913,10022.359006933913
2026-07-21 19:30:00+00:00,10747.606334281243,10506.94234179373,10538.507345769529,10956.28978081904,10763.825956289458,10347.224082365514,10032.047582543246,10022.359006933913,10022.359006933913
2026-07-21 20:00:00+00:00,10747.606334281243,10506.94234179373,10538.507345769529,10956.28978081904,10763.825956289458,10347.224082365514,10032.047582543246,10022.359006933913,10022.359006933913
2026-07-22 14:30:00+00:00,10747.606334281243,10506.94234179373,10538.507345769529,10956.28978081904,10763.825956289458,10347.224082365514,10032.047582543246,10022.359006933913,10022.359006933913
2026-07-22 15:30:00+00:00,10747.606334281243,10506.94234179373,10538.507345769529,10956.28978081904,10763.825956289458,10347.224082365514,10032.047582543246,10022.359006933913,10022.359006933913
2026-07-22 16:30:00+00:00,10747.606334281243,10506.94234179373,10538.507345769529,10956.28978081904,10763.825956289458,10347.224082365514,10032.047582543246,10022.359006933913,10022.359006933913
2026-07-22 17:30:00+00:00,10747.606334281243,10506.94234179373,10538.507345769529,10956.28978081904,10763.825956289458,10347.224082365514,10032.047582543246,10022.359006933913,10022.359006933913
2026-07-22 18:30:00+00:00,10747.606334281243,10506.94234179373,10538.507345769529,10956.28978081904,10763.825956289458,10347.224082365514,10032.047582543246,10022.359006933913,10022.359006933913
2026-07-22 19:30:00+00:00,10747.606334281243,10506.94234179373,10538.507345769529,10956.28978081904,10763.825956289458,10347.224082365514,10032.047582543246,10022.359006933913,10022.359006933913
2026-07-22 20:00:00+00:00,10747.606334281243,10506.94234179373,10538.507345769529,10956.28978081904,10763.825956289458,10347.224082365514,10032.047582543246,10022.359006933913,10022.359006933913
2026-07-23 14:30:00+00:00,10747.606334281243,10506.94234179373,10538.507345769529,10956.28978081904,10763.825956289458,10347.224082365514,10032.047582543246,10022.359006933913,10022.359006933913
2026-07-23 15:30:00+00:00,10747.606334281243,10506.94234179373,10538.507345769529,10956.28978081904,10763.825956289458,10347.224082365514,10032.047582543246,10022.359006933913,10022.359006933913
2026-07-23 16:30:00+00:00,10743.01971770461,10502.355725217098,10533.920729192896,10956.28978081904,10763.825956289458,10347.224082365514,10032.047582543246,10022.359006933913,10022.359006933913
2026-07-23 17:30:00+00:00,10751.196934927644,10510.532942440132,10542.09794641593,10956.28978081904,10763.825956289458,10347.224082365514,10032.047582543246,10022.359006933913,10022.359006933913
2026-07-23 18:30:00+00:00,10754.171720249928,10513.507727762415,10545.072731738213,10956.28978081904,10763.825956289458,10347.224082365514,10032.047582543246,10022.359006933913,10022.359006933913
2026-07-23 19:30:00+00:00,10788.86706439195,10548.203071904438,10579.768075880236,10956.28978081904,10763.825956289458,10347.224082365514,10032.047582543246,10022.359006933913,10022.359006933913
2026-07-23 20:00:00+00:00,10786.124395625293,10545.46040313778,10577.025407113579,10956.28978081904,10763.825956289458,10347.224082365514,10032.047582543246,10022.359006933913,10022.359006933913
2026-07-24 14:30:00+00:00,10742.347156228036,10501.683163740523,10533.248167716321,10956.28978081904,10763.825956289458,10347.224082365514,10032.047582543246,10022.359006933913,10022.359006933913
2026-07-24 15:30:00+00:00,10740.680290486898,10500.016297999386,10531.581301975184,10956.28978081904,10763.825956289458,10347.224082365514,10032.047582543246,10022.359006933913,10022.359006933913
2026-07-24 16:30:00+00:00,10750.919102292797,10510.255109805285,10541.820113781083,10956.28978081904,10763.825956289458,10347.224082365514,10032.047582543246,10022.359006933913,10022.359006933913
2026-07-24 17:30:00+00:00,10753.019779893226,10512.355787405713,10543.920791381512,10956.28978081904,10763.825956289458,10347.224082365514,10032.047582543246,10022.359006933913,10022.359006933913
2026-07-24 18:30:00+00:00,10740.581889525,10499.917897037487,10531.482901013285,10956.28978081904,10763.825956289458,10347.224082365514,10032.047582543246,10022.359006933913,10022.359006933913
2026-07-24 19:30:00+00:00,10721.556935866998,10480.892943379486,10512.457947355284,10956.28978081904,10763.825956289458,10347.224082365514,10032.047582543246,10022.359006933913,10022.359006933913
2026-07-24 20:00:00+00:00,10723.472437678172,10482.80844519066,10514.373449166458,10953.031287215159,10760.567462685578,10347.224082365514,10032.047582543246,10022.359006933913,10022.359006933913
2026-07-27 14:30:00+00:00,10766.8749892723,10526.210996784788,10557.776000760587,10999.063884274989,10806.600059745408,10347.224082365514,10032.047582543246,10022.359006933913,10022.359006933913
2026-07-27 15:30:00+00:00,10760.570879810448,10519.906887322935,10551.471891298734,10992.221270751466,10799.757446221885,10347.224082365514,10032.047582543246,10022.359006933913,10022.359006933913
2026-07-27 16:30:00+00:00,10765.278715598015,10524.614723110502,10556.1797270863,10997.060874782852,10804.597050253271,10347.224082365514,10032.047582543246,10022.359006933913,10022.359006933913
2026-07-27 17:30:00+00:00,10762.184723507104,10521.520731019591,10553.08573499539,10993.987130626288,10801.523306096708,10347.224082365514,10032.047582543246,10022.359006933913,10022.359006933913
2026-07-27 18:30:00+00:00,10768.509553136337,10527.845560648824,10559.410564624623,11000.49514687034,10808.03132234076,10347.224082365514,10032.047582543246,10022.359006933913,10022.359006933913
2026-07-27 19:30:00+00:00,10775.10359557772,10534.439603090208,10566.004607066006,11007.649634440213,10815.185809910632,10347.224082365514,10032.047582543246,10022.359006933913,10022.359006933913
2026-07-27 20:00:00+00:00,10747.625191256797,10506.961198769284,10538.526202745083,10978.498589852097,10786.034765322516,10347.224082365514,10032.047582543246,10022.359006933913,10022.359006933913
2026-07-28 14:30:00+00:00,10756.789152756797,10516.125160269285,10547.690164245083,10987.041149686465,10794.577325156884,10347.224082365514,10032.047582543246,10022.359006933913,10022.359006933913
2026-07-28 15:30:00+00:00,10753.647772185697,10512.983779698185,10544.548783673983,10984.158638377648,10791.694813848067,10347.224082365514,10032.047582543246,10022.359006933913,10022.359006933913
2026-07-28 16:30:00+00:00,10730.121265281048,10489.457272793536,10521.022276769334,10959.310533722286,10766.846709192705,10347.224082365514,10032.047582543246,10022.359006933913,10022.359006933913
2026-07-28 17:30:00+00:00,10768.827168261994,10528.163175774482,10559.72817975028,11000.134244928964,10807.670420399383,10347.224082365514,10032.047582543246,10022.359006933913,10022.359006933913
2026-07-28 18:30:00+00:00,10746.575194757337,10505.911202269825,10537.476206245623,10976.43590564106,10783.972081111478,10347.224082365514,10032.047582543246,10022.359006933913,10022.359006933913
2026-07-28 19:30:00+00:00,10761.76970718917,10521.105714701658,10552.670718677457,10992.752898530205,10800.289074000624,10347.224082365514,10032.047582543246,10022.359006933913,10022.359006933913
2026-07-28 20:00:00+00:00,10762.32618533818,10521.662192850667,10553.227196826465,10993.297840884947,10800.834016355366,10347.224082365514,10032.047582543246,10022.359006933913,10022.359006933913
2026-07-29 14:30:00+00:00,10762.235519111795,10521.571526624282,10553.13653060008,10992.849821181044,10800.385996651463,10347.224082365514,10032.047582543246,10022.359006933913,10022.359006933913
2026-07-29 15:30:00+00:00,10754.044413004487,10513.380420516974,10544.945424492773,10984.14239926791,10791.67857473833,10347.224082365514,10032.047582543246,10022.359006933913,10022.359006933913
2026-07-29 16:30:00+00:00,10739.35579594364,10498.691803456128,10530.256807431926,10968.698298777088,10776.234474247507,10347.224082365514,10032.047582543246,10022.359006933913,10022.359006933913
2026-07-29 17:30:00+00:00,10754.26013605804,10513.596143570527,10545.161147546325,10984.457239566053,10791.993415036472,10347.224082365514,10032.047582543246,10022.359006933913,10022.359006933913
2026-07-29 18:30:00+00:00,10743.482633257647,10502.818640770134,10534.383644745933,10973.077444569682,10780.613620040102,10347.224082365514,10032.047582543246,10022.359006933913,10022.359006933913
2026-07-29 19:30:00+00:00,10756.610659445309,10515.946666957796,10547.511670933594,10986.818691391116,10794.354866861535,10347.224082365514,10032.047582543246,10022.359006933913,10022.359006933913
2026-07-29 20:00:00+00:00,10762.686889956576,10522.022897469064,10553.587901444862,10993.125028992283,10800.661204462702,10347.224082365514,10032.047582543246,10022.359006933913,10022.359006933913
2026-07-30 14:30:00+00:00,10787.452163021093,10546.78817053358,10578.353174509379,11020.056853859203,10827.593029329622,10347.224082365514,10032.047582543246,10022.359006933913,10022.359006933913
2026-07-30 15:30:00+00:00,10786.552805531777,10545.888813044266,10577.453817020065,11019.143407822754,10826.679583293173,10347.224082365514,10032.047582543246,10022.359006933913,10022.359006933913
2026-07-30 16:30:00+00:00,10786.552805531777,10545.888813044266,10577.453817020065,11019.143407822754,10826.679583293173,10347.224082365514,10032.047582543246,10022.359006933913,10022.359006933913
2026-07-30 17:30:00+00:00,10786.552805531777,10545.888813044266,10577.453817020065,11019.143407822754,10826.679583293173,10347.224082365514,10032.047582543246,10022.359006933913,10022.359006933913
2026-07-30 18:30:00+00:00,10772.146319181238,10545.888813044266,10577.453817020065,11019.143407822754,10826.679583293173,10347.224082365514,10032.047582543246,10022.359006933913,10022.359006933913
2026-07-30 19:30:00+00:00,10770.28844551701,10545.888813044266,10577.453817020065,11019.143407822754,10826.679583293173,10347.224082365514,10032.047582543246,10022.359006933913,10022.359006933913
2026-07-30 20:00:00+00:00,10793.722319611234,10545.888813044266,10577.453817020065,11019.143407822754,10826.679583293173,10347.224082365514,10032.047582543246,10022.359006933913,10022.359006933913
2026-07-31 14:30:00+00:00,10818.729678923513,10545.888813044266,10577.453817020065,11019.143407822754,10826.679583293173,10347.224082365514,10032.047582543246,10022.359006933913,10022.359006933913
2026-07-31 15:30:00+00:00,10814.93816932918,10545.888813044266,10577.453817020065,11019.143407822754,10826.679583293173,10347.224082365514,10032.047582543246,10022.359006933913,10022.359006933913
2026-07-31 16:30:00+00:00,10814.93816932918,10545.888813044266,10577.453817020065,11019.143407822754,10826.679583293173,10347.224082365514,10032.047582543246,10022.359006933913,10022.359006933913
2026-07-31 17:30:00+00:00,10814.93816932918,10545.888813044266,10577.453817020065,11019.143407822754,10826.679583293173,10347.224082365514,10032.047582543246,10022.359006933913,10022.359006933913
2026-07-31 18:30:00+00:00,10814.93816932918,10545.888813044266,10577.453817020065,11019.143407822754,10826.679583293173,10347.224082365514,10032.047582543246,10022.359006933913,10022.359006933913
2026-07-31 19:30:00+00:00,10814.93816932918,10545.888813044266,10577.453817020065,11019.143407822754,10826.679583293173,10347.224082365514,10032.047582543246,10022.359006933913,10022.359006933913
2026-07-31 20:00:00+00:00,10814.93816932918,10545.888813044266,10577.453817020065,11019.143407822754,10826.679583293173,10347.224082365514,10032.047582543246,10022.359006933913,10022.359006933913
2026-08-03 14:30:00+00:00,10814.93816932918,10545.888813044266,10577.453817020065,11019.143407822754,10826.679583293173,10347.224082365514,10032.047582543246,10022.359006933913,10022.359006933913
2026-08-03 15:30:00+00:00,10814.93816932918,10545.888813044266,10577.453817020065,11019.143407822754,10826.679583293173,10347.224082365514,10032.047582543246,10022.359006933913,10022.359006933913
2026-08-03 16:30:00+00:00,10814.93816932918,10545.888813044266,10577.453817020065,11019.143407822754,10826.679583293173,10347.224082365514,10032.047582543246,10022.359006933913,10022.359006933913
2026-08-03 17:30:00+00:00,10814.93816932918,10545.888813044266,10577.453817020065,11019.143407822754,10826.679583293173,10347.224082365514,10032.047582543246,10022.359006933913,10022.359006933913
2026-08-03 18:30:00+00:00,10814.93816932918,10545.888813044266,10577.453817020065,11019.143407822754,10826.679583293173,10347.224082365514,10032.047582543246,10022.359006933913,10022.359006933913
2026-08-03 19:30:00+00:00,10814.93816932918,10545.888813044266,10577.453817020065,11019.143407822754,10826.679583293173,10347.224082365514,10032.047582543246,10022.359006933913,10022.359006933913
2026-08-03 20:00:00+00:00,10814.93816932918,10545.888813044266,10577.453817020065,11019.143407822754,10826.679583293173,10347.224082365514,10032.047582543246,10022.359006933913,10022.359006933913
2026-08-04 14:30:00+00:00,10814.93816932918,10545.888813044266,10577.453817020065,11019.143407822754,10826.679583293173,10347.224082365514,10032.047582543246,10022.359006933913,10022.359006933913
2026-08-04 15:30:00+00:00,10801.080885318046,10545.888813044266,10577.453817020065,11019.143407822754,10826.679583293173,10347.224082365514,10032.047582543246,10022.359006933913,10022.359006933913
2026-08-04 16:30:00+00:00,10805.569832845733,10547.869771396334,10579.434775372132,11019.143407822754,10826.679583293173,10347.224082365514,10032.047582543246,10022.359006933913,10022.359006933913
2026-08-04 17:30:00+00:00,10792.536273049624,10535.161628224234,10566.726632200032,11019.143407822754,10826.679583293173,10347.224082365514,10032.047582543246,10022.359006933913,10022.359006933913
2026-08-04 18:30:00+00:00,10799.81462217099,10542.41968836435,10573.98469234015,11024.879806901812,10832.415982372231,10347.224082365514,10032.047582543246,10022.359006933913,10022.359006933913
2026-08-04 19:30:00+00:00,10806.72591534181,10549.249210218133,10580.814214193932,11031.554483296157,10839.090658766576,10347.224082365514,10032.047582543246,10022.359006933913,10022.359006933913
2026-08-04 20:00:00+00:00,10811.068020591767,10553.564048562304,10585.129052538103,11035.790319797161,10843.32649526758,10347.224082365514,10032.047582543246,10022.359006933913,10022.359006933913
2026-08-05 14:30:00+00:00,10805.776032059883,10548.605832488474,10580.170836464273,11031.150700662347,10838.686876132766,10347.224082365514,10032.047582543246,10022.359006933913,10022.359006933913
2026-08-05 15:30:00+00:00,10831.379580904439,10573.815912856626,10605.380916832424,11055.72002016488,10863.256195635298,10347.224082365514,10032.047582543246,10022.359006933913,10022.359006933913
2026-08-05 16:30:00+00:00,10825.995660412145,10568.558232188103,10600.123236163901,11050.629851204747,10858.166026675166,10347.224082365514,10032.047582543246,10022.359006933913,10022.359006933913
2026-08-05 17:30:00+00:00,10810.801084113498,10553.61326254126,10585.178266517058,11036.076852775963,10843.613028246382,10347.224082365514,10032.047582543246,10022.359006933913,10022.359006933913
2026-08-05 18:30:00+00:00,10787.339250508896,10530.475807022098,10562.040810997896,11013.498600843875,10821.034776314295,10347.224082365514,10032.047582543246,10022.359006933913,10022.359006933913
2026-08-05 19:30:00+00:00,10772.464336781035,10515.811592676591,10547.37659665239,10999.19283923754,10806.729014707958,10347.224082365514,10032.047582543246,10022.359006933913,10022.359006933913
2026-08-05 20:00:00+00:00,10770.90506549232,10514.27584727481,10545.840851250608,10997.695774021473,10805.231949491892,10341.796416512481,10026.619916690213,10022.359006933913,10022.359006933913
2026-08-06 14:30:00+00:00,10783.84630026926,10526.437880239535,10558.002884215333,11009.095360570642,10816.63153604106,10351.931025561293,10036.754525739025,10022.359006933913,10022.359006933913
2026-08-06 15:30:00+00:00,10786.86323173971,10529.493329574489,10561.058333550287,11012.139184081627,10819.675359552046,10354.938422614845,10039.761922792577,10022.359006933913,10022.359006933913
2026-08-06 16:30:00+00:00,10803.856066787885,10546.137179008101,10577.7021829839,11028.292242794963,10835.828418265382,10370.225789512577,10055.049289690309,10022.359006933913,10022.359006933913
2026-08-06 17:30:00+00:00,10795.6838841902,10538.173211578496,10569.738215554295,11020.594469202595,10828.130644673014,10362.991116470914,10047.814616648646,10022.359006933913,10022.359006933913
2026-08-06 18:30:00+00:00,10796.252522806708,10538.746941654827,10570.311945630625,11021.164194071664,10828.700369542083,10363.551159893239,10048.374660070971,10022.359006933913,10022.359006933913
2026-08-06 19:30:00+00:00,10779.77452897013,10522.450237924135,10554.015241899933,11005.225404830222,10812.761580300641,10348.2677527528,10033.091252930531,10022.359006933913,10022.359006933913
2026-08-06 20:00:00+00:00,10805.667593107417,10547.901181327512,10579.46618530331,11029.995588082335,10837.531763552754,10371.823709102324,10056.647209280056,10022.359006933913,10022.359006933913
2026-08-07 14:30:00+00:00,10772.77948187692,10515.917387968873,10547.482391944672,10999.130065427835,10806.666240898254,10342.894685273895,10027.718185451628,10022.359006933913,10022.359006933913
2026-08-07 15:30:00+00:00,10824.733553104104,10567.004074005788,10598.569077981587,11048.865521406218,10856.401696876637,10390.216808069685,10075.040308247417,10022.359006933913,10022.359006933913
2026-08-07 16:30:00+00:00,10830.808857041304,10573.042914626247,10604.607918602045,11054.794804116933,10862.330979587352,10395.939432508681,10080.762932686413,10022.359006933913,10022.359006933913
2026-08-07 17:30:00+00:00,10821.296823871446,10563.656669259875,10595.221673235674,11045.630975767723,10853.167151238142,10387.17850069056,10072.002000868291,10022.359006933913,10022.359006933913
2026-08-07 18:30:00+00:00,10811.204693516345,10553.740942025153,10585.305946000952,11035.98349289326,10843.519668363679,10378.008694741071,10062.832194918803,10022.359006933913,10022.359006933913
2026-08-07 19:30:00+00:00,10817.001778414698,10559.507253178199,10591.072257153997,11041.648376367615,10849.184551838034,10383.481120881273,10068.304621059006,10022.359006933913,10022.359006933913
2026-08-07 20:00:00+00:00,10816.011341212312,10558.49941039809,10590.064414373888,11040.640759225253,10848.176934695672,10382.47970253447,10067.303202712203,10022.359006933913,10022.359006933913
2026-08-10 14:30:00+00:00,10800.830307543922,10543.356754667919,10574.921758643717,11025.720852527698,10833.257027998117,10367.992925478611,10052.816425656343,10022.359006933913,10022.359006933913
2026-08-10 15:30:00+00:00,10804.596509279323,10546.961964794467,10578.526968770266,11029.153992550435,10836.690168020854,10371.136014963726,10055.959515141458,10022.359006933913,10022.359006933913
2026-08-10 16:30:00+00:00,10803.908053086812,10546.278601132992,10577.84360510879,11028.483439397203,10836.019614867622,10370.48957934739,10055.313079525122,10022.359006933913,10022.359006933913
2026-08-10 17:30:00+00:00,10817.083869081613,10559.136694985393,10590.701698961191,11040.925606557068,10848.461782027487,10382.205388155322,10067.028888333054,10022.359006933913,10022.359006933913
2026-08-10 18:30:00+00:00,10814.966721396107,10557.114681295043,10588.679685270841,11039.00356265255,10846.539738122969,10380.45133043311,10065.274830610842,10022.359006933913,10022.359006933913
2026-08-10 19:30:00+00:00,10793.838664470211,10536.38267261263,10567.947676588428,11018.853246595816,10826.389422066235,10361.332562084855,10046.156062262588,10022.359006933913,10022.359006933913
2026-08-10 20:00:00+00:00,10803.346609585029,10545.68645642398,10577.251460399779,11027.875653789923,10835.411829260342,10369.860164593454,10054.683664771186,10022.359006933913,10022.359006933913
2026-08-11 14:30:00+00:00,10782.49688577216,10524.76698691487,10556.331990890669,11007.181965267444,10814.718140737863,10349.640944770643,10034.464444948375,10022.359006933913,10022.359006933913
2026-08-11 15:30:00+00:00,10770.182417712716,10512.500791125769,10544.065795101567,10995.1176325328,10802.653808003219,10337.964352032124,10022.787852209856,10022.359006933913,10022.359006933913
2026-08-11 16:30:00+00:00,10756.53644755572,10498.938812771132,10530.50381674693,10981.802323835933,10789.338499306352,10325.114417283292,10009.937917461024,10022.359006933913,10022.359006933913
2026-08-11 17:30:00+00:00,10757.61810183945,10500.120273924842,10531.68527790064,10983.044102833916,10790.580278304335,10326.443445586174,10011.266945763906,10022.359006933913,10022.359006933913
2026-08-11 18:30:00+00:00,10741.19022337311,10483.939100491016,10515.504104466814,10967.269375575306,10774.805551045725,10311.399243967428,9996.22274414516,10022.359006933913,10022.359006933913
2026-08-11 19:30:00+00:00,10755.679064814254,10498.205412026502,10529.7704160023,10981.17326576102,10788.709441231438,10324.652505692557,10009.476005870289,10022.359006933913,10022.359006933913
2026-08-11 20:00:00+00:00,10760.871926282545,10503.402154680502,10534.9671586563,10986.302760653885,10793.838936124304,10329.646440995331,10014.469941173063,10022.359006933913,10022.359006933913
2026-08-12 14:30:00+00:00,10775.71432217156,10518.245606885534,10549.810610861332,11000.943730443902,10808.47990591432,10343.882913111453,10028.706413289185,10022.359006933913,10022.359006933913
2026-08-12 15:30:00+00:00,10768.857762935126,10511.45690943242,10543.021913408218,10994.29856071945,10801.834736189869,10337.50161676396,10022.325116941693,10022.359006933913,10022.359006933913
2026-08-12 16:30:00+00:00,10761.463823253256,10504.175781843634,10535.740785819433,10987.201564078518,10794.737739548937,10330.735295458187,10015.55879563592,10022.359006933913,10022.359006933913
2026-08-12 17:30:00+00:00,10782.477169843705,10525.06955597636,10556.63455995216,11007.722571625018,10815.258747095437,10350.550379993814,10035.373880171546,10022.359006933913,10022.359006933913
2026-08-12 18:30:00+00:00,10808.652720872895,10550.869191333304,10582.434195309103,11032.887294670909,10840.423470141328,10374.570493536898,10059.39399371463,10022.359006933913,10022.359006933913
2026-08-12 19:30:00+00:00,10788.09237623604,10530.621927311706,10562.186931287504,11013.152051564379,10820.688227034796,10355.754917355152,10040.578417532884,10022.359006933913,10022.359006933913
2026-08-12 20:00:00+00:00,10788.09237623604,10530.621927311706,10562.186931287504,11013.152051564379,10820.688227034796,10355.754917355152,10040.578417532884,10022.359006933913,10022.359006933913
2026-08-13 14:30:00+00:00,10788.09237623604,10530.621927311706,10562.186931287504,11013.152051564379,10820.688227034796,10355.754917355152,10040.578417532884,10022.359006933913,10022.359006933913
2026-08-13 15:30:00+00:00,10788.09237623604,10530.621927311706,10562.186931287504,11013.152051564379,10820.688227034796,10355.754917355152,10040.578417532884,10022.359006933913,10022.359006933913
2026-08-13 16:30:00+00:00,10795.719566193457,10538.249117269123,10569.81412124492,11020.779241521795,10820.688227034796,10355.754917355152,10040.578417532884,10022.359006933913,10022.359006933913
2026-08-13 17:30:00+00:00,10790.842542664179,10533.372093739845,10564.937097715643,11015.902217992518,10820.688227034796,10355.754917355152,10040.578417532884,10022.359006933913,10022.359006933913
2026-08-13 18:30:00+00:00,10814.33402893089,10556.863580006557,10588.428583982355,11039.39370425923,10820.688227034796,10355.754917355152,10040.578417532884,10022.359006933913,10022.359006933913
2026-08-13 19:30:00+00:00,10795.23797114695,10537.767522222615,10569.332526198414,11020.297646475288,10820.688227034796,10355.754917355152,10040.578417532884,10022.359006933913,10022.359006933913
2026-08-13 20:00:00+00:00,10810.821102766404,10553.35065384207,10584.915657817868,11035.880778094743,10820.688227034796,10355.754917355152,10040.578417532884,10022.359006933913,10022.359006933913
2026-08-14 14:30:00+00:00,10789.073139615857,10531.602690691523,10563.167694667321,11014.132814944196,10820.688227034796,10355.754917355152,10040.578417532884,10022.359006933913,10022.359006933913
2026-08-14 15:30:00+00:00,10800.178024796865,10542.707575872531,10574.27257984833,11025.237700125204,10820.688227034796,10355.754917355152,10040.578417532884,10022.359006933913,10022.359006933913
2026-08-14 16:30:00+00:00,10812.012109732712,10554.541660808378,10586.106664784176,11037.07178506105,10820.688227034796,10355.754917355152,10040.578417532884,10022.359006933913,10022.359006933913
2026-08-14 17:30:00+00:00,10801.340886782596,10543.870437858262,10575.43544183406,11026.400562110935,10820.688227034796,10355.754917355152,10040.578417532884,10022.359006933913,10022.359006933913
2026-08-14 18:30:00+00:00,10806.889422907881,10549.418973983547,10580.983977959346,11031.94909823622,10820.688227034796,10355.754917355152,10040.578417532884,10022.359006933913,10022.359006933913
2026-08-14 19:30:00+00:00,10800.041264766567,10542.570815842233,10574.135819818031,11025.100940094906,10820.688227034796,10355.754917355152,10040.578417532884,10022.359006933913,10022.359006933913
2026-08-14 20:00:00+00:00,10791.885878145993,10534.415429221659,10565.980433197457,11016.945553474332,10820.688227034796,10355.754917355152,10040.578417532884,10022.359006933913,10022.359006933913
2026-08-17 14:30:00+00:00,10815.82336899582,10558.352920071486,10589.917924047284,11040.883044324159,10820.688227034796,10355.754917355152,10040.578417532884,10022.359006933913,10022.359006933913
2026-08-17 15:30:00+00:00,10865.371381416819,10607.900932492485,10639.465936468283,11090.431056745158,10820.688227034796,10355.754917355152,10040.578417532884,10022.359006933913,10022.359006933913
2026-08-17 16:30:00+00:00,10849.042613174446,10591.572164250112,10623.13716822591,11074.102288502785,10820.688227034796,10355.754917355152,10040.578417532884,10022.359006933913,10022.359006933913
2026-08-17 17:30:00+00:00,10849.042613174446,10591.572164250112,10623.13716822591,11074.102288502785,10820.688227034796,10355.754917355152,10040.578417532884,10022.359006933913,10022.359006933913
2026-08-17 18:30:00+00:00,10849.042613174446,10591.572164250112,10623.13716822591,11074.102288502785,10820.688227034796,10355.754917355152,10040.578417532884,10022.359006933913,10022.359006933913
2026-08-17 19:30:00+00:00,10849.042613174446,10591.572164250112,10623.13716822591,11074.102288502785,10820.688227034796,10355.754917355152,10040.578417532884,10022.359006933913,10022.359006933913
2026-08-17 20:00:00+00:00,10849.042613174446,10591.572164250112,10623.13716822591,11074.102288502785,10820.688227034796,10355.754917355152,10040.578417532884,10022.359006933913,10022.359006933913
2026-08-18 14:30:00+00:00,10849.042613174446,10591.572164250112,10623.13716822591,11074.102288502785,10820.688227034796,10355.754917355152,10040.578417532884,10022.359006933913,10022.359006933913
2026-08-18 15:30:00+00:00,10864.700528130174,10607.23007920584,10638.795083181638,11089.760203458512,10836.346141990525,10371.41283231088,10056.236332488612,10038.01692188964,10038.01692188964
2026-08-18 16:30:00+00:00,10806.048292933556,10548.577844009222,10580.14284798502,11031.107968261895,10777.693906793907,10312.760597114262,9997.584097291994,9979.364686693023,9979.364686693023
2026-08-18 17:30:00+00:00,10811.540887603443,10554.07043867911,10585.635442654908,11036.600562931782,10783.186501463795,10318.25319178415,10003.076691961882,9984.85728136291,9984.85728136291
2026-08-18 18:30:00+00:00,10797.783003538409,10540.312554614075,10571.877558589873,11022.842678866748,10769.42861739876,10304.495307719115,9989.318807896847,9971.099397297876,9971.099397297876
2026-08-18 19:30:00+00:00,10817.078073318358,10559.607624394024,10591.172628369823,11042.137748646697,10788.72368717871,10323.790377499065,10008.613877676797,9990.394467077826,9990.394467077826
2026-08-18 20:00:00+00:00,10831.31371235282,10573.843263428485,10605.408267404284,11056.373387681158,10802.959326213171,10338.026016533526,10022.849516711258,10004.630106112287,10004.630106112287
2026-08-19 14:30:00+00:00,10694.29856895199,10436.828120027656,10468.393124003454,10919.358244280329,10665.944182812342,10201.010873132696,9885.834373310428,9867.614962711457,9867.614962711457
2026-08-19 15:30:00+00:00,10658.20931145095,10400.738862526616,10432.303866502414,10883.268986779289,10629.854925311301,10164.921615631656,9849.745115809388,9831.525705210417,9831.525705210417
2026-08-19 16:30:00+00:00,10611.164956309582,10353.694507385248,10385.259511361046,10836.22463163792,10582.810570169933,10117.877260490288,9802.70076066802,9784.481350069049,9784.481350069049
2026-08-19 17:30:00+00:00,10609.162649031965,10351.692200107631,10383.25720408343,10834.222324360304,10580.808262892317,10115.874953212671,9800.698453390403,9782.479042791432,9782.479042791432
2026-08-19 18:30:00+00:00,10562.599110598892,10305.128661674558,10336.693665650357,10787.658785927231,10534.244724459244,10069.311414779599,9754.13491495733,9735.91550435836,9735.91550435836
2026-08-19 19:30:00+00:00,10467.459245690245,10209.98879676591,10241.553800741709,10692.518921018584,10439.104859550596,9974.171549870951,9658.995050048683,9640.775639449712,9640.775639449712
2026-08-19 20:00:00+00:00,10570.8503649138,10313.379915989466,10344.944919965264,10795.910040242139,10542.495978774152,10077.562669094506,9762.386169272238,9744.166758673267,9744.166758673267
2026-08-20 14:30:00+00:00,10461.30710745767,10203.836658533335,10235.401662509134,10686.366782786008,10432.95272131802,9968.019411638375,9652.842911816108,9634.623501217136,9634.623501217136
2026-08-20 15:30:00+00:00,10426.31391420664,10168.843465282305,10200.408469258104,10651.373589534978,10397.959528066991,9933.026218387346,9617.849718565078,9599.630307966107,9599.630307966107
2026-08-20 16:30:00+00:00,10476.9519965846,10219.481547660265,10251.046551636064,10702.011671912938,10448.597610444951,9983.664300765306,9668.487800943038,9650.268390344067,9650.268390344067
2026-08-20 17:30:00+00:00,10438.898456015135,10181.4280070908,10212.9930110666,10663.958131343474,10410.544069875486,9945.610760195841,9630.434260373573,9612.214849774602,9612.214849774602
2026-08-20 18:30:00+00:00,10529.11704062192,10271.646591697587,10303.211595673383,10754.17671595026,10500.76265448227,10035.829344802627,9720.652844980359,9702.433434381386,9702.433434381386
2026-08-20 19:30:00+00:00,10511.05155848581,10253.581109561475,10285.146113537274,10736.111233814148,10482.697172346161,10017.763862666516,9702.587362844248,9684.367952245277,9684.367952245277
2026-08-20 20:00:00+00:00,10461.6063515002,10204.135902575867,10235.700906551665,10686.66602682854,10433.251965360552,9968.318655680907,9653.142155858639,9634.922745259668,9634.922745259668
2026-08-21 14:30:00+00:00,10448.988667187095,10191.518218262761,10223.08322223856,10674.048342515434,10420.634281047447,9955.700971367802,9640.524471545534,9622.305060946563,9622.305060946563
2026-08-21 15:30:00+00:00,10519.85403545312,10262.383586528786,10293.948590504584,10744.913710781459,10491.499649313471,10026.566339633826,9711.389839811558,9693.170429212587,9693.170429212587
2026-08-21 16:30:00+00:00,10529.575999145509,10272.105550221175,10303.670554196973,10754.635674473848,10501.22161300586,10036.288303326215,9721.111803503947,9702.892392904976,9702.892392904976
2026-08-21 17:30:00+00:00,10483.439141137724,10225.96869221339,10257.533696189188,10708.498816466063,10455.084754998075,9990.15144531843,9674.974945496162,9656.755534897191,9656.755534897191
2026-08-21 18:30:00+00:00,10455.768084079173,10198.297635154839,10229.862639130637,10680.827759407512,10427.413697939524,9962.480388259879,9647.303888437611,9629.08447783864,9629.08447783864
2026-08-21 19:30:00+00:00,10410.584702597409,10153.114253673075,10184.679257648873,10635.644377925748,10382.23031645776,9917.297006778115,9602.120506955847,9583.901096356876,9583.901096356876
2026-08-21 20:00:00+00:00,10384.80833696576,10127.337888041426,10158.902892017224,10609.868012294099,10356.453950826111,9891.520641146466,9576.344141324198,9558.124730725227,9558.124730725227
2026-08-24 14:30:00+00:00,10023.17868389872,9765.708234974385,9797.273238950183,10248.238359227058,9994.82429775907,9529.890988079425,9214.714488257157,9196.495077658186,9196.495077658186
2026-08-24 15:30:00+00:00,10325.215313169572,10067.744864245238,10099.309868221037,10550.274988497911,10296.860927029924,9831.927617350279,9516.75111752801,9498.53170692904,9498.53170692904
2026-08-24 16:30:00+00:00,10411.677616022458,10154.207167098124,10185.772171073922,10636.737291350797,10383.32322988281,9918.389920203164,9603.213420380896,9584.994009781925,9584.994009781925
2026-08-24 17:30:00+00:00,10455.215344233233,10197.744895308899,10229.309899284697,10680.275019561572,10426.860958093584,9961.92764841394,9646.751148591671,9628.5317379927,9628.5317379927
2026-08-24 18:30:00+00:00,10412.472069008236,10155.001620083902,10186.5666240597,10637.531744336575,10384.117682868588,9919.184373188942,9604.007873366674,9585.788462767703,9585.788462767703
2026-08-24 19:30:00+00:00,10389.263050779726,10131.792601855392,10163.35760583119,10614.322726108065,10360.908664640077,9895.975354960432,9580.798855138164,9562.579444539193,9562.579444539193
2026-08-24 20:00:00+00:00,10307.510292624927,10050.039843700593,10081.604847676392,10532.569967953266,10279.155906485279,9814.222596805634,9499.046096983366,9480.826686384395,9480.826686384395
2026-08-25 14:30:00+00:00,10221.265839710895,9963.795390786561,9995.36039476236,10446.325515039234,10192.911453571247,9727.978143891602,9412.801644069334,9394.582233470363,9394.582233470363
2026-08-25 15:30:00+00:00,10302.625254110513,10045.15480518618,10076.719809161978,10527.684929438852,10274.270867970865,9809.33755829122,9494.161058468952,9475.94164786998,9475.94164786998
2026-08-25 16:30:00+00:00,10256.113962683801,9998.643513759467,10030.208517735266,10481.17363801214,10227.759576544153,9762.826266864507,9447.64976704224,9429.430356443268,9429.430356443268
2026-08-25 17:30:00+00:00,10254.397668871045,9996.92721994671,10028.492223922509,10479.457344199383,10226.043282731396,9761.10997305175,9445.933473229483,9427.714062630512,9427.714062630512
2026-08-25 18:30:00+00:00,10307.916350814749,10050.445901890414,10082.010905866213,10532.976026143087,10279.5619646751,9814.628654995455,9499.452155173187,9481.232744574216,9481.232744574216
2026-08-25 19:30:00+00:00,10271.85576609211,10014.385317167777,10045.950321143575,10496.91544142045,10243.501379952462,9778.568070272817,9463.391570450549,9445.172159851578,9445.172159851578
2026-08-25 20:00:00+00:00,10296.982606120342,10039.512157196008,10071.077161171806,10522.042281448681,10268.628219980694,9803.694910301048,9488.51841047878,9470.29899987981,9470.29899987981
2026-08-26 14:30:00+00:00,10302.383290578911,10044.912841654577,10076.477845630376,10527.44296590725,10274.028904439263,9809.095594759618,9493.91909493735,9475.699684338379,9475.699684338379
2026-08-26 15:30:00+00:00,10146.782514425533,9889.312065501199,9920.877069476997,10371.842189753872,10118.428128285885,9653.49481860624,9338.318318783971,9320.098908185,9320.098908185
2026-08-26 16:30:00+00:00,10119.805644618915,9862.33519569458,9893.90019967038,10344.865319947254,10091.451258479266,9626.517948799621,9311.341448977353,9293.122038378382,9293.122038378382
2026-08-26 17:30:00+00:00,10231.71318242518,9974.242733500845,10005.807737476644,10456.772857753518,10203.35879628553,9738.425486605885,9423.248986783618,9405.029576184646,9405.029576184646
2026-08-26 18:30:00+00:00,10233.842435888102,9976.371986963768,10007.936990939565,10458.902111216441,10205.488049748452,9740.554740068808,9425.37824024654,9407.158829647567,9407.158829647567
2026-08-26 19:30:00+00:00,10279.560791090793,10022.090342166459,10053.655346142257,10504.620466419132,10251.206404951145,9786.2730952715,9471.096595449231,9452.87718485026,9452.87718485026
2026-08-26 20:00:00+00:00,10292.12623341535,10034.655784491017,10066.220788466815,10517.18590874369,10263.771847275702,9798.838537596057,9483.662037773789,9465.442627174818,9465.442627174818
2026-08-27 14:30:00+00:00,9879.697517580742,9622.227068656408,9653.792072632208,10104.757192909081,9851.343131441095,9386.409821761448,9071.23332193918,9053.013911340211,9053.013911340211
2026-08-27 15:30:00+00:00,9841.01828233352,9583.547833409186,9615.112837384984,10066.077957661859,9812.663896193872,9347.730586514226,9032.554086691958,9014.334676092987,9014.334676092987
2026-08-27 16:30:00+00:00,9954.90528273901,9697.434833814676,9728.999837790474,10179.964958067349,9926.550896599361,9461.617586919716,9146.441087097448,9128.221676498477,9128.221676498477
2026-08-27 17:30:00+00:00,9965.397100131522,9707.926651207188,9739.491655182987,10190.456775459861,9937.042713991874,9472.109404312228,9156.93290448996,9138.71349389099,9138.71349389099
2026-08-27 18:30:00+00:00,10008.327335347889,9750.856886423555,9782.421890399353,10233.387010676228,9979.97294920824,9515.039639528595,9199.863139706327,9181.643729107356,9181.643729107356
2026-08-27 19:30:00+00:00,10010.485143826845,9753.014694902511,9784.57969887831,10235.544819155184,9982.130757687197,9517.197448007551,9202.020948185283,9183.801537586312,9183.801537586312
2026-08-27 20:00:00+00:00,10052.123353335657,9794.652904411323,9826.217908387121,10277.183028663996,10023.768967196009,9558.835657516363,9243.659157694095,9225.439747095124,9225.439747095124
2026-08-28 14:30:00+00:00,10170.978658559277,9913.508209634943,9945.073213610742,10396.038333887616,10142.624272419629,9677.690962739984,9362.514462917716,9344.295052318745,9344.295052318745
2026-08-28 15:30:00+00:00,10220.136925192935,9962.666476268601,9994.231480244398,10445.196600521274,10191.782539053285,9726.849229373642,9411.672729551374,9393.4533189524,9393.4533189524
2026-08-28 16:30:00+00:00,10286.31701596404,10028.846567039705,10060.411571015504,10511.376691292378,10257.962629824391,9793.029320144746,9477.852820322478,9459.633409723507,9459.633409723507
2026-08-28 17:30:00+00:00,10290.19156707926,10032.721118154926,10064.286122130725,10515.2512424076,10261.837180939612,9796.903871259967,9481.727371437699,9463.507960838728,9463.507960838728
2026-08-28 18:30:00+00:00,10272.030208006236,10014.559759081902,10046.124763057698,10497.089883334575,10243.675821866585,9778.742512186942,9463.566012364674,9445.346601765701,9445.346601765701
2026-08-28 19:30:00+00:00,10237.235056057854,9979.76460713352,10011.329611109319,10462.294731386193,10208.880669918206,9743.94736023856,9428.770860416293,9410.551449817322,9410.551449817322
2026-08-28 20:00:00+00:00,10219.97107069289,9962.500621768557,9994.065625744355,10445.03074602123,10191.616684553243,9726.683374873597,9411.50687505133,9393.287464452358,9393.287464452358
2026-08-31 14:30:00+00:00,10321.200116524296,10063.729667599962,10095.29467157576,10546.259791852635,10292.845730384648,9827.912420705003,9512.735920882735,9494.516510283764,9494.516510283764
2026-08-31 15:30:00+00:00,10232.457848071434,9974.9873991471,10006.552403122898,10457.517523399772,10204.103461931785,9739.17015225214,9423.993652429872,9405.7742418309,9405.7742418309
2026-08-31 16:30:00+00:00,10327.477642698115,10070.007193773781,10101.57219774958,10552.537318026454,10299.123256558467,9834.189946878822,9519.013447056554,9500.794036457582,9500.794036457582
2026-08-31 17:30:00+00:00,10278.672636482688,10021.202187558354,10052.767191534153,10503.732311811027,10250.31825034304,9785.384940663394,9470.208440841127,9451.989030242155,9451.989030242155
2026-08-31 18:30:00+00:00,10191.747061291528,9934.276612367194,9965.841616342992,10416.806736619867,10163.39267515188,9698.459365472234,9383.282865649966,9365.063455050995,9365.063455050995
2026-08-31 19:30:00+00:00,10210.5064636588,9953.036014734465,9984.601018710264,10435.566138987138,10182.152077519151,9717.218767839506,9402.042268017238,9383.822857418267,9383.822857418267
2026-08-31 20:00:00+00:00,10199.933772367254,9942.46332344292,9974.028327418719,10424.993447695593,10171.579386227606,9706.64607654796,9391.469576725693,9373.250166126722,9373.250166126722
2026-09-01 14:30:00+00:00,10281.645760582325,10024.175311657991,10055.74031563379,10506.705435910664,10253.291374442677,9788.358064763032,9473.181564940764,9454.962154341792,9454.962154341792
2026-09-01 15:30:00+00:00,10260.77879865032,10003.308349725987,10034.873353701785,10485.83847397866,10232.424412510672,9767.491102831027,9452.31460300876,9434.095192409788,9434.095192409788
2026-09-01 16:30:00+00:00,10266.247495982065,10008.77704705773,10040.342051033529,10491.307171310404,10237.893109842416,9772.959800162771,9457.783300340503,9439.563889741532,9439.563889741532
2026-09-01 17:30:00+00:00,10200.659492788644,9943.18904386431,9974.754047840108,10425.719168116982,10172.305106648995,9707.37179696935,9392.195297147082,9373.97588654811,9373.97588654811
2026-09-01 18:30:00+00:00,10252.291724808425,9994.821275884091,10026.38627985989,10477.351400136764,10223.937338668777,9759.004028989131,9443.827529166863,9425.608118567892,9425.608118567892
2026-09-01 19:30:00+00:00,10313.12604247307,10055.655593548736,10087.220597524534,10538.185717801409,10284.771656333422,9819.838346653776,9504.661846831508,9486.442436232537,9486.442436232537
2026-09-01 20:00:00+00:00,10305.522607736628,10048.052158812294,10079.617162788092,10530.582283064967,10277.168221596978,9812.234911917334,9497.058412095066,9478.839001496095,9478.839001496095
2026-09-02 14:30:00+00:00,10305.522607736628,10048.052158812294,10079.617162788092,10530.582283064967,10277.168221596978,9812.234911917334,9497.058412095066,9478.839001496095,9478.839001496095
2026-09-02 15:30:00+00:00,10305.522607736628,10048.052158812294,10079.617162788092,10530.582283064967,10277.168221596978,9812.234911917334,9497.058412095066,9478.839001496095,9478.839001496095
2026-09-02 16:30:00+00:00,10305.522607736628,10048.052158812294,10079.617162788092,10530.582283064967,10277.168221596978,9812.234911917334,9497.058412095066,9478.839001496095,9478.839001496095
2026-09-02 17:30:00+00:00,10305.522607736628,10048.052158812294,10079.617162788092,10530.582283064967,10277.168221596978,9812.234911917334,9497.058412095066,9478.839001496095,9478.839001496095
2026-09-02 18:30:00+00:00,10305.522607736628,10048.052158812294,10079.617162788092,10530.582283064967,10277.168221596978,9812.234911917334,9497.058412095066,9478.839001496095,9478.839001496095
2026-09-02 19:30:00+00:00,10305.522607736628,10048.052158812294,10079.617162788092,10530.582283064967,10277.168221596978,9812.234911917334,9497.058412095066,9478.839001496095,9478.839001496095
2026-09-02 20:00:00+00:00,10305.522607736628,10048.052158812294,10079.617162788092,10530.582283064967,10277.168221596978,9812.234911917334,9497.058412095066,9478.839001496095,9478.839001496095
2026-09-03 14:30:00+00:00,10305.522607736628,10048.052158812294,10079.617162788092,10530.582283064967,10277.168221596978,9812.234911917334,9497.058412095066,9478.839001496095,9478.839001496095
2026-09-03 15:30:00+00:00,10305.522607736628,10048.052158812294,10079.617162788092,10530.582283064967,10277.168221596978,9812.234911917334,9497.058412095066,9478.839001496095,9478.839001496095
2026-09-03 16:30:00+00:00,10287.715980663499,10048.052158812294,10079.617162788092,10530.582283064967,10277.168221596978,9812.234911917334,9497.058412095066,9478.839001496095,9478.839001496095
2026-09-03 17:30:00+00:00,10274.113060241818,10031.044925981752,10079.617162788092,10530.582283064967,10277.168221596978,9812.234911917334,9497.058412095066,9478.839001496095,9478.839001496095
2026-09-03 18:30:00+00:00,10270.283010525869,10027.565109301813,10079.617162788092,10530.582283064967,10277.168221596978,9812.234911917334,9497.058412095066,9478.839001496095,9478.839001496095
2026-09-03 19:30:00+00:00,10290.44892352287,10047.132826059436,10079.617162788092,10530.582283064967,10277.168221596978,9812.234911917334,9497.058412095066,9478.839001496095,9478.839001496095
2026-09-03 20:00:00+00:00,10257.168178845219,10015.058336337614,10079.617162788092,10530.582283064967,10277.168221596978,9812.234911917334,9497.058412095066,9478.839001496095,9478.839001496095
2026-09-04 14:30:00+00:00,10289.619304960454,10046.574868476117,10077.376109532217,10530.582283064967,10277.168221596978,9812.234911917334,9497.058412095066,9478.839001496095,9478.839001496095
2026-09-04 15:30:00+00:00,10291.918436385102,10048.747598608597,10079.467153196292,10530.582283064967,10277.168221596978,9812.234911917334,9497.058412095066,9478.839001496095,9478.839001496095
2026-09-04 16:30:00+00:00,10272.262688205165,10030.08842827555,10061.510527249085,10530.582283064967,10277.168221596978,9812.234911917334,9497.058412095066,9478.839001496095,9478.839001496095
2026-09-04 17:30:00+00:00,10261.966064761813,10020.45007400452,10052.218474284664,10530.582283064967,10277.168221596978,9812.234911917334,9497.058412095066,9478.839001496095,9478.839001496095
2026-09-04 18:30:00+00:00,10254.121388544769,10012.890520621164,10044.957465632278,10530.582283064967,10277.168221596978,9812.234911917334,9497.058412095066,9478.839001496095,9478.839001496095
2026-09-04 19:30:00+00:00,10265.22703568561,10023.831916291803,10055.43713618381,10530.582283064967,10277.168221596978,9812.234911917334,9497.058412095066,9478.839001496095,9478.839001496095
2026-09-04 20:00:00+00:00,10266.17776557268,10024.818342025963,10056.375562079826,10530.582283064967,10277.168221596978,9812.234911917334,9497.058412095066,9478.839001496095,9478.839001496095
2026-09-08 14:30:00+00:00,10357.678596636304,10114.633157616907,10142.395820771855,10530.582283064967,10277.168221596978,9812.234911917334,9497.058412095066,9478.839001496095,9478.839001496095
2026-09-08 15:30:00+00:00,10352.72247213516,10109.82466746029,10137.78126068621,10530.582283064967,10277.168221596978,9812.234911917334,9497.058412095066,9478.839001496095,9478.839001496095
2026-09-08 16:30:00+00:00,10352.72247213516,10109.82466746029,10137.78126068621,10530.582283064967,10277.168221596978,9812.234911917334,9497.058412095066,9478.839001496095,9478.839001496095
2026-09-08 17:30:00+00:00,10352.72247213516,10109.82466746029,10137.78126068621,10530.582283064967,10277.168221596978,9812.234911917334,9497.058412095066,9478.839001496095,9478.839001496095
2026-09-08 18:30:00+00:00,10352.72247213516,10109.82466746029,10137.78126068621,10530.582283064967,10277.168221596978,9812.234911917334,9497.058412095066,9478.839001496095,9478.839001496095
2026-09-08 19:30:00+00:00,10331.363108668444,10088.465303993575,10137.78126068621,10530.582283064967,10277.168221596978,9812.234911917334,9497.058412095066,9478.839001496095,9478.839001496095
2026-09-08 20:00:00+00:00,10365.994986570304,10123.097181895435,10169.989146808495,10530.582283064967,10277.168221596978,9812.234911917334,9497.058412095066,9478.839001496095,9478.839001496095
2026-09-09 14:30:00+00:00,10340.154195773712,10097.256391098843,10146.60534438931,10530.582283064967,10277.168221596978,9812.234911917334,9497.058412095066,9478.839001496095,9478.839001496095
2026-09-09 15:30:00+00:00,10431.792488001473,10188.894683326604,10237.500613104332,10530.582283064967,10277.168221596978,9812.234911917334,9497.058412095066,9478.839001496095,9478.839001496095
2026-09-09 16:30:00+00:00,10425.811484259497,10182.913679584628,10231.500624561508,10530.582283064967,10277.168221596978,9812.234911917334,9497.058412095066,9478.839001496095,9478.839001496095
2026-09-09 17:30:00+00:00,10402.203056088014,10182.913679584628,10231.500624561508,10530.582283064967,10277.168221596978,9812.234911917334,9497.058412095066,9478.839001496095,9478.839001496095
2026-09-09 18:30:00+00:00,10383.944500667414,10160.200103149951,10231.500624561508,10530.582283064967,10277.168221596978,9812.234911917334,9497.058412095066,9478.839001496095,9478.839001496095
2026-09-09 19:30:00+00:00,10406.02302773585,10182.585359382512,10250.017392918375,10549.099051421834,10277.168221596978,9812.234911917334,9497.058412095066,9478.839001496095,9478.839001496095
2026-09-09 20:00:00+00:00,10369.893707161033,10145.601830936559,10211.91462752618,10510.996286029638,10277.168221596978,9812.234911917334,9497.058412095066,9478.839001496095,9478.839001496095
2026-09-10 14:30:00+00:00,10361.604219346345,10136.061668833996,10201.140142639784,10500.221801143243,10277.168221596978,9812.234911917334,9497.058412095066,9478.839001496095,9478.839001496095
2026-09-10 15:30:00+00:00,10349.53759363948,10123.60434515179,10188.210259001968,10487.291917505427,10252.168688493763,9812.234911917334,9497.058412095066,9478.839001496095,9478.839001496095
2026-09-10 16:30:00+00:00,10381.991093744808,10156.014442715328,10220.871483843615,10519.953142347074,10287.414043083556,9812.234911917334,9497.058412095066,9478.839001496095,9478.839001496095
2026-09-10 17:30:00+00:00,10389.835970097747,10164.335696310392,10229.70698123069,10528.78863973415,10297.578548264015,9812.234911917334,9497.058412095066,9478.839001496095,9478.839001496095
2026-09-10 18:30:00+00:00,10394.86689219561,10169.17467163917,10234.412908538157,10533.494567041616,10302.41787177425,9812.234911917334,9497.058412095066,9478.839001496095,9478.839001496095
2026-09-10 19:30:00+00:00,10387.052088916853,10161.273904443715,10226.362547625564,10525.444206129023,10293.606701151368,9812.234911917334,9497.058412095066,9478.839001496095,9478.839001496095
2026-09-10 20:00:00+00:00,10376.239388973101,10150.16478039114,10214.880764098416,10513.962422601875,10280.815103972716,9812.234911917334,9497.058412095066,9478.839001496095,9478.839001496095
2026-09-11 14:30:00+00:00,10404.82532963833,10180.400337254254,10246.908251583074,10545.989910086533,10317.576572120643,9812.234911917334,9497.058412095066,9478.839001496095,9478.839001496095
2026-09-11 15:30:00+00:00,10395.080922874733,10170.464737958622,10236.707582603265,10535.789241106724,10306.305782473099,9812.234911917334,9497.058412095066,9478.839001496095,9478.839001496095
2026-09-11 16:30:00+00:00,10399.598393570779,10174.567539837413,10240.46586392324,10539.5475224267,10309.833328483426,9812.234911917334,9497.058412095066,9478.839001496095,9478.839001496095
2026-09-11 17:30:00+00:00,10386.510973514585,10161.503828836547,10227.306539853278,10526.388198356737,10295.642361059943,9812.234911917334,9497.058412095066,9478.839001496095,9478.839001496095
2026-09-11 18:30:00+00:00,10368.014102185618,10142.523978954589,10207.711280790561,10506.79293929402,10273.84167217453,9812.234911917334,9497.058412095066,9478.839001496095,9478.839001496095
2026-09-11 19:30:00+00:00,10363.62299823156,10137.991271186806,10203.007398411035,10502.089056914494,10268.576031858458,9812.234911917334,9497.058412095066,9478.839001496095,9478.839001496095
2026-09-11 20:00:00+00:00,10363.283716596126,10137.76209139554,10202.87752803137,10501.959186534828,10268.578249442411,9812.234911917334,9497.058412095066,9478.839001496095,9478.839001496095
2026-09-14 14:30:00+00:00,10390.296529375675,10164.828430686206,10230.246991651724,10529.328650155183,10298.286773746953,9812.234911917334,9497.058412095066,9478.839001496095,9478.839001496095
2026-09-14 15:30:00+00:00,10393.01051840496,10167.484475390876,10232.873205064781,10531.95486356824,10301.051666916472,9812.234911917334,9497.058412095066,9478.839001496095,9478.839001496095
2026-09-14 16:30:00+00:00,10409.514171108822,10184.311782578714,10250.148797468273,10549.230455971732,10320.142461574043,9812.234911917334,9497.058412095066,9478.839001496095,9478.839001496095
2026-09-14 17:30:00+00:00,10462.330518909152,10238.118321168658,10305.350319178437,10604.431977681896,10381.083203909173,9812.234911917334,9497.058412095066,9478.839001496095,9478.839001496095
2026-09-14 18:30:00+00:00,10458.646592562827,10234.405303790783,10301.577141127356,10600.658799630815,10376.967620519545,9812.234911917334,9497.058412095066,9478.839001496095,9478.839001496095
2026-09-14 19:30:00+00:00,10458.646592562827,10234.405303790783,10301.577141127356,10600.658799630815,10376.967620519545,9812.234911917334,9497.058412095066,9478.839001496095,9478.839001496095
2026-09-14 20:00:00+00:00,10458.646592562827,10234.405303790783,10301.577141127356,10600.658799630815,10376.967620519545,9812.234911917334,9497.058412095066,9478.839001496095,9478.839001496095
2026-09-15 14:30:00+00:00,10458.646592562827,10234.405303790783,10301.577141127356,10600.658799630815,10376.967620519545,9812.234911917334,9497.058412095066,9478.839001496095,9478.839001496095
2026-09-15 15:30:00+00:00,10442.636851335354,10218.39556256331,10301.577141127356,10600.658799630815,10376.967620519545,9812.234911917334,9497.058412095066,9478.839001496095,9478.839001496095
2026-09-15 16:30:00+00:00,10455.643148116855,10231.40185934481,10309.75325600343,10600.658799630815,10376.967620519545,9812.234911917334,9497.058412095066,9478.839001496095,9478.839001496095
2026-09-15 17:30:00+00:00,10457.260313927683,10233.01902515564,10311.396892121253,10600.658799630815,10376.967620519545,9812.234911917334,9497.058412095066,9478.839001496095,9478.839001496095
2026-09-15 18:30:00+00:00,10466.469353163375,10242.228064391331,10320.867664461719,10600.658799630815,10376.967620519545,9812.234911917334,9497.058412095066,9478.839001496095,9478.839001496095
2026-09-15 19:30:00+00:00,10482.476990598478,10258.235701826434,10337.12557964647,10600.658799630815,10376.967620519545,9812.234911917334,9497.058412095066,9478.839001496095,9478.839001496095
2026-09-15 20:00:00+00:00,10467.299729075472,10243.058440303428,10321.668269584356,10600.658799630815,10376.967620519545,9812.234911917334,9497.058412095066,9478.839001496095,9478.839001496095
2026-09-16 14:30:00+00:00,10499.647272344582,10275.405983572538,10355.698709007811,10600.658799630815,10376.967620519545,9812.234911917334,9497.058412095066,9478.839001496095,9478.839001496095
2026-09-16 15:30:00+00:00,10534.73714103578,10310.495852263735,10391.177828857877,10600.658799630815,10376.967620519545,9812.234911917334,9497.058412095066,9478.839001496095,9478.839001496095
2026-09-16 16:30:00+00:00,10511.936465222845,10287.695176450801,10368.353662363641,10600.658799630815,10376.967620519545,9812.234911917334,9497.058412095066,9478.839001496095,9478.839001496095
2026-09-16 17:30:00+00:00,10506.46050264779,10282.219213875745,10362.63093291901,10600.658799630815,10376.967620519545,9812.234911917334,9497.058412095066,9478.839001496095,9478.839001496095
2026-09-16 18:30:00+00:00,10455.530209238152,10231.288920466108,10311.968830222826,10600.658799630815,10376.967620519545,9812.234911917334,9497.058412095066,9478.839001496095,9478.839001496095
2026-09-16 19:30:00+00:00,10446.84021604226,10222.598927270215,10302.69665995662,10600.658799630815,10376.967620519545,9812.234911917334,9497.058412095066,9478.839001496095,9478.839001496095
2026-09-16 20:00:00+00:00,10422.767090100435,10198.525801328391,10278.292112892861,10600.658799630815,10376.967620519545,9812.234911917334,9497.058412095066,9478.839001496095,9478.839001496095
2026-09-17 14:30:00+00:00,10534.149665116878,10309.908376344834,10392.641962751495,10600.658799630815,10376.967620519545,9812.234911917334,9497.058412095066,9478.839001496095,9478.839001496095
2026-09-17 15:30:00+00:00,10550.85546046163,10326.614171689585,10409.569278346882,10600.658799630815,10376.967620519545,9812.234911917334,9497.058412095066,9478.839001496095,9478.839001496095
2026-09-17 16:30:00+00:00,10589.355631364066,10365.114342592022,10448.919902262212,10600.658799630815,10376.967620519545,9812.234911917334,9497.058412095066,9478.839001496095,9478.839001496095
2026-09-17 17:30:00+00:00,10584.13186999379,10359.890581221745,10443.659021482494,10600.658799630815,10376.967620519545,9812.234911917334,9497.058412095066,9478.839001496095,9478.839001496095
2026-09-17 18:30:00+00:00,10584.13186999379,10359.890581221745,10443.659021482494,10600.658799630815,10376.967620519545,9812.234911917334,9497.058412095066,9478.839001496095,9478.839001496095
2026-09-17 19:30:00+00:00,10584.13186999379,10359.890581221745,10443.659021482494,10600.658799630815,10376.967620519545,9812.234911917334,9497.058412095066,9478.839001496095,9478.839001496095
2026-09-17 20:00:00+00:00,10584.13186999379,10359.890581221745,10443.659021482494,10600.658799630815,10376.967620519545,9812.234911917334,9497.058412095066,9478.839001496095,9478.839001496095
2026-09-18 14:30:00+00:00,10584.13186999379,10359.890581221745,10443.659021482494,10600.658799630815,10376.967620519545,9812.234911917334,9497.058412095066,9478.839001496095,9478.839001496095
2026-09-18 15:30:00+00:00,10562.839499288171,10338.598210516127,10422.366650776878,10579.3664289252,10376.967620519545,9812.234911917334,9497.058412095066,9478.839001496095,9478.839001496095
2026-09-18 16:30:00+00:00,10543.753836900592,10319.512548128549,10403.280988389299,10560.28076653762,10354.210434203418,9812.234911917334,9497.058412095066,9478.839001496095,9478.839001496095
2026-09-18 17:30:00+00:00,10602.198396309193,10377.95710753715,10461.7255477979,10618.725325946221,10410.59628714978,9812.234911917334,9497.058412095066,9478.839001496095,9478.839001496095
2026-09-18 18:30:00+00:00,10568.87637724191,10344.635088469866,10428.403528730616,10585.403306878938,10378.346047739415,9812.234911917334,9497.058412095066,9478.839001496095,9478.839001496095
2026-09-18 19:30:00+00:00,10553.141643802339,10328.900355030295,10412.668795291045,10569.668573439367,10363.392875262487,9812.234911917334,9497.058412095066,9478.839001496095,9478.839001496095
2026-09-18 20:00:00+00:00,10555.664770901181,10331.423482129137,10415.191922389888,10572.19170053821,10365.730291390299,9812.234911917334,9497.058412095066,9478.839001496095,9478.839001496095
2026-09-21 14:30:00+00:00,10564.337241207077,10340.095952435033,10423.864392695783,10580.864170844105,10374.749026474781,9812.234911917334,9497.058412095066,9478.839001496095,9478.839001496095
2026-09-21 15:30:00+00:00,10568.336677639525,10344.095388867481,10427.863829128231,10584.863607276553,10378.357146387576,9812.234911917334,9497.058412095066,9478.839001496095,9478.839001496095
2026-09-21 16:30:00+00:00,10592.008982095856,10367.767693323813,10451.536133584563,10608.535911732884,10401.36605395208,9812.234911917334,9497.058412095066,9478.839001496095,9478.839001496095
2026-09-21 17:30:00+00:00,10587.89689104907,10363.655602277026,10447.424042537776,10604.423820686097,10397.14699447886,9812.234911917334,9497.058412095066,9478.839001496095,9478.839001496095
2026-09-21 18:30:00+00:00,10605.905558787083,10381.664270015039,10465.432710275789,10622.43248842411,10414.751945443722,9812.234911917334,9497.058412095066,9478.839001496095,9478.839001496095
2026-09-21 19:30:00+00:00,10607.915788481063,10383.674499709019,10467.44293996977,10624.44271811809,10416.534380351057,9812.234911917334,9497.058412095066,9478.839001496095,9478.839001496095
2026-09-21 20:00:00+00:00,10610.318185027285,10386.076896255241,10469.845336515991,10626.845114664313,10418.812679203129,9812.234911917334,9497.058412095066,9478.839001496095,9478.839001496095
2026-09-22 14:30:00+00:00,10591.064429440172,10366.823140668128,10450.591580928878,10607.5913590772,10400.69571203486,9812.234911917334,9497.058412095066,9478.839001496095,9478.839001496095
2026-09-22 15:30:00+00:00,10560.12715786863,10335.885869096586,10419.654309357336,10576.654087505658,10370.907553645566,9812.234911917334,9497.058412095066,9478.839001496095,9478.839001496095
2026-09-22 16:30:00+00:00,10577.251155895161,10353.009867123117,10436.778307383867,10593.778085532189,10387.744342520944,9812.234911917334,9497.058412095066,9478.839001496095,9478.839001496095
2026-09-22 17:30:00+00:00,10559.931156405062,10335.689867633018,10419.458307893769,10576.45808604209,10370.93686141139,9812.234911917334,9497.058412095066,9478.839001496095,9478.839001496095
2026-09-22 18:30:00+00:00,10593.575400072014,10369.33411129997,10453.10255156072,10610.102329709041,10403.289528643956,9812.234911917334,9497.058412095066,9478.839001496095,9478.839001496095
2026-09-22 19:30:00+00:00,10576.244711687488,10352.003422915444,10435.771863176195,10592.771641324516,10386.428433958301,9812.234911917334,9497.058412095066,9478.839001496095,9478.839001496095
2026-09-22 20:00:00+00:00,10543.235192299222,10318.993903527178,10402.762343787928,10559.76212193625,10354.282544069994,9812.234911917334,9497.058412095066,9478.839001496095,9478.839001496095
2026-09-23 14:30:00+00:00,10598.273883664173,10374.032594892129,10457.80103515288,10614.8008133012,10408.365687724168,9812.234911917334,9497.058412095066,9478.839001496095,9478.839001496095
2026-09-23 15:30:00+00:00,10608.809761167044,10384.568472395,10468.33691265575,10625.336690804072,10418.877279851087,9812.234911917334,9497.058412095066,9478.839001496095,9478.839001496095
2026-09-23 16:30:00+00:00,10618.202109035816,10393.960820263772,10477.729260524522,10634.729038672844,10427.694148105355,9812.234911917334,9497.058412095066,9478.839001496095,9478.839001496095
2026-09-23 17:30:00+00:00,10593.533437212007,10369.292148439963,10453.060588700713,10610.060366849035,10403.270518892692,9812.234911917334,9497.058412095066,9478.839001496095,9478.839001496095
2026-09-23 18:30:00+00:00,10594.228017423744,10369.9867286517,10453.75516891245,10610.754947060772,10403.950667714158,9812.234911917334,9497.058412095066,9478.839001496095,9478.839001496095
2026-09-23 19:30:00+00:00,10584.29584918315,10360.054560411107,10443.823000671857,10600.822778820178,10394.328915260601,9812.234911917334,9497.058412095066,9478.839001496095,9478.839001496095
2026-09-23 20:00:00+00:00,10574.518189537097,10350.276900765053,10434.045341025803,10591.045119174125,10384.762444740547,9812.234911917334,9497.058412095066,9478.839001496095,9478.839001496095
2026-09-24 14:30:00+00:00,10569.702909280382,10345.461620508338,10429.230060769089,10586.22983891741,10380.28137961737,9812.234911917334,9497.058412095066,9478.839001496095,9478.839001496095
2026-09-24 15:30:00+00:00,10616.991881383678,10392.750592611634,10476.519032872384,10633.518811020705,10426.024330331798,9812.234911917334,9497.058412095066,9478.839001496095,9478.839001496095
2026-09-24 16:30:00+00:00,10550.224461892813,10325.983173120769,10409.751613381519,10566.75139152984,10361.439900059646,9812.234911917334,9497.058412095066,9478.839001496095,9478.839001496095
2026-09-24 17:30:00+00:00,10486.79978369757,10262.558494925526,10346.326935186276,10503.326713334598,10300.082805266688,9812.234911917334,9497.058412095066,9478.839001496095,9478.839001496095
2026-09-24 18:30:00+00:00,10498.842450794922,10274.601162022878,10358.369602283628,10515.36938043195,10311.937118470501,9812.234911917334,9497.058412095066,9478.839001496095,9478.839001496095
2026-09-24 19:30:00+00:00,10516.155407600465,10291.914118828421,10375.682559089171,10532.682337237493,10328.74383216269,9812.234911917334,9497.058412095066,9478.839001496095,9478.839001496095
2026-09-24 20:00:00+00:00,10477.20325339376,10252.961964621716,10336.730404882466,10493.730183030788,10290.744816697978,9812.234911917334,9497.058412095066,9478.839001496095,9478.839001496095
2026-09-25 14:30:00+00:00,10488.217788920289,10263.976500148245,10347.744940408995,10504.744718557316,10301.755870840863,9812.234911917334,9497.058412095066,9478.839001496095,9478.839001496095
2026-09-25 15:30:00+00:00,10501.406754257832,10277.165465485788,10360.933905746539,10517.93368389486,10314.272246489945,9812.234911917334,9497.058412095066,9478.839001496095,9478.839001496095
2026-09-25 16:30:00+00:00,10498.695324558454,10274.45403578641,10358.22247604716,10515.222254195482,10311.541891353445,9812.234911917334,9497.058412095066,9478.839001496095,9478.839001496095
2026-09-25 17:30:00+00:00,10519.09405182267,10294.852763050627,10378.621203311377,10535.620981459699,10331.047884197576,9812.234911917334,9497.058412095066,9478.839001496095,9478.839001496095
2026-09-25 18:30:00+00:00,10493.311765232593,10269.070476460549,10352.838916721299,10509.83869486962,10306.245582470614,9812.234911917334,9497.058412095066,9478.839001496095,9478.839001496095
2026-09-25 19:30:00+00:00,10475.836224202912,10251.594935430869,10335.363375691619,10492.36315383994,10289.413508501291,9812.234911917334,9497.058412095066,9478.839001496095,9478.839001496095
2026-09-25 20:00:00+00:00,10454.668662453518,10230.427373681474,10314.195813942224,10471.195592090546,10268.659790800139,9812.234911917334,9497.058412095066,9478.839001496095,9478.839001496095
2026-09-28 14:30:00+00:00,10565.33252728071,10341.091238508667,10424.859678769417,10581.859456917738,10376.327576815513,9812.234911917334,9497.058412095066,9478.839001496095,9478.839001496095
2026-09-28 15:30:00+00:00,10592.52069550537,10368.279406733327,10452.047846994077,10609.047625142399,10402.364712053904,9812.234911917334,9497.058412095066,9478.839001496095,9478.839001496095
2026-09-28 16:30:00+00:00,10599.912060101522,10375.670771329478,10459.439211590228,10616.43898973855,10409.639050901564,9812.234911917334,9497.058412095066,9478.839001496095,9478.839001496095
2026-09-28 17:30:00+00:00,10598.458700570065,10374.217411798021,10457.985852058771,10614.985630207093,10408.036101077956,9812.234911917334,9497.058412095066,9478.839001496095,9478.839001496095
2026-09-28 18:30:00+00:00,10594.263124060619,10370.021835288575,10453.790275549325,10610.790053697647,10403.95116922117,9812.234911917334,9497.058412095066,9478.839001496095,9478.839001496095
2026-09-28 19:30:00+00:00,10656.251220929036,10432.009932156992,10515.778372417743,10672.778150566064,10463.529595854183,9812.234911917334,9497.058412095066,9478.839001496095,9478.839001496095
2026-09-28 20:00:00+00:00,10650.282750469625,10426.041461697581,10509.809901958331,10666.809680106653,10457.697840425491,9812.234911917334,9497.058412095066,9478.839001496095,9478.839001496095
2026-09-29 14:30:00+00:00,10650.282750469625,10426.041461697581,10509.809901958331,10666.809680106653,10457.697840425491,9812.234911917334,9497.058412095066,9478.839001496095,9478.839001496095
2026-09-29 15:30:00+00:00,10650.282750469625,10426.041461697581,10509.809901958331,10666.809680106653,10457.697840425491,9812.234911917334,9497.058412095066,9478.839001496095,9478.839001496095
2026-09-29 16:30:00+00:00,10650.282750469625,10426.041461697581,10509.809901958331,10666.809680106653,10457.697840425491,9812.234911917334,9497.058412095066,9478.839001496095,9478.839001496095
2026-09-29 17:30:00+00:00,10650.282750469625,10426.041461697581,10509.809901958331,10666.809680106653,10457.697840425491,9812.234911917334,9497.058412095066,9478.839001496095,9478.839001496095
2026-09-29 18:30:00+00:00,10650.282750469625,10426.041461697581,10509.809901958331,10666.809680106653,10457.697840425491,9812.234911917334,9497.058412095066,9478.839001496095,9478.839001496095
2026-09-29 19:30:00+00:00,10650.282750469625,10426.041461697581,10509.809901958331,10666.809680106653,10457.697840425491,9812.234911917334,9497.058412095066,9478.839001496095,9478.839001496095
2026-09-29 20:00:00+00:00,10650.282750469625,10426.041461697581,10509.809901958331,10666.809680106653,10457.697840425491,9812.234911917334,9497.058412095066,9478.839001496095,9478.839001496095
2026-09-30 14:30:00+00:00,10650.282750469625,10426.041461697581,10509.809901958331,10666.809680106653,10457.697840425491,9812.234911917334,9497.058412095066,9478.839001496095,9478.839001496095
2026-09-30 15:30:00+00:00,10650.282750469625,10426.041461697581,10509.809901958331,10666.809680106653,10457.697840425491,9812.234911917334,9497.058412095066,9478.839001496095,9478.839001496095
2026-09-30 16:30:00+00:00,10650.282750469625,10426.041461697581,10509.809901958331,10666.809680106653,10457.697840425491,9812.234911917334,9497.058412095066,9478.839001496095,9478.839001496095
2026-09-30 17:30:00+00:00,10650.282750469625,10426.041461697581,10509.809901958331,10666.809680106653,10457.697840425491,9812.234911917334,9497.058412095066,9478.839001496095,9478.839001496095
2026-09-30 18:30:00+00:00,10650.282750469625,10426.041461697581,10509.809901958331,10666.809680106653,10457.697840425491,9812.234911917334,9497.058412095066,9478.839001496095,9478.839001496095
2026-09-30 19:30:00+00:00,10650.282750469625,10426.041461697581,10509.809901958331,10666.809680106653,10457.697840425491,9812.234911917334,9497.058412095066,9478.839001496095,9478.839001496095
2026-09-30 20:00:00+00:00,10650.282750469625,10426.041461697581,10509.809901958331,10666.809680106653,10457.697840425491,9812.234911917334,9497.058412095066,9478.839001496095,9478.839001496095
2026-10-01 14:30:00+00:00,10650.282750469625,10426.041461697581,10509.809901958331,10666.809680106653,10457.697840425491,9812.234911917334,9497.058412095066,9478.839001496095,9478.839001496095
2026-10-01 15:30:00+00:00,10661.277044077047,10437.035755305003,10509.809901958331,10666.809680106653,10457.697840425491,9812.234911917334,9497.058412095066,9478.839001496095,9478.839001496095
2026-10-01 16:30:00+00:00,10658.895298012358,10434.654009240314,10509.809901958331,10666.809680106653,10457.697840425491,9812.234911917334,9497.058412095066,9478.839001496095,9478.839001496095
2026-10-01 17:30:00+00:00,10721.70798820329,10497.466699431247,10509.809901958331,10666.809680106653,10457.697840425491,9812.234911917334,9497.058412095066,9478.839001496095,9478.839001496095
2026-10-01 18:30:00+00:00,10717.621487374898,10493.380198602854,10509.809901958331,10666.809680106653,10457.697840425491,9812.234911917334,9497.058412095066,9478.839001496095,9478.839001496095
2026-10-01 19:30:00+00:00,10717.621487374898,10493.380198602854,10509.809901958331,10666.809680106653,10457.697840425491,9812.234911917334,9497.058412095066,9478.839001496095,9478.839001496095
2026-10-01 20:00:00+00:00,10717.621487374898,10493.380198602854,10509.809901958331,10666.809680106653,10457.697840425491,9812.234911917334,9497.058412095066,9478.839001496095,9478.839001496095
2026-10-02 14:30:00+00:00,10728.637350933815,10504.396062161772,10520.82576551725,10677.82554366557,10457.697840425491,9812.234911917334,9497.058412095066,9478.839001496095,9478.839001496095
2026-10-02 15:30:00+00:00,10725.17776785111,10500.936479079066,10517.366182434544,10674.365960582865,10457.697840425491,9812.234911917334,9497.058412095066,9478.839001496095,9478.839001496095
2026-10-02 16:30:00+00:00,10730.422037813529,10506.180749041485,10522.610452396963,10679.610230545284,10457.697840425491,9812.234911917334,9497.058412095066,9478.839001496095,9478.839001496095
2026-10-02 17:30:00+00:00,10708.99230567987,10484.751016907827,10501.180720263304,10658.180498411626,10457.697840425491,9812.234911917334,9497.058412095066,9478.839001496095,9478.839001496095
2026-10-02 18:30:00+00:00,10721.349805245416,10497.108516473372,10513.53821982885,10670.537997977171,10457.697840425491,9812.234911917334,9497.058412095066,9478.839001496095,9478.839001496095
2026-10-02 19:30:00+00:00,10726.859881471273,10502.61859269923,10519.048296054707,10676.048074203029,10457.697840425491,9812.234911917334,9497.058412095066,9478.839001496095,9478.839001496095
2026-10-02 20:00:00+00:00,10733.602654283803,10509.361365511759,10525.791068867236,10682.790847015558,10457.697840425491,9812.234911917334,9497.058412095066,9478.839001496095,9478.839001496095
2026-10-05 14:30:00+00:00,10689.556406723183,10465.315117951139,10481.744821306616,10638.744599454938,10457.697840425491,9812.234911917334,9497.058412095066,9478.839001496095,9478.839001496095
2026-10-05 15:30:00+00:00,10691.27655256268,10467.035263790636,10483.464967146114,10640.464745294435,10457.697840425491,9812.234911917334,9497.058412095066,9478.839001496095,9478.839001496095
2026-10-05 16:30:00+00:00,10697.860612980776,10473.619324208732,10490.04902756421,10647.048805712531,10457.697840425491,9812.234911917334,9497.058412095066,9478.839001496095,9478.839001496095
2026-10-05 17:30:00+00:00,10703.216130703222,10478.974841931178,10495.404545286656,10652.404323434977,10457.697840425491,9812.234911917334,9497.058412095066,9478.839001496095,9478.839001496095
2026-10-05 18:30:00+00:00,10712.291586518579,10488.050297746535,10504.480001102012,10661.479779250334,10457.697840425491,9812.234911917334,9497.058412095066,9478.839001496095,9478.839001496095
2026-10-05 19:30:00+00:00,10726.97077218075,10502.729483408706,10519.159186764184,10676.158964912505,10457.697840425491,9812.234911917334,9497.058412095066,9478.839001496095,9478.839001496095
2026-10-05 20:00:00+00:00,10735.828887848606,10511.587599076562,10528.01730243204,10685.017080580361,10457.697840425491,9812.234911917334,9497.058412095066,9478.839001496095,9478.839001496095
2026-10-06 14:30:00+00:00,10700.94284394443,10476.701555172385,10493.131258527863,10650.131036676185,10457.697840425491,9812.234911917334,9497.058412095066,9478.839001496095,9478.839001496095
2026-10-06 15:30:00+00:00,10700.94284394443,10476.701555172385,10493.131258527863,10650.131036676185,10457.697840425491,9812.234911917334,9497.058412095066,9478.839001496095,9478.839001496095
2026-10-06 16:30:00+00:00,10700.94284394443,10476.701555172385,10493.131258527863,10650.131036676185,10457.697840425491,9812.234911917334,9497.058412095066,9478.839001496095,9478.839001496095
2026-10-06 17:30:00+00:00,10700.94284394443,10476.701555172385,10493.131258527863,10650.131036676185,10457.697840425491,9812.234911917334,9497.058412095066,9478.839001496095,9478.839001496095
2026-10-06 18:30:00+00:00,10700.94284394443,10476.701555172385,10493.131258527863,10650.131036676185,10457.697840425491,9812.234911917334,9497.058412095066,9478.839001496095,9478.839001496095
2026-10-06 19:30:00+00:00,10700.94284394443,10476.701555172385,10493.131258527863,10650.131036676185,10457.697840425491,9812.234911917334,9497.058412095066,9478.839001496095,9478.839001496095
2026-10-06 20:00:00+00:00,10700.94284394443,10476.701555172385,10493.131258527863,10650.131036676185,10457.697840425491,9812.234911917334,9497.058412095066,9478.839001496095,9478.839001496095
